2004  10   1   1.000  0.329300E+03  0.370619E+03  0.000000E+00  0.000000E+00  0.284494E+03  0.284771E+03  0.743470E+00  0.174007E+00
2004  10   1   2.000  0.333900E+03  0.370746E+03  0.000000E+00  0.000000E+00  0.284602E+03  0.284771E+03  0.722784E+00  0.177136E+00
2004  10   1   3.000  0.335100E+03  0.370380E+03  0.000000E+00  0.000000E+00  0.285030E+03  0.284691E+03  0.626692E+00  0.124372E+00
2004  10   1   4.000  0.344100E+03  0.369537E+03  0.000000E+00  0.000000E+00  0.284862E+03  0.284506E+03  0.484494E+00  0.500194E-01
2004  10   1   5.000  0.339200E+03  0.368482E+03  0.000000E+00  0.000000E+00  0.284231E+03  0.284433E+03  0.653740E+00  0.122653E+00
2004  10   1   6.000  0.359700E+03  0.369833E+03  0.000000E+00  0.000000E+00  0.284402E+03  0.284512E+03  0.467695E+00  0.117111E+00
2004  10   1   7.000  0.351300E+03  0.371021E+03  0.130000E+02  0.551898E+00  0.284321E+03  0.284654E+03  0.523972E+00  0.160901E+00
2004  10   1   8.000  0.342200E+03  0.374912E+03  0.940000E+02  0.399065E+01  0.285885E+03  0.285307E+03  0.360076E+00  0.948767E-01
2004  10   1   9.000  0.347200E+03  0.379902E+03  0.155600E+03  0.660579E+01  0.286758E+03  0.285973E+03  0.509472E+00  0.132409E+00
2004  10   1  10.000  0.349000E+03  0.387581E+03  0.315500E+03  0.133941E+02  0.288655E+03  0.287014E+03  0.799709E+00  0.202700E+00
2004  10   1  11.000  0.336500E+03  0.387279E+03  0.238000E+03  0.101040E+02  0.287633E+03  0.287027E+03  0.629593E+00  0.158365E+00
2004  10   1  12.000  0.338400E+03  0.389960E+03  0.286000E+03  0.121418E+02  0.289632E+03  0.287424E+03  0.493893E+00  0.147281E+00
2004  10   1  13.000  0.332800E+03  0.388080E+03  0.236500E+03  0.100403E+02  0.287372E+03  0.287277E+03  0.104399E+01  0.224190E+00
2004  10   1  14.000  0.351900E+03  0.386693E+03  0.205700E+03  0.873272E+01  0.287243E+03  0.287012E+03  0.171612E+01  0.350695E+00
2004  10   1  15.000  0.352100E+03  0.384752E+03  0.135400E+03  0.574823E+01  0.287001E+03  0.286759E+03  0.853620E+00  0.189310E+00
2004  10   1  16.000  0.358400E+03  0.383286E+03  0.770000E+02  0.326893E+01  0.286721E+03  0.286616E+03  0.767890E+00  0.163926E+00
2004  10   1  17.000  0.354300E+03  0.379978E+03  0.194000E+02  0.823602E+00  0.286168E+03  0.286184E+03  0.201773E+00  0.491870E-01
2004  10   1  18.000  0.347500E+03  0.375461E+03  0.000000E+00  0.000000E+00  0.285267E+03  0.285498E+03  0.260034E+00  0.914883E-01
2004  10   1  19.000  0.332300E+03  0.370750E+03  0.000000E+00  0.000000E+00  0.284385E+03  0.284843E+03  0.372567E+00  0.105571E+00
2004  10   1  20.000  0.347500E+03  0.369552E+03  0.000000E+00  0.000000E+00  0.284635E+03  0.284781E+03  0.384581E+00  0.519444E-01
2004  10   1  21.000  0.349200E+03  0.368883E+03  0.000000E+00  0.000000E+00  0.284639E+03  0.284705E+03  0.274550E+00  0.672690E-01
2004  10   1  22.000  0.325800E+03  0.366273E+03  0.000000E+00  0.000000E+00  0.284182E+03  0.284465E+03  0.586099E+00  0.114989E+00
2004  10   1  23.000  0.311000E+03  0.365166E+03  0.000000E+00  0.000000E+00  0.283734E+03  0.284303E+03  0.765084E+00  0.187133E+00
2004  10   2   0.000  0.297300E+03  0.365298E+03  0.000000E+00  0.000000E+00  0.283795E+03  0.284359E+03  0.899461E+00  0.215282E+00
2004  10   2   1.000  0.328900E+03  0.368444E+03  0.000000E+00  0.000000E+00  0.284474E+03  0.284609E+03  0.745210E+00  0.207042E+00
2004  10   2   2.000  0.346800E+03  0.369838E+03  0.000000E+00  0.000000E+00  0.284557E+03  0.284666E+03  0.604787E+00  0.139202E+00
2004  10   2   3.000  0.339200E+03  0.368347E+03  0.000000E+00  0.000000E+00  0.284339E+03  0.284454E+03  0.647858E+00  0.980803E-01
2004  10   2   4.000  0.327600E+03  0.368099E+03  0.000000E+00  0.000000E+00  0.284068E+03  0.284488E+03  0.762334E+00  0.181432E+00
2004  10   2   5.000  0.322100E+03  0.369205E+03  0.000000E+00  0.000000E+00  0.283498E+03  0.284592E+03  0.863334E+00  0.280767E+00
2004  10   2   6.000  0.316300E+03  0.368665E+03  0.700000E+00  0.297176E-01  0.283302E+03  0.284498E+03  0.104267E+01  0.386848E+00
2004  10   2   7.000  0.324600E+03  0.369745E+03  0.339000E+02  0.143918E+01  0.284189E+03  0.284651E+03  0.567988E+00  0.134917E+00
2004  10   2   8.000  0.298600E+03  0.370758E+03  0.862000E+02  0.365951E+01  0.285346E+03  0.284970E+03  0.343679E+00  0.686202E-01
2004  10   2   9.000  0.313100E+03  0.379636E+03  0.256900E+03  0.109064E+02  0.288460E+03  0.286069E+03  0.383677E+00  0.123213E+00
2004  10   2  10.000  0.330300E+03  0.388939E+03  0.504700E+03  0.214264E+02  0.290328E+03  0.286851E+03  0.668638E+00  0.195056E+00
2004  10   2  11.000  0.338600E+03  0.386353E+03  0.276800E+03  0.117512E+02  0.286483E+03  0.286740E+03  0.117274E+01  0.248072E+00
2004  10   2  12.000  0.352400E+03  0.382593E+03  0.232300E+03  0.986199E+01  0.286783E+03  0.286004E+03  0.102368E+01  0.237072E+00
2004  10   2  13.000  0.363000E+03  0.380339E+03  0.177600E+03  0.753978E+01  0.286409E+03  0.285614E+03  0.664682E+00  0.169819E+00
2004  10   2  14.000  0.364400E+03  0.376411E+03  0.961000E+02  0.407980E+01  0.285379E+03  0.285098E+03  0.649933E+00  0.156825E+00
2004  10   2  15.000  0.346400E+03  0.377815E+03  0.183700E+03  0.779874E+01  0.287307E+03  0.285440E+03  0.448412E+00  0.134499E+00
2004  10   2  16.000  0.364900E+03  0.375014E+03  0.143000E+02  0.607088E+00  0.285022E+03  0.285072E+03  0.148059E+00  0.384716E-01
2004  10   2  17.000  0.361400E+03  0.373156E+03  0.500000E+01  0.212268E+00  0.285031E+03  0.284947E+03  0.410311E+00  0.927758E-01
2004  10   2  18.000  0.362200E+03  0.371579E+03  0.000000E+00  0.000000E+00  0.284810E+03  0.284655E+03  0.220091E+00  0.591662E-01
2004  10   2  19.000  0.359900E+03  0.368343E+03  0.000000E+00  0.000000E+00  0.284083E+03  0.283986E+03  0.270021E+00  0.731121E-01
2004  10   2  20.000  0.361400E+03  0.366748E+03  0.000000E+00  0.000000E+00  0.284089E+03  0.283795E+03  0.107569E+00  0.288542E-01
2004  10   2  21.000  0.363600E+03  0.364636E+03  0.000000E+00  0.000000E+00  0.283408E+03  0.283276E+03  0.316042E+00  0.863693E-01
2004  10   2  22.000  0.361300E+03  0.363427E+03  0.000000E+00  0.000000E+00  0.283533E+03  0.283233E+03  0.109975E+00  0.289392E-01
2004  10   2  23.000  0.347600E+03  0.360957E+03  0.000000E+00  0.000000E+00  0.283027E+03  0.282723E+03  0.102617E+00  0.358581E-01
2004  10   3   0.000  0.351200E+03  0.360550E+03  0.000000E+00  0.000000E+00  0.283083E+03  0.282690E+03  0.103764E+00  0.368503E-01
2004  10   3   1.000  0.320500E+03  0.357341E+03  0.000000E+00  0.000000E+00  0.282154E+03  0.282657E+03  0.391163E+00  0.998729E-01
2004  10   3   2.000  0.335600E+03  0.356745E+03  0.000000E+00  0.000000E+00  0.282525E+03  0.282624E+03  0.371340E-01  0.136739E-01
2004  10   3   3.000  0.353900E+03  0.359730E+03  0.000000E+00  0.000000E+00  0.283217E+03  0.282895E+03  0.310736E+00  0.753248E-01
2004  10   3   4.000  0.350600E+03  0.360207E+03  0.000000E+00  0.000000E+00  0.283109E+03  0.283083E+03  0.441575E+00  0.666073E-01
2004  10   3   5.000  0.348900E+03  0.360122E+03  0.000000E+00  0.000000E+00  0.282831E+03  0.283191E+03  0.334947E+00  0.601785E-01
2004  10   3   6.000  0.340100E+03  0.358581E+03  0.000000E+00  0.000000E+00  0.282475E+03  0.282787E+03  0.107054E+00  0.213220E-01
2004  10   3   7.000  0.343200E+03  0.360254E+03  0.230000E+02  0.976435E+00  0.282783E+03  0.282799E+03  0.341031E+00  0.707917E-01
2004  10   3   8.000  0.328400E+03  0.368678E+03  0.139500E+03  0.592229E+01  0.285798E+03  0.284255E+03  0.922906E-01  0.182828E-01
2004  10   3   9.000  0.309000E+03  0.376334E+03  0.240500E+03  0.102101E+02  0.287867E+03  0.285463E+03  0.232892E+00  0.851265E-01
2004  10   3  10.000  0.316800E+03  0.379599E+03  0.275100E+03  0.116790E+02  0.287482E+03  0.285705E+03  0.452502E+00  0.135513E+00
2004  10   3  11.000  0.320500E+03  0.389318E+03  0.458200E+03  0.194523E+02  0.291823E+03  0.287091E+03  0.431642E+00  0.147123E+00
2004  10   3  12.000  0.319400E+03  0.396255E+03  0.308500E+03  0.130970E+02  0.290563E+03  0.288048E+03  0.190575E+00  0.446112E-01
2004  10   3  13.000  0.307500E+03  0.398793E+03  0.563300E+03  0.239142E+02  0.291850E+03  0.288643E+03  0.790194E+00  0.218810E+00
2004  10   3  14.000  0.304500E+03  0.398545E+03  0.525300E+03  0.223009E+02  0.289402E+03  0.288765E+03  0.133075E+01  0.295350E+00
2004  10   3  15.000  0.302800E+03  0.393153E+03  0.361600E+03  0.153513E+02  0.288962E+03  0.288068E+03  0.101873E+01  0.238564E+00
2004  10   3  16.000  0.296200E+03  0.385263E+03  0.205200E+03  0.871150E+01  0.287397E+03  0.287038E+03  0.648330E+00  0.158275E+00
2004  10   3  17.000  0.293000E+03  0.376089E+03  0.331000E+02  0.140522E+01  0.285402E+03  0.285921E+03  0.139615E+00  0.183921E-01
2004  10   3  18.000  0.294000E+03  0.367022E+03  0.000000E+00  0.000000E+00  0.283803E+03  0.284437E+03  0.416601E+00  0.111966E+00
2004  10   3  19.000  0.292400E+03  0.361788E+03  0.000000E+00  0.000000E+00  0.283495E+03  0.284119E+03  0.513366E+00  0.107250E+00
2004  10   3  20.000  0.291800E+03  0.358475E+03  0.000000E+00  0.000000E+00  0.283440E+03  0.283781E+03  0.597208E+00  0.118883E+00
2004  10   3  21.000  0.295500E+03  0.355091E+03  0.000000E+00  0.000000E+00  0.283504E+03  0.282965E+03  0.485361E+00  0.499545E-01
2004  10   3  22.000  0.292600E+03  0.355284E+03  0.000000E+00  0.000000E+00  0.283611E+03  0.282885E+03  0.553903E+00  0.107429E+00
2004  10   3  23.000  0.284400E+03  0.354878E+03  0.000000E+00  0.000000E+00  0.283281E+03  0.283150E+03  0.841758E+00  0.151026E+00
2004  10   4   0.000  0.282600E+03  0.355300E+03  0.000000E+00  0.000000E+00  0.283692E+03  0.283137E+03  0.939426E+00  0.154455E+00
2004  10   4   1.000  0.291800E+03  0.354664E+03  0.000000E+00  0.000000E+00  0.284096E+03  0.282680E+03  0.692020E+00  0.711501E-01
2004  10   4   2.000  0.305900E+03  0.358398E+03  0.000000E+00  0.000000E+00  0.283802E+03  0.283239E+03  0.865454E+00  0.134853E+00
2004  10   4   3.000  0.291800E+03  0.362259E+03  0.000000E+00  0.000000E+00  0.284364E+03  0.283695E+03  0.979225E+00  0.161468E+00
2004  10   4   4.000  0.291400E+03  0.360789E+03  0.000000E+00  0.000000E+00  0.284297E+03  0.283568E+03  0.834138E+00  0.132199E+00
2004  10   4   5.000  0.289300E+03  0.358340E+03  0.000000E+00  0.000000E+00  0.284188E+03  0.283086E+03  0.687402E+00  0.710477E-01
2004  10   4   6.000  0.291500E+03  0.362191E+03  0.500000E+00  0.212268E-01  0.283800E+03  0.283696E+03  0.102310E+01  0.233183E+00
2004  10   4   7.000  0.287200E+03  0.363276E+03  0.172000E+02  0.730204E+00  0.284931E+03  0.283834E+03  0.104974E+01  0.147378E+00
2004  10   4   8.000  0.291100E+03  0.369117E+03  0.685000E+02  0.290808E+01  0.286540E+03  0.284660E+03  0.469914E+00  0.904929E-01
2004  10   4   9.000  0.303000E+03  0.384930E+03  0.222900E+03  0.946293E+01  0.289882E+03  0.286889E+03  0.756951E-01  0.275368E-01
2004  10   4  10.000  0.315000E+03  0.408344E+03  0.461600E+03  0.195966E+02  0.295159E+03  0.290487E+03  0.228290E+00  0.579138E-01
2004  10   4  11.000  0.321900E+03  0.409951E+03  0.466000E+03  0.197834E+02  0.292027E+03  0.290536E+03  0.514011E+00  0.147159E+00
2004  10   4  12.000  0.328300E+03  0.425470E+03  0.456800E+03  0.193928E+02  0.296982E+03  0.292226E+03  0.174356E+00  0.374415E-01
2004  10   4  13.000  0.341700E+03  0.429570E+03  0.418500E+03  0.177669E+02  0.295302E+03  0.293037E+03  0.239638E+00  0.660763E-01
2004  10   4  14.000  0.337300E+03  0.425803E+03  0.328300E+03  0.139375E+02  0.294638E+03  0.293623E+03  0.558471E+00  0.147889E+00
2004  10   4  15.000  0.331800E+03  0.426056E+03  0.288800E+03  0.122606E+02  0.294632E+03  0.294004E+03  0.851977E+00  0.190101E+00
2004  10   4  16.000  0.328900E+03  0.418174E+03  0.115600E+03  0.490765E+01  0.292392E+03  0.292930E+03  0.727235E+00  0.266860E+00
2004  10   4  17.000  0.323400E+03  0.407024E+03  0.345000E+02  0.146465E+01  0.290174E+03  0.291148E+03  0.777964E+00  0.207122E+00
2004  10   4  18.000  0.315100E+03  0.402657E+03  0.000000E+00  0.000000E+00  0.289300E+03  0.290785E+03  0.101788E+01  0.326086E+00
2004  10   4  19.000  0.310400E+03  0.401041E+03  0.000000E+00  0.000000E+00  0.289126E+03  0.290439E+03  0.975865E+00  0.254712E+00
2004  10   4  20.000  0.303800E+03  0.402149E+03  0.000000E+00  0.000000E+00  0.289196E+03  0.290941E+03  0.118555E+01  0.411383E+00
2004  10   4  21.000  0.305800E+03  0.403052E+03  0.000000E+00  0.000000E+00  0.289161E+03  0.290954E+03  0.123676E+01  0.434863E+00
2004  10   4  22.000  0.307600E+03  0.404007E+03  0.000000E+00  0.000000E+00  0.289213E+03  0.291171E+03  0.119281E+01  0.400681E+00
2004  10   4  23.000  0.305300E+03  0.403831E+03  0.000000E+00  0.000000E+00  0.289030E+03  0.291088E+03  0.115999E+01  0.366555E+00
2004  10   5   0.000  0.304500E+03  0.407842E+03  0.000000E+00  0.000000E+00  0.289767E+03  0.291943E+03  0.119281E+01  0.372309E+00
2004  10   5   1.000  0.303100E+03  0.404844E+03  0.000000E+00  0.000000E+00  0.288940E+03  0.291196E+03  0.121228E+01  0.392472E+00
2004  10   5   2.000  0.303700E+03  0.402731E+03  0.000000E+00  0.000000E+00  0.288752E+03  0.290997E+03  0.122662E+01  0.415042E+00
2004  10   5   3.000  0.302600E+03  0.393157E+03  0.000000E+00  0.000000E+00  0.288026E+03  0.289152E+03  0.106779E+01  0.149342E+00
2004  10   5   4.000  0.290300E+03  0.381929E+03  0.000000E+00  0.000000E+00  0.286105E+03  0.287494E+03  0.544762E+00  0.730061E-01
2004  10   5   5.000  0.286800E+03  0.374351E+03  0.000000E+00  0.000000E+00  0.285657E+03  0.286712E+03  0.836295E+00  0.952647E-01
2004  10   5   6.000  0.287100E+03  0.370876E+03  0.400000E+00  0.169815E-01  0.285542E+03  0.286097E+03  0.100148E+01  0.125218E+00
2004  10   5   7.000  0.290400E+03  0.372654E+03  0.173000E+02  0.734449E+00  0.286920E+03  0.286303E+03  0.104480E+01  0.128210E+00
2004  10   5   8.000  0.295100E+03  0.377266E+03  0.566000E+02  0.240288E+01  0.288916E+03  0.286777E+03  0.235794E+00  0.553357E-01
2004  10   5   9.000  0.304300E+03  0.391711E+03  0.183900E+03  0.780723E+01  0.291102E+03  0.288761E+03  0.272499E+00  0.542261E-01
2004  10   5  10.000  0.318500E+03  0.425859E+03  0.512900E+03  0.217745E+02  0.298150E+03  0.293266E+03  0.924575E-01  0.203601E-01
2004  10   5  11.000  0.325200E+03  0.430895E+03  0.588900E+03  0.250010E+02  0.295311E+03  0.294145E+03  0.574885E+00  0.159871E+00
2004  10   5  12.000  0.327000E+03  0.435485E+03  0.617100E+03  0.261982E+02  0.298669E+03  0.294816E+03  0.613441E+00  0.184168E+00
2004  10   5  13.000  0.328400E+03  0.436893E+03  0.576800E+03  0.244873E+02  0.296209E+03  0.295213E+03  0.827480E+00  0.206985E+00
2004  10   5  14.000  0.329400E+03  0.436838E+03  0.485700E+03  0.206198E+02  0.297161E+03  0.295439E+03  0.802599E+00  0.205818E+00
2004  10   5  15.000  0.326700E+03  0.432151E+03  0.348400E+03  0.147909E+02  0.295885E+03  0.294824E+03  0.429027E+00  0.121831E+00
2004  10   5  16.000  0.320400E+03  0.416367E+03  0.181900E+03  0.772233E+01  0.292210E+03  0.292419E+03  0.616488E+00  0.135433E+00
2004  10   5  17.000  0.312500E+03  0.402453E+03  0.217000E+02  0.921245E+00  0.290080E+03  0.290711E+03  0.264737E+00  0.482308E-01
2004  10   5  18.000  0.307700E+03  0.392447E+03  0.000000E+00  0.000000E+00  0.288495E+03  0.289234E+03  0.691114E+00  0.105791E+00
2004  10   5  19.000  0.309700E+03  0.388381E+03  0.000000E+00  0.000000E+00  0.288343E+03  0.288840E+03  0.740105E+00  0.151581E+00
2004  10   5  20.000  0.315700E+03  0.388792E+03  0.000000E+00  0.000000E+00  0.288799E+03  0.288826E+03  0.816424E+00  0.195318E+00
2004  10   5  21.000  0.316800E+03  0.386865E+03  0.000000E+00  0.000000E+00  0.289092E+03  0.288437E+03  0.891606E+00  0.112471E+00
2004  10   5  22.000  0.311200E+03  0.384688E+03  0.000000E+00  0.000000E+00  0.288691E+03  0.288186E+03  0.910157E+00  0.129732E+00
2004  10   5  23.000  0.305800E+03  0.382679E+03  0.000000E+00  0.000000E+00  0.288395E+03  0.287907E+03  0.908977E+00  0.140533E+00
2004  10   6   0.000  0.307000E+03  0.384501E+03  0.000000E+00  0.000000E+00  0.287962E+03  0.287991E+03  0.953242E+00  0.196177E+00
2004  10   6   1.000  0.355800E+03  0.387509E+03  0.000000E+00  0.000000E+00  0.289354E+03  0.288064E+03  0.623887E+00  0.639514E-01
2004  10   6   2.000  0.359200E+03  0.388572E+03  0.000000E+00  0.000000E+00  0.289252E+03  0.288149E+03  0.623847E+00  0.639171E-01
2004  10   6   3.000  0.357200E+03  0.387130E+03  0.000000E+00  0.000000E+00  0.287825E+03  0.287876E+03  0.483805E+00  0.966391E-01
2004  10   6   4.000  0.346700E+03  0.384293E+03  0.000000E+00  0.000000E+00  0.287775E+03  0.287539E+03  0.184328E+00  0.349618E-01
2004  10   6   5.000  0.322100E+03  0.378538E+03  0.000000E+00  0.000000E+00  0.286920E+03  0.286853E+03  0.401638E+00  0.427472E-01
2004  10   6   6.000  0.317700E+03  0.374670E+03  0.800000E+00  0.339630E-01  0.286450E+03  0.286287E+03  0.475950E+00  0.497896E-01
2004  10   6   7.000  0.331100E+03  0.379456E+03  0.615000E+02  0.261090E+01  0.287430E+03  0.286881E+03  0.346253E+00  0.666118E-01
2004  10   6   8.000  0.342900E+03  0.388227E+03  0.110000E+03  0.466991E+01  0.289235E+03  0.288015E+03  0.154393E+00  0.536661E-01
2004  10   6   9.000  0.364000E+03  0.394369E+03  0.984000E+02  0.417744E+01  0.289332E+03  0.288835E+03  0.148334E+00  0.491892E-01
2004  10   6  10.000  0.367200E+03  0.390688E+03  0.818000E+02  0.347271E+01  0.287773E+03  0.287938E+03  0.877179E+00  0.187198E+00
2004  10   6  11.000  0.331900E+03  0.394581E+03  0.320300E+03  0.135979E+02  0.291952E+03  0.288421E+03  0.352252E+00  0.123300E+00
2004  10   6  12.000  0.335500E+03  0.404388E+03  0.490700E+03  0.208320E+02  0.291135E+03  0.290043E+03  0.117422E+01  0.271225E+00
2004  10   6  13.000  0.370900E+03  0.393548E+03  0.111900E+03  0.475057E+01  0.287577E+03  0.288090E+03  0.121401E+01  0.287974E+00
2004  10   6  14.000  0.376700E+03  0.382878E+03  0.198000E+02  0.840583E+00  0.286203E+03  0.286474E+03  0.124689E+01  0.263759E+00
2004  10   6  15.000  0.372800E+03  0.379752E+03  0.762000E+02  0.323497E+01  0.286521E+03  0.285915E+03  0.557951E+00  0.145205E+00
2004  10   6  16.000  0.364800E+03  0.376521E+03  0.930000E+01  0.394819E+00  0.285380E+03  0.285695E+03  0.114712E+01  0.254453E+00
2004  10   6  17.000  0.370600E+03  0.373610E+03  0.000000E+00  0.000000E+00  0.284932E+03  0.285091E+03  0.703353E+00  0.150241E+00
2004  10   6  18.000  0.373700E+03  0.371111E+03  0.000000E+00  0.000000E+00  0.284929E+03  0.284489E+03  0.233017E+00  0.738054E-01
2004  10   6  19.000  0.363600E+03  0.370164E+03  0.000000E+00  0.000000E+00  0.284389E+03  0.284635E+03  0.667817E+00  0.135622E+00
2004  10   6  20.000  0.357400E+03  0.371928E+03  0.000000E+00  0.000000E+00  0.285017E+03  0.285080E+03  0.945302E+00  0.176791E+00
2004  10   6  21.000  0.342900E+03  0.368799E+03  0.000000E+00  0.000000E+00  0.284281E+03  0.284841E+03  0.420050E-01  0.940741E-02
2004  10   6  22.000  0.348300E+03  0.367718E+03  0.000000E+00  0.000000E+00  0.284273E+03  0.284539E+03  0.438716E-01  0.951305E-02
2004  10   6  23.000  0.337500E+03  0.366083E+03  0.000000E+00  0.000000E+00  0.283932E+03  0.284306E+03  0.208663E+00  0.590989E-01
2004  10   7   0.000  0.353700E+03  0.368584E+03  0.000000E+00  0.000000E+00  0.284886E+03  0.284893E+03  0.873982E+00  0.143546E+00
2004  10   7   1.000  0.360300E+03  0.371806E+03  0.000000E+00  0.000000E+00  0.285145E+03  0.285046E+03  0.593252E+00  0.143251E+00
2004  10   7   2.000  0.351000E+03  0.369441E+03  0.000000E+00  0.000000E+00  0.284207E+03  0.284492E+03  0.264714E+00  0.801788E-01
2004  10   7   3.000  0.323700E+03  0.364618E+03  0.000000E+00  0.000000E+00  0.283422E+03  0.284554E+03  0.460944E+00  0.755172E-01
2004  10   7   4.000  0.313200E+03  0.360896E+03  0.000000E+00  0.000000E+00  0.283037E+03  0.284060E+03  0.556766E+00  0.878424E-01
2004  10   7   5.000  0.340500E+03  0.361741E+03  0.000000E+00  0.000000E+00  0.283273E+03  0.284053E+03  0.544853E+00  0.108893E+00
2004  10   7   6.000  0.340700E+03  0.361395E+03  0.000000E+00  0.000000E+00  0.283102E+03  0.283476E+03  0.206964E+00  0.387588E-01
2004  10   7   7.000  0.319500E+03  0.360892E+03  0.350000E+02  0.148588E+01  0.283072E+03  0.283986E+03  0.323930E+00  0.669632E-01
2004  10   7   8.000  0.310900E+03  0.364705E+03  0.108600E+03  0.461047E+01  0.284738E+03  0.283744E+03  0.166525E+00  0.612610E-01
2004  10   7   9.000  0.330500E+03  0.369352E+03  0.163500E+03  0.694118E+01  0.285347E+03  0.284173E+03  0.416461E+00  0.121975E+00
2004  10   7  10.000  0.360700E+03  0.373151E+03  0.186200E+03  0.790488E+01  0.286116E+03  0.284388E+03  0.447701E+00  0.135234E+00
2004  10   7  11.000  0.371000E+03  0.376494E+03  0.182000E+03  0.772657E+01  0.286140E+03  0.284974E+03  0.583261E+00  0.157292E+00
2004  10   7  12.000  0.344500E+03  0.389792E+03  0.356900E+03  0.151517E+02  0.291824E+03  0.287239E+03  0.259285E+00  0.673478E-01
2004  10   7  13.000  0.321900E+03  0.398946E+03  0.560900E+03  0.238123E+02  0.290183E+03  0.288894E+03  0.115955E+01  0.272416E+00
2004  10   7  14.000  0.347500E+03  0.393813E+03  0.336700E+03  0.142942E+02  0.288350E+03  0.287742E+03  0.103252E+01  0.239349E+00
2004  10   7  15.000  0.353000E+03  0.385755E+03  0.122300E+03  0.519209E+01  0.287013E+03  0.286762E+03  0.595303E+00  0.146791E+00
2004  10   7  16.000  0.357200E+03  0.381525E+03  0.715000E+02  0.303544E+01  0.286611E+03  0.286256E+03  0.535546E+00  0.133134E+00
2004  10   7  17.000  0.370300E+03  0.378265E+03  0.520000E+01  0.220759E+00  0.286221E+03  0.285707E+03  0.134753E+00  0.457559E-01
2004  10   7  18.000  0.354700E+03  0.375054E+03  0.000000E+00  0.000000E+00  0.285556E+03  0.285449E+03  0.169140E+00  0.474888E-01
2004  10   7  19.000  0.343800E+03  0.372038E+03  0.000000E+00  0.000000E+00  0.285126E+03  0.285344E+03  0.376932E+00  0.564066E-01
2004  10   7  20.000  0.321400E+03  0.367671E+03  0.000000E+00  0.000000E+00  0.284493E+03  0.284942E+03  0.442847E+00  0.929734E-01
2004  10   7  21.000  0.342100E+03  0.368878E+03  0.000000E+00  0.000000E+00  0.284923E+03  0.284707E+03  0.283384E+00  0.109109E+00
2004  10   7  22.000  0.297600E+03  0.363053E+03  0.000000E+00  0.000000E+00  0.284140E+03  0.284232E+03  0.760445E+00  0.950757E-01
2004  10   7  23.000  0.306600E+03  0.364164E+03  0.000000E+00  0.000000E+00  0.284521E+03  0.284159E+03  0.750436E+00  0.152188E+00
2004  10   8   0.000  0.328100E+03  0.368003E+03  0.000000E+00  0.000000E+00  0.285520E+03  0.284623E+03  0.754091E+00  0.851064E-01
2004  10   8   1.000  0.350200E+03  0.372516E+03  0.000000E+00  0.000000E+00  0.285751E+03  0.285230E+03  0.644390E+00  0.162578E+00
2004  10   8   2.000  0.339000E+03  0.371900E+03  0.000000E+00  0.000000E+00  0.285895E+03  0.285097E+03  0.626123E+00  0.639422E-01
2004  10   8   3.000  0.331400E+03  0.370126E+03  0.000000E+00  0.000000E+00  0.285243E+03  0.284979E+03  0.699036E+00  0.109131E+00
2004  10   8   4.000  0.324500E+03  0.368322E+03  0.000000E+00  0.000000E+00  0.284984E+03  0.284767E+03  0.770084E+00  0.109883E+00
2004  10   8   5.000  0.303000E+03  0.363498E+03  0.000000E+00  0.000000E+00  0.284092E+03  0.284015E+03  0.549809E+00  0.568328E-01
2004  10   8   6.000  0.340900E+03  0.364348E+03  0.000000E+00  0.000000E+00  0.284040E+03  0.283947E+03  0.416143E+00  0.426236E-01
2004  10   8   7.000  0.334300E+03  0.365816E+03  0.255000E+02  0.108257E+01  0.284219E+03  0.284116E+03  0.435543E+00  0.549897E-01
2004  10   8   8.000  0.349600E+03  0.374701E+03  0.786000E+02  0.333686E+01  0.286677E+03  0.285406E+03  0.319690E+00  0.964880E-01
2004  10   8   9.000  0.352400E+03  0.392851E+03  0.218700E+03  0.928462E+01  0.290409E+03  0.288509E+03  0.475527E+00  0.125919E+00
2004  10   8  10.000  0.326100E+03  0.403105E+03  0.418900E+03  0.177839E+02  0.293527E+03  0.289746E+03  0.351335E+00  0.121993E+00
2004  10   8  11.000  0.324700E+03  0.404994E+03  0.444600E+03  0.188749E+02  0.291413E+03  0.289838E+03  0.683942E+00  0.183435E+00
2004  10   8  12.000  0.335900E+03  0.407299E+03  0.432800E+03  0.183740E+02  0.291947E+03  0.290285E+03  0.855934E+00  0.216851E+00
2004  10   8  13.000  0.336400E+03  0.407353E+03  0.392300E+03  0.166546E+02  0.292008E+03  0.290291E+03  0.680514E+00  0.182924E+00
2004  10   8  14.000  0.339100E+03  0.410928E+03  0.476800E+03  0.202419E+02  0.292945E+03  0.290890E+03  0.894139E+00  0.228452E+00
2004  10   8  15.000  0.346800E+03  0.401186E+03  0.227700E+03  0.966671E+01  0.289166E+03  0.289391E+03  0.114342E+01  0.247727E+00
2004  10   8  16.000  0.337400E+03  0.390931E+03  0.890000E+02  0.377838E+01  0.288427E+03  0.287995E+03  0.350436E+00  0.985101E-01
2004  10   8  17.000  0.343100E+03  0.385213E+03  0.127000E+02  0.539162E+00  0.287100E+03  0.287341E+03  0.134176E+00  0.289626E-01
2004  10   8  18.000  0.355400E+03  0.381565E+03  0.000000E+00  0.000000E+00  0.286677E+03  0.286671E+03  0.298249E+00  0.710537E-01
2004  10   8  19.000  0.371800E+03  0.380305E+03  0.000000E+00  0.000000E+00  0.286422E+03  0.286335E+03  0.457438E+00  0.103910E+00
2004  10   8  20.000  0.360700E+03  0.377848E+03  0.000000E+00  0.000000E+00  0.285922E+03  0.286028E+03  0.496449E+00  0.101166E+00
2004  10   8  21.000  0.368900E+03  0.377239E+03  0.000000E+00  0.000000E+00  0.285813E+03  0.285846E+03  0.600186E+00  0.122848E+00
2004  10   8  22.000  0.372400E+03  0.376575E+03  0.000000E+00  0.000000E+00  0.285612E+03  0.285669E+03  0.600397E+00  0.124443E+00
2004  10   8  23.000  0.368400E+03  0.368241E+03  0.000000E+00  0.000000E+00  0.283565E+03  0.283892E+03  0.160064E+01  0.343862E+00
2004  10   9   0.000  0.361100E+03  0.366117E+03  0.000000E+00  0.000000E+00  0.283603E+03  0.283831E+03  0.129419E+01  0.264058E+00
2004  10   9   1.000  0.365300E+03  0.366923E+03  0.000000E+00  0.000000E+00  0.283866E+03  0.283975E+03  0.128222E+01  0.258443E+00
2004  10   9   2.000  0.368700E+03  0.368720E+03  0.000000E+00  0.000000E+00  0.284211E+03  0.284313E+03  0.842152E+00  0.158756E+00
2004  10   9   3.000  0.337500E+03  0.365964E+03  0.000000E+00  0.000000E+00  0.283768E+03  0.284098E+03  0.394211E+00  0.102021E+00
2004  10   9   4.000  0.333300E+03  0.364464E+03  0.000000E+00  0.000000E+00  0.283735E+03  0.284365E+03  0.362882E+00  0.122166E+00
2004  10   9   5.000  0.346000E+03  0.364733E+03  0.000000E+00  0.000000E+00  0.284014E+03  0.284343E+03  0.340881E+00  0.765060E-01
2004  10   9   6.000  0.309200E+03  0.361142E+03  0.300000E+00  0.127361E-01  0.283412E+03  0.283676E+03  0.557813E+00  0.917844E-01
2004  10   9   7.000  0.328100E+03  0.363483E+03  0.256000E+02  0.108681E+01  0.284154E+03  0.284131E+03  0.717005E+00  0.123263E+00
2004  10   9   8.000  0.358100E+03  0.370031E+03  0.497000E+02  0.210995E+01  0.285244E+03  0.284842E+03  0.313251E+00  0.763245E-01
2004  10   9   9.000  0.349600E+03  0.376749E+03  0.187500E+03  0.796007E+01  0.287071E+03  0.285356E+03  0.456499E+00  0.132145E+00
2004  10   9  10.000  0.348100E+03  0.383403E+03  0.297600E+03  0.126342E+02  0.289275E+03  0.285960E+03  0.254645E+00  0.675408E-01
2004  10   9  11.000  0.323600E+03  0.401412E+03  0.435300E+03  0.184801E+02  0.293906E+03  0.289126E+03  0.233678E+00  0.557183E-01
2004  10   9  12.000  0.356000E+03  0.387671E+03  0.144000E+03  0.611333E+01  0.286080E+03  0.286677E+03  0.601549E+00  0.136000E+00
2004  10   9  13.000  0.356900E+03  0.389545E+03  0.143200E+03  0.607937E+01  0.289410E+03  0.287320E+03  0.159349E+00  0.358604E-01
2004  10   9  14.000  0.357000E+03  0.388730E+03  0.129000E+03  0.547653E+01  0.288421E+03  0.287146E+03  0.154452E+00  0.361127E-01
2004  10   9  15.000  0.363200E+03  0.387699E+03  0.989000E+02  0.419867E+01  0.288171E+03  0.287025E+03  0.126239E+00  0.281566E-01
2004  10   9  16.000  0.357200E+03  0.383522E+03  0.259000E+02  0.109955E+01  0.286838E+03  0.286655E+03  0.802175E-01  0.188858E-01
2004  10   9  17.000  0.349000E+03  0.378632E+03  0.670000E+01  0.284440E+00  0.286011E+03  0.286062E+03  0.720469E-01  0.180734E-01
2004  10   9  18.000  0.350000E+03  0.375664E+03  0.000000E+00  0.000000E+00  0.285549E+03  0.285614E+03  0.394806E+00  0.771808E-01
2004  10   9  19.000  0.352300E+03  0.373975E+03  0.000000E+00  0.000000E+00  0.285463E+03  0.285554E+03  0.498872E+00  0.825272E-01
2004  10   9  20.000  0.366600E+03  0.375804E+03  0.000000E+00  0.000000E+00  0.285646E+03  0.285524E+03  0.114175E+01  0.228238E+00
2004  10   9  21.000  0.340700E+03  0.372683E+03  0.000000E+00  0.000000E+00  0.284866E+03  0.285162E+03  0.448873E+00  0.161565E+00
2004  10   9  22.000  0.303300E+03  0.367605E+03  0.000000E+00  0.000000E+00  0.284644E+03  0.284919E+03  0.747276E+00  0.144745E+00
2004  10   9  23.000  0.327500E+03  0.370315E+03  0.000000E+00  0.000000E+00  0.285278E+03  0.285123E+03  0.664975E+00  0.190039E+00
2004  10  10   0.000  0.357200E+03  0.373997E+03  0.000000E+00  0.000000E+00  0.285396E+03  0.285282E+03  0.849640E+00  0.203992E+00
2004  10  10   1.000  0.362800E+03  0.362264E+03  0.000000E+00  0.000000E+00  0.282054E+03  0.282529E+03  0.779198E+00  0.168134E+00
2004  10  10   2.000  0.358900E+03  0.358482E+03  0.000000E+00  0.000000E+00  0.282428E+03  0.282099E+03  0.287119E+00  0.864319E-01
2004  10  10   3.000  0.313400E+03  0.354036E+03  0.000000E+00  0.000000E+00  0.281904E+03  0.283009E+03  0.210634E+00  0.677359E-01
2004  10  10   4.000  0.355500E+03  0.358110E+03  0.000000E+00  0.000000E+00  0.282691E+03  0.283048E+03  0.772598E+00  0.107565E+00
2004  10  10   5.000  0.314700E+03  0.354513E+03  0.000000E+00  0.000000E+00  0.282066E+03  0.282734E+03  0.441389E+00  0.762462E-01
2004  10  10   6.000  0.323600E+03  0.355648E+03  0.000000E+00  0.000000E+00  0.282330E+03  0.282943E+03  0.480873E+00  0.163295E+00
2004  10  10   7.000  0.286500E+03  0.352555E+03  0.178000E+02  0.755676E+00  0.282113E+03  0.282701E+03  0.664262E+00  0.108123E+00
2004  10  10   8.000  0.301700E+03  0.362548E+03  0.124400E+03  0.528124E+01  0.285284E+03  0.283770E+03  0.581502E+00  0.852811E-01
2004  10  10   9.000  0.312700E+03  0.376067E+03  0.227300E+03  0.964972E+01  0.288174E+03  0.285629E+03  0.182067E+00  0.607088E-01
2004  10  10  10.000  0.322100E+03  0.374901E+03  0.320200E+03  0.135937E+02  0.286610E+03  0.284504E+03  0.542640E+00  0.160724E+00
2004  10  10  11.000  0.360400E+03  0.364389E+03  0.427000E+02  0.181277E+01  0.282196E+03  0.282825E+03  0.111533E+01  0.255162E+00
2004  10  10  12.000  0.358600E+03  0.362262E+03  0.383000E+02  0.162598E+01  0.283047E+03  0.282762E+03  0.643761E+00  0.153512E+00
2004  10  10  13.000  0.365900E+03  0.362333E+03  0.530000E+02  0.225005E+01  0.283068E+03  0.282662E+03  0.573942E+00  0.143201E+00
2004  10  10  14.000  0.369200E+03  0.360111E+03  0.200000E+02  0.849074E+00  0.282901E+03  0.282145E+03  0.269932E+00  0.858134E-01
2004  10  10  15.000  0.361500E+03  0.357209E+03  0.310000E+02  0.131606E+01  0.281593E+03  0.281758E+03  0.928632E+00  0.196872E+00
2004  10  10  16.000  0.360800E+03  0.356628E+03  0.177000E+02  0.751430E+00  0.281814E+03  0.281766E+03  0.665586E+00  0.152017E+00
2004  10  10  17.000  0.353500E+03  0.354462E+03  0.100000E+00  0.424537E-02  0.281362E+03  0.281423E+03  0.499305E+00  0.117468E+00
2004  10  10  18.000  0.345100E+03  0.353348E+03  0.000000E+00  0.000000E+00  0.281844E+03  0.281293E+03  0.134052E+00  0.491022E-01
2004  10  10  19.000  0.336500E+03  0.352934E+03  0.000000E+00  0.000000E+00  0.281273E+03  0.281577E+03  0.483266E+00  0.854964E-01
2004  10  10  20.000  0.330500E+03  0.351763E+03  0.000000E+00  0.000000E+00  0.281245E+03  0.281934E+03  0.365445E+00  0.559785E-01
2004  10  10  21.000  0.293600E+03  0.346584E+03  0.000000E+00  0.000000E+00  0.280692E+03  0.281482E+03  0.489509E+00  0.626439E-01
2004  10  10  22.000  0.264800E+03  0.339556E+03  0.000000E+00  0.000000E+00  0.279632E+03  0.280315E+03  0.410713E+00  0.427557E-01
2004  10  10  23.000  0.291100E+03  0.337519E+03  0.000000E+00  0.000000E+00  0.278860E+03  0.279777E+03  0.649351E-01  0.135974E-01
2004  10  11   0.000  0.320700E+03  0.338855E+03  0.000000E+00  0.000000E+00  0.279047E+03  0.278863E+03  0.462288E-01  0.990830E-02
2004  10  11   1.000  0.337800E+03  0.341430E+03  0.000000E+00  0.000000E+00  0.279477E+03  0.279316E+03  0.182009E+00  0.571338E-01
2004  10  11   2.000  0.342800E+03  0.343401E+03  0.000000E+00  0.000000E+00  0.280056E+03  0.280181E+03  0.821516E-01  0.274297E-01
2004  10  11   3.000  0.343200E+03  0.344806E+03  0.000000E+00  0.000000E+00  0.280131E+03  0.280347E+03  0.462288E-01  0.137686E-01
2004  10  11   4.000  0.344700E+03  0.346016E+03  0.000000E+00  0.000000E+00  0.280229E+03  0.280470E+03  0.462288E-01  0.907794E-02
2004  10  11   5.000  0.345500E+03  0.346943E+03  0.000000E+00  0.000000E+00  0.280314E+03  0.280565E+03  0.462288E-01  0.939683E-02
2004  10  11   6.000  0.343600E+03  0.346338E+03  0.000000E+00  0.000000E+00  0.279981E+03  0.279850E+03  0.197423E+00  0.609076E-01
2004  10  11   7.000  0.342300E+03  0.345299E+03  0.600000E+01  0.254722E+00  0.279548E+03  0.279663E+03  0.440115E+00  0.106509E+00
2004  10  11   8.000  0.344400E+03  0.347103E+03  0.585000E+02  0.248354E+01  0.281233E+03  0.279719E+03  0.175974E+00  0.590782E-01
2004  10  11   9.000  0.346000E+03  0.349622E+03  0.105000E+03  0.445764E+01  0.282159E+03  0.280008E+03  0.209091E+00  0.715891E-01
2004  10  11  10.000  0.347600E+03  0.350809E+03  0.862000E+02  0.365951E+01  0.281973E+03  0.280253E+03  0.204027E+00  0.714650E-01
2004  10  11  11.000  0.350700E+03  0.358701E+03  0.169200E+03  0.718316E+01  0.284326E+03  0.281844E+03  0.195242E+00  0.461100E-01
2004  10  11  12.000  0.352800E+03  0.356298E+03  0.163600E+03  0.694542E+01  0.281775E+03  0.280996E+03  0.653543E+00  0.170279E+00
2004  10  11  13.000  0.352700E+03  0.355550E+03  0.153400E+03  0.651240E+01  0.282041E+03  0.280995E+03  0.698953E+00  0.180576E+00
2004  10  11  14.000  0.350400E+03  0.352657E+03  0.990000E+02  0.420292E+01  0.281509E+03  0.280497E+03  0.473109E+00  0.135109E+00
2004  10  11  15.000  0.349400E+03  0.351332E+03  0.824000E+02  0.349818E+01  0.281777E+03  0.280337E+03  0.348938E+00  0.111319E+00
2004  10  11  16.000  0.346600E+03  0.348424E+03  0.308000E+02  0.130757E+01  0.280308E+03  0.279990E+03  0.459133E+00  0.120822E+00
2004  10  11  17.000  0.345000E+03  0.346560E+03  0.140000E+01  0.594352E-01  0.280682E+03  0.279703E+03  0.142420E+00  0.458686E-01
2004  10  11  18.000  0.344700E+03  0.346348E+03  0.000000E+00  0.000000E+00  0.280600E+03  0.280279E+03  0.880404E-01  0.180702E-01
2004  10  11  19.000  0.344300E+03  0.346344E+03  0.000000E+00  0.000000E+00  0.280397E+03  0.280235E+03  0.462288E-01  0.101244E-01
2004  10  11  20.000  0.343500E+03  0.346101E+03  0.000000E+00  0.000000E+00  0.280466E+03  0.280239E+03  0.868002E-01  0.179756E-01
2004  10  11  21.000  0.343600E+03  0.346223E+03  0.000000E+00  0.000000E+00  0.280363E+03  0.280233E+03  0.462288E-01  0.995979E-02
2004  10  11  22.000  0.340700E+03  0.344764E+03  0.000000E+00  0.000000E+00  0.280142E+03  0.279448E+03  0.137462E+00  0.488257E-01
2004  10  11  23.000  0.336000E+03  0.342935E+03  0.000000E+00  0.000000E+00  0.279282E+03  0.279218E+03  0.367135E+00  0.945952E-01
2004  10  12   0.000  0.315400E+03  0.339685E+03  0.000000E+00  0.000000E+00  0.278549E+03  0.278855E+03  0.467777E+00  0.103827E+00
2004  10  12   1.000  0.314500E+03  0.337103E+03  0.000000E+00  0.000000E+00  0.278409E+03  0.278240E+03  0.189859E+00  0.616706E-01
2004  10  12   2.000  0.302500E+03  0.334582E+03  0.000000E+00  0.000000E+00  0.278091E+03  0.278771E+03  0.462288E-01  0.135581E-01
2004  10  12   3.000  0.289100E+03  0.331278E+03  0.000000E+00  0.000000E+00  0.277811E+03  0.278356E+03  0.319626E-01  0.134732E-01
2004  10  12   4.000  0.268000E+03  0.326999E+03  0.000000E+00  0.000000E+00  0.277541E+03  0.277918E+03  0.415959E+00  0.428795E-01
2004  10  12   5.000  0.268400E+03  0.323889E+03  0.000000E+00  0.000000E+00  0.276758E+03  0.277171E+03  0.126502E+00  0.275289E-01
2004  10  12   6.000  0.261300E+03  0.323495E+03  0.000000E+00  0.000000E+00  0.277310E+03  0.277215E+03  0.483017E+00  0.929152E-01
2004  10  12   7.000  0.265100E+03  0.323648E+03  0.179000E+02  0.759921E+00  0.277840E+03  0.277068E+03  0.187602E+00  0.413856E-01
2004  10  12   8.000  0.278000E+03  0.331541E+03  0.831000E+02  0.352790E+01  0.279611E+03  0.278366E+03  0.219402E+00  0.611214E-01
2004  10  12   9.000  0.319200E+03  0.348985E+03  0.191800E+03  0.814262E+01  0.282407E+03  0.280502E+03  0.462288E-01  0.106227E-01
2004  10  12  10.000  0.308500E+03  0.370905E+03  0.332700E+03  0.141243E+02  0.286387E+03  0.283868E+03  0.462288E-01  0.106466E-01
2004  10  12  11.000  0.304900E+03  0.379338E+03  0.332400E+03  0.141116E+02  0.287268E+03  0.284700E+03  0.138686E+00  0.297063E-01
2004  10  12  12.000  0.308400E+03  0.371363E+03  0.332700E+03  0.141243E+02  0.285973E+03  0.283258E+03  0.300204E+00  0.969457E-01
2004  10  12  13.000  0.306300E+03  0.368597E+03  0.453300E+03  0.192443E+02  0.286263E+03  0.282933E+03  0.668487E+00  0.196331E+00
2004  10  12  14.000  0.310500E+03  0.372042E+03  0.264100E+03  0.112120E+02  0.286397E+03  0.283894E+03  0.221324E+00  0.556781E-01
2004  10  12  15.000  0.305400E+03  0.368000E+03  0.106600E+03  0.452556E+01  0.284057E+03  0.283550E+03  0.924575E-01  0.201830E-01
2004  10  12  16.000  0.314000E+03  0.364062E+03  0.539000E+02  0.228825E+01  0.282951E+03  0.283062E+03  0.462288E-01  0.106466E-01
2004  10  12  17.000  0.305600E+03  0.353012E+03  0.650000E+01  0.275949E+00  0.280836E+03  0.281093E+03  0.228301E+00  0.575505E-01
2004  10  12  18.000  0.286500E+03  0.348767E+03  0.000000E+00  0.000000E+00  0.280704E+03  0.281025E+03  0.526261E+00  0.147252E+00
2004  10  12  19.000  0.288000E+03  0.345817E+03  0.000000E+00  0.000000E+00  0.280499E+03  0.280953E+03  0.498433E+00  0.145918E+00
2004  10  12  20.000  0.284700E+03  0.343058E+03  0.000000E+00  0.000000E+00  0.280361E+03  0.280608E+03  0.543124E+00  0.113531E+00
2004  10  12  21.000  0.278500E+03  0.340226E+03  0.000000E+00  0.000000E+00  0.280459E+03  0.279859E+03  0.628803E+00  0.639141E-01
2004  10  12  22.000  0.268900E+03  0.336191E+03  0.000000E+00  0.000000E+00  0.279657E+03  0.279327E+03  0.260974E+00  0.543926E-01
2004  10  12  23.000  0.264500E+03  0.333250E+03  0.000000E+00  0.000000E+00  0.279473E+03  0.278886E+03  0.625467E+00  0.639924E-01
2004  10  13   0.000  0.264600E+03  0.331116E+03  0.000000E+00  0.000000E+00  0.279465E+03  0.278597E+03  0.623576E+00  0.641568E-01
2004  10  13   1.000  0.264400E+03  0.330051E+03  0.000000E+00  0.000000E+00  0.279473E+03  0.278368E+03  0.694496E+00  0.712029E-01
2004  10  13   2.000  0.265100E+03  0.330905E+03  0.000000E+00  0.000000E+00  0.279368E+03  0.278458E+03  0.473816E+00  0.882717E-01
2004  10  13   3.000  0.262000E+03  0.329292E+03  0.000000E+00  0.000000E+00  0.278905E+03  0.278127E+03  0.693400E+00  0.710999E-01
2004  10  13   4.000  0.261000E+03  0.328683E+03  0.000000E+00  0.000000E+00  0.278683E+03  0.277932E+03  0.765430E+00  0.781197E-01
2004  10  13   5.000  0.259900E+03  0.328906E+03  0.000000E+00  0.000000E+00  0.278410E+03  0.277984E+03  0.546088E+00  0.107794E+00
2004  10  13   6.000  0.260500E+03  0.328243E+03  0.000000E+00  0.000000E+00  0.278484E+03  0.277788E+03  0.763993E+00  0.781191E-01
2004  10  13   7.000  0.263700E+03  0.332074E+03  0.267000E+02  0.113351E+01  0.278735E+03  0.278696E+03  0.858229E+00  0.142934E+00
2004  10  13   8.000  0.271800E+03  0.338858E+03  0.881000E+02  0.374017E+01  0.280852E+03  0.279422E+03  0.337864E+00  0.619476E-01
2004  10  13   9.000  0.277300E+03  0.347031E+03  0.135600E+03  0.575672E+01  0.282159E+03  0.280562E+03  0.131194E+00  0.274314E-01
2004  10  13  10.000  0.287500E+03  0.366075E+03  0.411800E+03  0.174824E+02  0.288251E+03  0.283322E+03  0.306551E+00  0.109626E+00
2004  10  13  11.000  0.294300E+03  0.374549E+03  0.509100E+03  0.216132E+02  0.285656E+03  0.284426E+03  0.104829E+01  0.250040E+00
2004  10  13  12.000  0.301800E+03  0.377676E+03  0.542900E+03  0.230481E+02  0.286442E+03  0.284755E+03  0.120087E+01  0.284886E+00
2004  10  13  13.000  0.313800E+03  0.376941E+03  0.415800E+03  0.176522E+02  0.285676E+03  0.284697E+03  0.106472E+01  0.250759E+00
2004  10  13  14.000  0.317100E+03  0.375265E+03  0.400900E+03  0.170197E+02  0.285458E+03  0.284459E+03  0.124412E+01  0.283431E+00
2004  10  13  15.000  0.314200E+03  0.367869E+03  0.226200E+03  0.960302E+01  0.283704E+03  0.283350E+03  0.874077E+00  0.204344E+00
2004  10  13  16.000  0.292300E+03  0.360638E+03  0.103500E+03  0.439396E+01  0.282864E+03  0.282582E+03  0.360927E+00  0.985077E-01
2004  10  13  17.000  0.296400E+03  0.354886E+03  0.136000E+02  0.577370E+00  0.281402E+03  0.281987E+03  0.545384E-01  0.980154E-02
2004  10  13  18.000  0.293500E+03  0.349299E+03  0.000000E+00  0.000000E+00  0.280622E+03  0.281473E+03  0.355249E+00  0.804270E-01
2004  10  13  19.000  0.268600E+03  0.342151E+03  0.000000E+00  0.000000E+00  0.279782E+03  0.280290E+03  0.341495E+00  0.683002E-01
2004  10  13  20.000  0.288300E+03  0.340756E+03  0.000000E+00  0.000000E+00  0.279749E+03  0.279829E+03  0.448438E+00  0.604527E-01
2004  10  13  21.000  0.322300E+03  0.342832E+03  0.000000E+00  0.000000E+00  0.280612E+03  0.280076E+03  0.251347E+00  0.497679E-01
2004  10  13  22.000  0.280100E+03  0.339367E+03  0.000000E+00  0.000000E+00  0.279513E+03  0.280000E+03  0.681422E+00  0.107944E+00
2004  10  13  23.000  0.275300E+03  0.337621E+03  0.000000E+00  0.000000E+00  0.279338E+03  0.279607E+03  0.700366E+00  0.115403E+00
2004  10  14   0.000  0.317800E+03  0.342921E+03  0.000000E+00  0.000000E+00  0.280060E+03  0.279920E+03  0.440704E+00  0.135616E+00
2004  10  14   1.000  0.299900E+03  0.341911E+03  0.000000E+00  0.000000E+00  0.279908E+03  0.280185E+03  0.675055E+00  0.117522E+00
2004  10  14   2.000  0.294600E+03  0.340770E+03  0.000000E+00  0.000000E+00  0.279821E+03  0.280072E+03  0.723206E+00  0.121058E+00
2004  10  14   3.000  0.298500E+03  0.339172E+03  0.000000E+00  0.000000E+00  0.279729E+03  0.279496E+03  0.483533E+00  0.498672E-01
2004  10  14   4.000  0.284700E+03  0.336345E+03  0.000000E+00  0.000000E+00  0.279124E+03  0.279042E+03  0.553954E+00  0.568180E-01
2004  10  14   5.000  0.281900E+03  0.334514E+03  0.000000E+00  0.000000E+00  0.278424E+03  0.279243E+03  0.720211E+00  0.118539E+00
2004  10  14   6.000  0.273600E+03  0.330711E+03  0.000000E+00  0.000000E+00  0.278161E+03  0.278371E+03  0.406482E+00  0.429098E-01
2004  10  14   7.000  0.275300E+03  0.331619E+03  0.293000E+02  0.124389E+01  0.278446E+03  0.278401E+03  0.340434E+00  0.618837E-01
2004  10  14   8.000  0.284800E+03  0.341010E+03  0.122500E+03  0.520058E+01  0.281221E+03  0.279766E+03  0.133680E+00  0.487064E-01
2004  10  14   9.000  0.295200E+03  0.354589E+03  0.214000E+03  0.908509E+01  0.283709E+03  0.281601E+03  0.239757E+00  0.859685E-01
2004  10  14  10.000  0.296800E+03  0.360397E+03  0.296800E+03  0.126003E+02  0.283438E+03  0.282199E+03  0.699572E+00  0.180307E+00
2004  10  14  11.000  0.296000E+03  0.365116E+03  0.372500E+03  0.158140E+02  0.284018E+03  0.282950E+03  0.106202E+01  0.248249E+00
2004  10  14  12.000  0.297800E+03  0.365857E+03  0.348500E+03  0.147951E+02  0.283634E+03  0.283053E+03  0.121842E+01  0.270198E+00
2004  10  14  13.000  0.296100E+03  0.367144E+03  0.350000E+03  0.148588E+02  0.284212E+03  0.283339E+03  0.113665E+01  0.259553E+00
2004  10  14  14.000  0.305000E+03  0.365659E+03  0.229700E+03  0.975161E+01  0.283775E+03  0.283132E+03  0.739192E+00  0.180988E+00
2004  10  14  15.000  0.317400E+03  0.360666E+03  0.113400E+03  0.481425E+01  0.282226E+03  0.282351E+03  0.101628E+01  0.210580E+00
2004  10  14  16.000  0.331200E+03  0.356936E+03  0.265000E+02  0.112502E+01  0.281738E+03  0.281776E+03  0.470144E+00  0.107804E+00
2004  10  14  17.000  0.337100E+03  0.352168E+03  0.700000E+00  0.297176E-01  0.280667E+03  0.280882E+03  0.609642E+00  0.131045E+00
2004  10  14  18.000  0.339200E+03  0.346311E+03  0.000000E+00  0.000000E+00  0.279422E+03  0.279697E+03  0.766452E+00  0.165523E+00
2004  10  14  19.000  0.338900E+03  0.343910E+03  0.000000E+00  0.000000E+00  0.279621E+03  0.279295E+03  0.292659E+00  0.834621E-01
2004  10  14  20.000  0.338700E+03  0.342281E+03  0.000000E+00  0.000000E+00  0.279294E+03  0.279006E+03  0.294243E+00  0.835885E-01
2004  10  14  21.000  0.338500E+03  0.341160E+03  0.000000E+00  0.000000E+00  0.278822E+03  0.278856E+03  0.492117E+00  0.117041E+00
2004  10  14  22.000  0.327900E+03  0.340031E+03  0.000000E+00  0.000000E+00  0.278732E+03  0.278811E+03  0.381779E+00  0.926722E-01
2004  10  14  23.000  0.289400E+03  0.335027E+03  0.000000E+00  0.000000E+00  0.278224E+03  0.278798E+03  0.135924E+00  0.239565E-01
2004  10  15   0.000  0.253800E+03  0.328046E+03  0.000000E+00  0.000000E+00  0.277377E+03  0.277954E+03  0.411686E+00  0.426685E-01
2004  10  15   1.000  0.253700E+03  0.323572E+03  0.000000E+00  0.000000E+00  0.276970E+03  0.277407E+03  0.411531E+00  0.429404E-01
2004  10  15   2.000  0.251600E+03  0.322046E+03  0.000000E+00  0.000000E+00  0.276460E+03  0.276665E+03  0.691541E+00  0.764011E-01
2004  10  15   3.000  0.253900E+03  0.322873E+03  0.000000E+00  0.000000E+00  0.276397E+03  0.276764E+03  0.729651E+00  0.165882E+00
2004  10  15   4.000  0.298000E+03  0.326161E+03  0.000000E+00  0.000000E+00  0.277047E+03  0.277075E+03  0.403288E+00  0.639252E-01
2004  10  15   5.000  0.287800E+03  0.327064E+03  0.000000E+00  0.000000E+00  0.277045E+03  0.277123E+03  0.593294E+00  0.769073E-01
2004  10  15   6.000  0.263400E+03  0.324885E+03  0.000000E+00  0.000000E+00  0.276382E+03  0.276983E+03  0.699339E+00  0.122706E+00
2004  10  15   7.000  0.251200E+03  0.323867E+03  0.850000E+01  0.360856E+00  0.276365E+03  0.276951E+03  0.769473E+00  0.124834E+00
2004  10  15   8.000  0.260300E+03  0.326826E+03  0.617000E+02  0.261939E+01  0.277815E+03  0.277440E+03  0.268884E+00  0.516635E-01
2004  10  15   9.000  0.303100E+03  0.342540E+03  0.153700E+03  0.652513E+01  0.281575E+03  0.279514E+03  0.256433E+00  0.933625E-01
2004  10  15  10.000  0.294500E+03  0.350799E+03  0.305200E+03  0.129569E+02  0.281743E+03  0.280380E+03  0.747912E+00  0.191001E+00
2004  10  15  11.000  0.268400E+03  0.360357E+03  0.570000E+03  0.241986E+02  0.284556E+03  0.281878E+03  0.973767E+00  0.250618E+00
2004  10  15  12.000  0.307500E+03  0.364265E+03  0.511100E+03  0.216981E+02  0.283282E+03  0.282192E+03  0.128474E+01  0.295897E+00
2004  10  15  13.000  0.295500E+03  0.370040E+03  0.529100E+03  0.224622E+02  0.286299E+03  0.283389E+03  0.852925E+00  0.228724E+00
2004  10  15  14.000  0.318300E+03  0.360849E+03  0.180900E+03  0.767987E+01  0.281608E+03  0.282002E+03  0.139827E+01  0.311037E+00
2004  10  15  15.000  0.315200E+03  0.353899E+03  0.986000E+02  0.418593E+01  0.281120E+03  0.281023E+03  0.974856E+00  0.210852E+00
2004  10  15  16.000  0.332300E+03  0.344850E+03  0.183000E+02  0.776902E+00  0.278888E+03  0.279257E+03  0.124451E+01  0.263684E+00
2004  10  15  17.000  0.335600E+03  0.334328E+03  0.000000E+00  0.000000E+00  0.276774E+03  0.277206E+03  0.175896E+01  0.368793E+00
2004  10  15  18.000  0.326400E+03  0.328537E+03  0.000000E+00  0.000000E+00  0.275493E+03  0.276302E+03  0.136323E+01  0.351232E+00
2004  10  15  19.000  0.319300E+03  0.324784E+03  0.000000E+00  0.000000E+00  0.275208E+03  0.275717E+03  0.128874E+01  0.257615E+00
2004  10  15  20.000  0.316500E+03  0.317938E+03  0.000000E+00  0.000000E+00  0.274073E+03  0.273384E+03  0.863947E+00  0.202945E+00
2004  10  15  21.000  0.323100E+03  0.323611E+03  0.000000E+00  0.000000E+00  0.274635E+03  0.274485E+03  0.166041E+01  0.323026E+00
2004  10  15  22.000  0.312500E+03  0.319448E+03  0.000000E+00  0.000000E+00  0.275328E+03  0.273771E+03  0.954457E+00  0.147374E+00
2004  10  15  23.000  0.314500E+03  0.316569E+03  0.000000E+00  0.000000E+00  0.274586E+03  0.273315E+03  0.317434E+00  0.533575E-01
2004  10  16   0.000  0.324000E+03  0.319783E+03  0.000000E+00  0.000000E+00  0.274968E+03  0.273540E+03  0.113829E+01  0.195685E+00
2004  10  16   1.000  0.319000E+03  0.318418E+03  0.000000E+00  0.000000E+00  0.275054E+03  0.273444E+03  0.101570E+01  0.126167E+00
2004  10  16   2.000  0.313700E+03  0.318246E+03  0.000000E+00  0.000000E+00  0.274744E+03  0.273752E+03  0.789185E+00  0.129582E+00
2004  10  16   3.000  0.312500E+03  0.317242E+03  0.000000E+00  0.000000E+00  0.274289E+03  0.274710E+03  0.314926E+00  0.514857E-01
2004  10  16   4.000  0.313900E+03  0.318806E+03  0.000000E+00  0.000000E+00  0.274577E+03  0.274874E+03  0.707941E+00  0.124675E+00
2004  10  16   5.000  0.302900E+03  0.317127E+03  0.000000E+00  0.000000E+00  0.274383E+03  0.274407E+03  0.706633E+00  0.684203E-01
2004  10  16   6.000  0.301500E+03  0.316765E+03  0.000000E+00  0.000000E+00  0.274302E+03  0.275126E+03  0.784096E+00  0.111479E+00
2004  10  16   7.000  0.300900E+03  0.317422E+03  0.980000E+01  0.420772E+00  0.274438E+03  0.274771E+03  0.469546E+00  0.823811E-01
2004  10  16   8.000  0.278500E+03  0.320122E+03  0.953000E+02  0.408887E+01  0.274977E+03  0.275351E+03  0.312374E+00  0.526764E-01
2004  10  16   9.000  0.298700E+03  0.327641E+03  0.200800E+03  0.860235E+01  0.275218E+03  0.275850E+03  0.780535E+00  0.118805E+00
2004  10  16  10.000  0.318300E+03  0.326575E+03  0.140800E+03  0.598526E+01  0.274886E+03  0.275355E+03  0.465004E+00  0.728406E-01
2004  10  16  11.000  0.318700E+03  0.341977E+03  0.303700E+03  0.128938E+02  0.275681E+03  0.278352E+03  0.384201E+00  0.447234E-01
2004  10  16  12.000  0.299900E+03  0.361033E+03  0.593700E+03  0.252059E+02  0.276768E+03  0.280894E+03  0.605404E+00  0.747821E-01
2004  10  16  13.000  0.262200E+03  0.353194E+03  0.587900E+03  0.249585E+02  0.282447E+03  0.279844E+03  0.109760E+01  0.254315E+00
2004  10  16  14.000  0.268100E+03  0.348974E+03  0.393500E+03  0.167055E+02  0.279965E+03  0.279674E+03  0.128413E+01  0.283308E+00
2004  10  16  15.000  0.273100E+03  0.348465E+03  0.268800E+03  0.114116E+02  0.282706E+03  0.279715E+03  0.309665E+00  0.109234E+00
2004  10  16  16.000  0.256800E+03  0.336689E+03  0.144600E+03  0.613880E+01  0.277501E+03  0.277807E+03  0.814984E+00  0.180924E+00
2004  10  16  17.000  0.281400E+03  0.330365E+03  0.320000E+01  0.135852E+00  0.276625E+03  0.276830E+03  0.147333E+00  0.395165E-01
2004  10  16  18.000  0.319300E+03  0.328204E+03  0.000000E+00  0.000000E+00  0.276582E+03  0.276100E+03  0.333334E+00  0.986983E-01
2004  10  16  19.000  0.318900E+03  0.324010E+03  0.000000E+00  0.000000E+00  0.275327E+03  0.275263E+03  0.523215E+00  0.133242E+00
2004  10  16  20.000  0.314200E+03  0.316278E+03  0.000000E+00  0.000000E+00  0.274441E+03  0.273272E+03  0.442245E+00  0.446271E-01
2004  10  16  21.000  0.315300E+03  0.317018E+03  0.000000E+00  0.000000E+00  0.274361E+03  0.273376E+03  0.441322E+00  0.834508E-01
2004  10  16  22.000  0.322400E+03  0.317658E+03  0.000000E+00  0.000000E+00  0.274045E+03  0.274192E+03  0.141520E+00  0.257300E-01
2004  10  16  23.000  0.322900E+03  0.318142E+03  0.000000E+00  0.000000E+00  0.274116E+03  0.274905E+03  0.611283E-01  0.136037E-01
2004  10  17   0.000  0.323300E+03  0.318067E+03  0.000000E+00  0.000000E+00  0.273731E+03  0.274726E+03  0.656960E-01  0.138353E-01
2004  10  17   1.000  0.315300E+03  0.316866E+03  0.000000E+00  0.000000E+00  0.274544E+03  0.273360E+03  0.608027E+00  0.586431E-01
2004  10  17   2.000  0.297600E+03  0.315166E+03  0.000000E+00  0.000000E+00  0.274792E+03  0.273306E+03  0.612066E+00  0.580871E-01
2004  10  17   3.000  0.321400E+03  0.318436E+03  0.000000E+00  0.000000E+00  0.274157E+03  0.275206E+03  0.701745E+00  0.779053E-01
2004  10  17   4.000  0.321800E+03  0.318106E+03  0.000000E+00  0.000000E+00  0.273968E+03  0.274582E+03  0.662162E+00  0.110722E+00
2004  10  17   5.000  0.325500E+03  0.318854E+03  0.000000E+00  0.000000E+00  0.274656E+03  0.273915E+03  0.881739E+00  0.987162E-01
2004  10  17   6.000  0.315200E+03  0.318984E+03  0.000000E+00  0.000000E+00  0.274247E+03  0.274934E+03  0.105243E+01  0.173892E+00
2004  10  17   7.000  0.291800E+03  0.320866E+03  0.177000E+02  0.761474E+00  0.274186E+03  0.274917E+03  0.137795E+01  0.237141E+00
2004  10  17   8.000  0.266700E+03  0.318664E+03  0.682000E+02  0.293284E+01  0.274651E+03  0.274163E+03  0.128245E+01  0.230082E+00
2004  10  17   9.000  0.246800E+03  0.320331E+03  0.939000E+02  0.402831E+01  0.275199E+03  0.274913E+03  0.147744E+01  0.247622E+00
2004  10  17  10.000  0.257900E+03  0.337601E+03  0.463000E+03  0.198074E+02  0.276409E+03  0.278086E+03  0.136695E+01  0.244848E+00
2004  10  17  11.000  0.277000E+03  0.346303E+03  0.512400E+03  0.217533E+02  0.277173E+03  0.279268E+03  0.134461E+01  0.226182E+00
2004  10  17  12.000  0.311400E+03  0.342426E+03  0.170600E+03  0.724260E+01  0.275821E+03  0.278364E+03  0.117569E+01  0.278022E+00
2004  10  17  13.000  0.332100E+03  0.333723E+03  0.453000E+02  0.192315E+01  0.275378E+03  0.276670E+03  0.728223E+00  0.265369E+00
2004  10  17  14.000  0.324600E+03  0.329466E+03  0.988000E+02  0.419816E+01  0.274624E+03  0.275966E+03  0.123059E+01  0.359497E+00
2004  10  17  15.000  0.289800E+03  0.333438E+03  0.172800E+03  0.733817E+01  0.277557E+03  0.277412E+03  0.160997E+01  0.296907E+00
2004  10  17  16.000  0.302200E+03  0.332315E+03  0.201000E+02  0.853319E+00  0.277005E+03  0.277071E+03  0.134535E+01  0.290361E+00
2004  10  17  17.000  0.311100E+03  0.332817E+03  0.400000E+00  0.169815E-01  0.277196E+03  0.277169E+03  0.142888E+01  0.303853E+00
2004  10  17  18.000  0.303900E+03  0.331730E+03  0.000000E+00  0.000000E+00  0.276901E+03  0.276998E+03  0.157310E+01  0.359245E+00
2004  10  17  19.000  0.315300E+03  0.333435E+03  0.000000E+00  0.000000E+00  0.277311E+03  0.277256E+03  0.188665E+01  0.411631E+00
2004  10  17  20.000  0.309800E+03  0.333481E+03  0.000000E+00  0.000000E+00  0.277241E+03  0.277325E+03  0.110045E+01  0.268589E+00
2004  10  17  21.000  0.281300E+03  0.331550E+03  0.000000E+00  0.000000E+00  0.276401E+03  0.277210E+03  0.772342E+00  0.259273E+00
2004  10  17  22.000  0.267700E+03  0.331104E+03  0.000000E+00  0.000000E+00  0.276163E+03  0.277249E+03  0.935739E+00  0.323616E+00
2004  10  17  23.000  0.272000E+03  0.333443E+03  0.000000E+00  0.000000E+00  0.276658E+03  0.277706E+03  0.922714E+00  0.288631E+00
2004  10  18   0.000  0.267800E+03  0.338706E+03  0.000000E+00  0.000000E+00  0.277383E+03  0.278803E+03  0.114694E+01  0.391437E+00
2004  10  18   1.000  0.260700E+03  0.336659E+03  0.000000E+00  0.000000E+00  0.276814E+03  0.278337E+03  0.969000E+00  0.239313E+00
2004  10  18   2.000  0.293600E+03  0.334229E+03  0.000000E+00  0.000000E+00  0.276663E+03  0.277610E+03  0.619038E+00  0.144835E+00
2004  10  18   3.000  0.307900E+03  0.332838E+03  0.000000E+00  0.000000E+00  0.276820E+03  0.277504E+03  0.483725E+00  0.716308E-01
2004  10  18   4.000  0.308600E+03  0.331858E+03  0.000000E+00  0.000000E+00  0.276900E+03  0.277531E+03  0.502648E+00  0.108107E+00
2004  10  18   5.000  0.261600E+03  0.326754E+03  0.000000E+00  0.000000E+00  0.276578E+03  0.276902E+03  0.694429E+00  0.115295E+00
2004  10  18   6.000  0.245500E+03  0.320481E+03  0.000000E+00  0.000000E+00  0.275964E+03  0.276281E+03  0.322955E+00  0.428347E-01
2004  10  18   7.000  0.243800E+03  0.318622E+03  0.910000E+01  0.386329E+00  0.275846E+03  0.275694E+03  0.473158E+00  0.928893E-01
2004  10  18   8.000  0.246000E+03  0.319340E+03  0.256000E+02  0.108681E+01  0.277150E+03  0.275797E+03  0.763614E+00  0.782404E-01
2004  10  18   9.000  0.257200E+03  0.329499E+03  0.954000E+02  0.405008E+01  0.278544E+03  0.277477E+03  0.652232E+00  0.183929E+00
2004  10  18  10.000  0.271700E+03  0.347276E+03  0.365400E+03  0.155126E+02  0.280887E+03  0.280105E+03  0.190953E+01  0.378818E+00
2004  10  18  11.000  0.303100E+03  0.350835E+03  0.264000E+03  0.112078E+02  0.280344E+03  0.280113E+03  0.121014E+01  0.256785E+00
2004  10  18  12.000  0.305800E+03  0.352658E+03  0.282100E+03  0.119762E+02  0.281157E+03  0.280412E+03  0.109209E+01  0.247415E+00
2004  10  18  13.000  0.297900E+03  0.352519E+03  0.222300E+03  0.943746E+01  0.281171E+03  0.280541E+03  0.746267E+00  0.180343E+00
2004  10  18  14.000  0.267400E+03  0.357921E+03  0.408900E+03  0.173593E+02  0.283333E+03  0.281679E+03  0.972882E+00  0.236911E+00
2004  10  18  15.000  0.278100E+03  0.356415E+03  0.233000E+03  0.989171E+01  0.281549E+03  0.281477E+03  0.996959E+00  0.212594E+00
2004  10  18  16.000  0.293400E+03  0.349810E+03  0.625000E+02  0.265336E+01  0.280216E+03  0.280401E+03  0.721734E+00  0.174993E+00
2004  10  18  17.000  0.295000E+03  0.342935E+03  0.500000E+01  0.212268E+00  0.278648E+03  0.279282E+03  0.458636E+00  0.147501E+00
2004  10  18  18.000  0.290700E+03  0.338203E+03  0.000000E+00  0.000000E+00  0.278023E+03  0.278610E+03  0.422947E+00  0.853090E-01
2004  10  18  19.000  0.297700E+03  0.335655E+03  0.000000E+00  0.000000E+00  0.277905E+03  0.278571E+03  0.362134E+00  0.100018E+00
2004  10  18  20.000  0.312700E+03  0.335647E+03  0.000000E+00  0.000000E+00  0.278321E+03  0.278359E+03  0.315004E+00  0.767223E-01
2004  10  18  21.000  0.328100E+03  0.337631E+03  0.000000E+00  0.000000E+00  0.278675E+03  0.278588E+03  0.738815E+00  0.126336E+00
2004  10  18  22.000  0.342800E+03  0.338206E+03  0.000000E+00  0.000000E+00  0.278098E+03  0.278035E+03  0.385582E+00  0.937457E-01
2004  10  18  23.000  0.343800E+03  0.337278E+03  0.000000E+00  0.000000E+00  0.277621E+03  0.277822E+03  0.846313E+00  0.170762E+00
2004  10  19   0.000  0.343400E+03  0.337335E+03  0.000000E+00  0.000000E+00  0.277894E+03  0.277861E+03  0.446278E+00  0.105733E+00
2004  10  19   1.000  0.341800E+03  0.338358E+03  0.000000E+00  0.000000E+00  0.278288E+03  0.278169E+03  0.268738E+00  0.680408E-01
2004  10  19   2.000  0.341300E+03  0.339246E+03  0.000000E+00  0.000000E+00  0.278313E+03  0.278329E+03  0.412632E+00  0.871251E-01
2004  10  19   3.000  0.339800E+03  0.340277E+03  0.000000E+00  0.000000E+00  0.278778E+03  0.278764E+03  0.602149E+00  0.983992E-01
2004  10  19   4.000  0.327500E+03  0.339392E+03  0.000000E+00  0.000000E+00  0.278533E+03  0.278684E+03  0.209027E+00  0.807661E-01
2004  10  19   5.000  0.328000E+03  0.339800E+03  0.000000E+00  0.000000E+00  0.278755E+03  0.278764E+03  0.342852E+00  0.114193E+00
2004  10  19   6.000  0.345600E+03  0.342472E+03  0.000000E+00  0.000000E+00  0.279539E+03  0.278961E+03  0.205651E+00  0.516102E-01
2004  10  19   7.000  0.341100E+03  0.344581E+03  0.660000E+01  0.280194E+00  0.279801E+03  0.279324E+03  0.298697E+00  0.110606E+00
2004  10  19   8.000  0.330800E+03  0.347718E+03  0.431000E+02  0.182975E+01  0.280701E+03  0.279891E+03  0.314920E+00  0.825411E-01
2004  10  19   9.000  0.335000E+03  0.352705E+03  0.681000E+02  0.289110E+01  0.281746E+03  0.280639E+03  0.772528E-01  0.237167E-01
2004  10  19  10.000  0.353000E+03  0.353184E+03  0.316000E+02  0.134154E+01  0.280782E+03  0.280670E+03  0.419183E+00  0.975504E-01
2004  10  19  11.000  0.363600E+03  0.354901E+03  0.525000E+02  0.222882E+01  0.281642E+03  0.280673E+03  0.144431E+00  0.373652E-01
2004  10  19  12.000  0.365100E+03  0.356045E+03  0.680000E+02  0.288685E+01  0.282058E+03  0.280897E+03  0.172642E+00  0.479019E-01
2004  10  19  13.000  0.367300E+03  0.357584E+03  0.690000E+02  0.292930E+01  0.282527E+03  0.281215E+03  0.172208E+00  0.515105E-01
2004  10  19  14.000  0.370200E+03  0.358143E+03  0.719000E+02  0.305242E+01  0.282225E+03  0.281334E+03  0.388493E+00  0.110760E+00
2004  10  19  15.000  0.369300E+03  0.359084E+03  0.523000E+02  0.222033E+01  0.282510E+03  0.281619E+03  0.282861E+00  0.867763E-01
2004  10  19  16.000  0.368800E+03  0.358172E+03  0.171000E+02  0.725958E+00  0.282154E+03  0.281511E+03  0.133109E+00  0.440726E-01
2004  10  19  17.000  0.364600E+03  0.355323E+03  0.130000E+01  0.551898E-01  0.281269E+03  0.281028E+03  0.271034E+00  0.741181E-01
2004  10  19  18.000  0.354300E+03  0.354145E+03  0.000000E+00  0.000000E+00  0.281290E+03  0.280942E+03  0.457568E-01  0.967782E-02
2004  10  19  19.000  0.351000E+03  0.353471E+03  0.000000E+00  0.000000E+00  0.281123E+03  0.280943E+03  0.247968E+00  0.552726E-01
2004  10  19  20.000  0.343300E+03  0.352655E+03  0.000000E+00  0.000000E+00  0.281323E+03  0.280794E+03  0.279009E+00  0.761937E-01
2004  10  19  21.000  0.361100E+03  0.354577E+03  0.000000E+00  0.000000E+00  0.281795E+03  0.281000E+03  0.441516E+00  0.614947E-01
2004  10  19  22.000  0.362700E+03  0.355753E+03  0.000000E+00  0.000000E+00  0.282021E+03  0.281213E+03  0.278261E+00  0.355096E-01
2004  10  19  23.000  0.363700E+03  0.356880E+03  0.000000E+00  0.000000E+00  0.282122E+03  0.281275E+03  0.373777E+00  0.669015E-01
2004  10  20   0.000  0.355600E+03  0.357340E+03  0.000000E+00  0.000000E+00  0.282285E+03  0.281399E+03  0.389243E+00  0.913040E-01
2004  10  20   1.000  0.306600E+03  0.354664E+03  0.000000E+00  0.000000E+00  0.282882E+03  0.281295E+03  0.909791E+00  0.141969E+00
2004  10  20   2.000  0.288400E+03  0.353011E+03  0.000000E+00  0.000000E+00  0.283131E+03  0.281375E+03  0.833210E+00  0.852607E-01
2004  10  20   3.000  0.287900E+03  0.352589E+03  0.000000E+00  0.000000E+00  0.282920E+03  0.281275E+03  0.539555E+00  0.107205E+00
2004  10  20   4.000  0.294800E+03  0.354713E+03  0.000000E+00  0.000000E+00  0.283222E+03  0.281672E+03  0.905407E+00  0.983281E-01
2004  10  20   5.000  0.308900E+03  0.359419E+03  0.000000E+00  0.000000E+00  0.283060E+03  0.281997E+03  0.100077E+01  0.234044E+00
2004  10  20   6.000  0.346100E+03  0.365608E+03  0.000000E+00  0.000000E+00  0.284735E+03  0.282710E+03  0.947141E+00  0.131605E+00
2004  10  20   7.000  0.354100E+03  0.368664E+03  0.117000E+02  0.496708E+00  0.285403E+03  0.283380E+03  0.693726E+00  0.710185E-01
2004  10  20   8.000  0.356200E+03  0.374520E+03  0.432000E+02  0.183400E+01  0.286131E+03  0.283814E+03  0.764919E+00  0.121021E+00
2004  10  20   9.000  0.350700E+03  0.381313E+03  0.106300E+03  0.451283E+01  0.286907E+03  0.284873E+03  0.372273E+00  0.882696E-01
2004  10  20  10.000  0.348400E+03  0.392810E+03  0.267300E+03  0.113479E+02  0.290128E+03  0.286826E+03  0.160944E+00  0.360223E-01
2004  10  20  11.000  0.355000E+03  0.409566E+03  0.340800E+03  0.144682E+02  0.293301E+03  0.289235E+03  0.135216E+00  0.285838E-01
2004  10  20  12.000  0.358600E+03  0.410618E+03  0.342600E+03  0.145446E+02  0.292334E+03  0.290479E+03  0.346032E+00  0.108393E+00
2004  10  20  13.000  0.364400E+03  0.399860E+03  0.194300E+03  0.824875E+01  0.288893E+03  0.288626E+03  0.692957E+00  0.159356E+00
2004  10  20  14.000  0.361000E+03  0.387947E+03  0.123900E+03  0.526001E+01  0.287371E+03  0.286676E+03  0.392528E+00  0.110430E+00
2004  10  20  15.000  0.354700E+03  0.384985E+03  0.789000E+02  0.334960E+01  0.287162E+03  0.286267E+03  0.137343E+00  0.371023E-01
2004  10  20  16.000  0.354000E+03  0.381049E+03  0.265000E+02  0.112502E+01  0.286340E+03  0.286145E+03  0.197622E+00  0.849704E-01
2004  10  20  17.000  0.352200E+03  0.377285E+03  0.400000E+00  0.169815E-01  0.285606E+03  0.285250E+03  0.463949E+00  0.783193E-01
2004  10  20  18.000  0.342700E+03  0.374747E+03  0.000000E+00  0.000000E+00  0.285436E+03  0.285119E+03  0.568784E+00  0.848468E-01
2004  10  20  19.000  0.354000E+03  0.373777E+03  0.000000E+00  0.000000E+00  0.285611E+03  0.284719E+03  0.523930E+00  0.801250E-01
2004  10  20  20.000  0.333400E+03  0.371186E+03  0.000000E+00  0.000000E+00  0.285542E+03  0.284575E+03  0.626923E+00  0.668949E-01
2004  10  20  21.000  0.312400E+03  0.368461E+03  0.000000E+00  0.000000E+00  0.286138E+03  0.284270E+03  0.691257E+00  0.710310E-01
2004  10  20  22.000  0.343000E+03  0.373470E+03  0.000000E+00  0.000000E+00  0.286912E+03  0.284821E+03  0.548506E+00  0.107978E+00
2004  10  20  23.000  0.321400E+03  0.373480E+03  0.000000E+00  0.000000E+00  0.286623E+03  0.284740E+03  0.102036E+01  0.136127E+00
2004  10  21   0.000  0.341100E+03  0.377329E+03  0.000000E+00  0.000000E+00  0.285998E+03  0.285269E+03  0.903696E+00  0.215187E+00
2004  10  21   1.000  0.358400E+03  0.382324E+03  0.000000E+00  0.000000E+00  0.285871E+03  0.286562E+03  0.883741E+00  0.285524E+00
2004  10  21   2.000  0.317500E+03  0.377329E+03  0.000000E+00  0.000000E+00  0.285837E+03  0.285188E+03  0.100993E+01  0.188723E+00
2004  10  21   3.000  0.350600E+03  0.377965E+03  0.000000E+00  0.000000E+00  0.285277E+03  0.285890E+03  0.102029E+01  0.399403E+00
2004  10  21   4.000  0.371400E+03  0.374865E+03  0.000000E+00  0.000000E+00  0.284829E+03  0.284924E+03  0.146468E+01  0.387641E+00
2004  10  21   5.000  0.373900E+03  0.372618E+03  0.000000E+00  0.000000E+00  0.284403E+03  0.284561E+03  0.467457E+00  0.168869E+00
2004  10  21   6.000  0.340700E+03  0.369158E+03  0.000000E+00  0.000000E+00  0.283477E+03  0.284258E+03  0.669038E+00  0.204945E+00
2004  10  21   7.000  0.365300E+03  0.370435E+03  0.140000E+01  0.594352E-01  0.284454E+03  0.284317E+03  0.907624E+00  0.219610E+00
2004  10  21   8.000  0.364700E+03  0.374699E+03  0.374000E+02  0.158777E+01  0.285473E+03  0.285131E+03  0.133281E+01  0.271025E+00
2004  10  21   9.000  0.330100E+03  0.374556E+03  0.118200E+03  0.501803E+01  0.285281E+03  0.285137E+03  0.105271E+01  0.215784E+00
2004  10  21  10.000  0.366500E+03  0.375814E+03  0.126600E+03  0.537464E+01  0.285308E+03  0.284893E+03  0.831472E+00  0.189645E+00
2004  10  21  11.000  0.358100E+03  0.377737E+03  0.154200E+03  0.654636E+01  0.285783E+03  0.285360E+03  0.895885E+00  0.199532E+00
2004  10  21  12.000  0.364700E+03  0.376948E+03  0.126200E+03  0.535766E+01  0.285598E+03  0.285070E+03  0.640076E+00  0.156322E+00
2004  10  21  13.000  0.359700E+03  0.379232E+03  0.200400E+03  0.850772E+01  0.286392E+03  0.285490E+03  0.846505E+00  0.201633E+00
2004  10  21  14.000  0.355900E+03  0.381402E+03  0.178500E+03  0.757798E+01  0.288118E+03  0.285832E+03  0.232386E+00  0.841549E-01
2004  10  21  15.000  0.359900E+03  0.376854E+03  0.689000E+02  0.292506E+01  0.285314E+03  0.285124E+03  0.315309E+00  0.855309E-01
2004  10  21  16.000  0.357200E+03  0.372702E+03  0.182000E+02  0.772657E+00  0.284679E+03  0.284640E+03  0.358507E+00  0.849715E-01
2004  10  21  17.000  0.370500E+03  0.367970E+03  0.000000E+00  0.000000E+00  0.283707E+03  0.283608E+03  0.385390E+00  0.985917E-01
2004  10  21  18.000  0.370400E+03  0.364372E+03  0.000000E+00  0.000000E+00  0.283399E+03  0.282963E+03  0.239409E+00  0.737281E-01
2004  10  21  19.000  0.366000E+03  0.363908E+03  0.000000E+00  0.000000E+00  0.283261E+03  0.283122E+03  0.390886E+00  0.948912E-01
2004  10  21  20.000  0.328800E+03  0.359667E+03  0.000000E+00  0.000000E+00  0.282639E+03  0.282992E+03  0.275423E+00  0.664521E-01
2004  10  21  21.000  0.329800E+03  0.358025E+03  0.000000E+00  0.000000E+00  0.282585E+03  0.282771E+03  0.307539E+00  0.735400E-01
2004  10  21  22.000  0.321500E+03  0.356526E+03  0.000000E+00  0.000000E+00  0.282179E+03  0.282566E+03  0.503401E+00  0.147298E+00
2004  10  21  23.000  0.302400E+03  0.351828E+03  0.000000E+00  0.000000E+00  0.282219E+03  0.281919E+03  0.337069E+00  0.366165E-01
2004  10  22   0.000  0.320500E+03  0.351230E+03  0.000000E+00  0.000000E+00  0.282283E+03  0.281572E+03  0.110988E+00  0.274568E-01
2004  10  22   1.000  0.325300E+03  0.353110E+03  0.000000E+00  0.000000E+00  0.282789E+03  0.281831E+03  0.412263E+00  0.780481E-01
2004  10  22   2.000  0.322700E+03  0.354930E+03  0.000000E+00  0.000000E+00  0.282685E+03  0.282210E+03  0.700538E+00  0.133739E+00
2004  10  22   3.000  0.324600E+03  0.355502E+03  0.000000E+00  0.000000E+00  0.282605E+03  0.282145E+03  0.698983E+00  0.104841E+00
2004  10  22   4.000  0.321300E+03  0.354029E+03  0.000000E+00  0.000000E+00  0.282722E+03  0.281893E+03  0.481368E+00  0.499079E-01
2004  10  22   5.000  0.324700E+03  0.355103E+03  0.000000E+00  0.000000E+00  0.282660E+03  0.281973E+03  0.482179E+00  0.959928E-01
2004  10  22   6.000  0.316400E+03  0.354516E+03  0.000000E+00  0.000000E+00  0.282307E+03  0.281883E+03  0.626192E+00  0.696380E-01
2004  10  22   7.000  0.311300E+03  0.354906E+03  0.274000E+02  0.116323E+01  0.282821E+03  0.282001E+03  0.556002E+00  0.568241E-01
2004  10  22   8.000  0.298700E+03  0.358335E+03  0.613000E+02  0.260241E+01  0.283707E+03  0.282593E+03  0.483238E+00  0.951440E-01
2004  10  22   9.000  0.287600E+03  0.355460E+03  0.390000E+02  0.165569E+01  0.283916E+03  0.282226E+03  0.462288E-01  0.111812E-01
2004  10  22  10.000  0.296100E+03  0.380562E+03  0.339300E+03  0.144045E+02  0.290967E+03  0.286508E+03  0.246162E+00  0.841603E-01
2004  10  22  11.000  0.305100E+03  0.396748E+03  0.512500E+03  0.217575E+02  0.293208E+03  0.288434E+03  0.305265E+00  0.108707E+00
2004  10  22  12.000  0.309000E+03  0.413852E+03  0.529800E+03  0.224920E+02  0.295150E+03  0.290548E+03  0.257087E+00  0.667544E-01
2004  10  22  13.000  0.311900E+03  0.409935E+03  0.463600E+03  0.196815E+02  0.292008E+03  0.290446E+03  0.510863E+00  0.146600E+00
2004  10  22  14.000  0.313500E+03  0.405458E+03  0.411800E+03  0.174824E+02  0.290797E+03  0.290005E+03  0.116175E+01  0.260555E+00
2004  10  22  15.000  0.312500E+03  0.397604E+03  0.253600E+03  0.107663E+02  0.289262E+03  0.288873E+03  0.784474E+00  0.181396E+00
2004  10  22  16.000  0.307400E+03  0.386756E+03  0.542000E+02  0.230099E+01  0.286749E+03  0.287078E+03  0.210160E+00  0.271116E-01
2004  10  22  17.000  0.306600E+03  0.375358E+03  0.500000E+00  0.212268E-01  0.285026E+03  0.285641E+03  0.607584E+00  0.115720E+00
2004  10  22  18.000  0.301900E+03  0.368899E+03  0.000000E+00  0.000000E+00  0.284625E+03  0.284742E+03  0.630127E+00  0.102491E+00
2004  10  22  19.000  0.312000E+03  0.366098E+03  0.000000E+00  0.000000E+00  0.284361E+03  0.284385E+03  0.602568E+00  0.122835E+00
2004  10  22  20.000  0.341900E+03  0.369281E+03  0.000000E+00  0.000000E+00  0.285107E+03  0.284525E+03  0.482641E+00  0.138344E+00
2004  10  22  21.000  0.333400E+03  0.368226E+03  0.000000E+00  0.000000E+00  0.284921E+03  0.284454E+03  0.621549E+00  0.110395E+00
2004  10  22  22.000  0.342000E+03  0.367626E+03  0.000000E+00  0.000000E+00  0.285016E+03  0.284225E+03  0.487898E+00  0.497217E-01
2004  10  22  23.000  0.354800E+03  0.369214E+03  0.000000E+00  0.000000E+00  0.284934E+03  0.284407E+03  0.461363E+00  0.107763E+00
2004  10  23   0.000  0.373400E+03  0.372044E+03  0.000000E+00  0.000000E+00  0.284819E+03  0.284636E+03  0.112631E+01  0.227566E+00
2004  10  23   1.000  0.355900E+03  0.368197E+03  0.000000E+00  0.000000E+00  0.283765E+03  0.283975E+03  0.543575E+00  0.157511E+00
2004  10  23   2.000  0.337600E+03  0.365026E+03  0.000000E+00  0.000000E+00  0.283414E+03  0.283868E+03  0.423937E+00  0.974306E-01
2004  10  23   3.000  0.320200E+03  0.362311E+03  0.000000E+00  0.000000E+00  0.283489E+03  0.283414E+03  0.557372E+00  0.110401E+00
2004  10  23   4.000  0.304000E+03  0.358888E+03  0.000000E+00  0.000000E+00  0.283170E+03  0.283126E+03  0.625575E+00  0.103778E+00
2004  10  23   5.000  0.320300E+03  0.358307E+03  0.000000E+00  0.000000E+00  0.283392E+03  0.282803E+03  0.555462E+00  0.568140E-01
2004  10  23   6.000  0.350300E+03  0.363133E+03  0.000000E+00  0.000000E+00  0.284193E+03  0.283312E+03  0.559456E+00  0.110447E+00
2004  10  23   7.000  0.324400E+03  0.362725E+03  0.111000E+02  0.471236E+00  0.284132E+03  0.283459E+03  0.767973E+00  0.121069E+00
2004  10  23   8.000  0.302100E+03  0.363990E+03  0.485000E+02  0.205900E+01  0.284516E+03  0.283709E+03  0.740420E+00  0.125548E+00
2004  10  23   9.000  0.293000E+03  0.371059E+03  0.934000E+02  0.396517E+01  0.286723E+03  0.284826E+03  0.552385E+00  0.108666E+00
2004  10  23  10.000  0.306200E+03  0.387777E+03  0.358600E+03  0.152239E+02  0.291808E+03  0.287494E+03  0.299527E+00  0.110369E+00
2004  10  23  11.000  0.305900E+03  0.396361E+03  0.417800E+03  0.177372E+02  0.291915E+03  0.288475E+03  0.269355E+00  0.952734E-01
2004  10  23  12.000  0.300600E+03  0.403963E+03  0.504700E+03  0.214264E+02  0.292656E+03  0.289844E+03  0.587127E+00  0.172506E+00
2004  10  23  13.000  0.301200E+03  0.407733E+03  0.504600E+03  0.214221E+02  0.291795E+03  0.290482E+03  0.938363E+00  0.227933E+00
2004  10  23  14.000  0.301300E+03  0.407555E+03  0.397300E+03  0.168668E+02  0.292118E+03  0.290584E+03  0.639540E+00  0.171041E+00
2004  10  23  15.000  0.302500E+03  0.401202E+03  0.226800E+03  0.962850E+01  0.290395E+03  0.289704E+03  0.284279E+00  0.836239E-01
2004  10  23  16.000  0.298300E+03  0.390137E+03  0.579000E+02  0.245807E+01  0.287304E+03  0.287853E+03  0.127872E+00  0.191740E-01
2004  10  23  17.000  0.300400E+03  0.378115E+03  0.280000E+01  0.118870E+00  0.285664E+03  0.286253E+03  0.556945E+00  0.947177E-01
2004  10  23  18.000  0.294500E+03  0.369694E+03  0.000000E+00  0.000000E+00  0.284591E+03  0.285118E+03  0.485101E+00  0.802200E-01
2004  10  23  19.000  0.288300E+03  0.363626E+03  0.000000E+00  0.000000E+00  0.284397E+03  0.284208E+03  0.553675E+00  0.568268E-01
2004  10  23  20.000  0.283200E+03  0.357864E+03  0.000000E+00  0.000000E+00  0.283965E+03  0.283479E+03  0.478133E+00  0.499839E-01
2004  10  23  21.000  0.281800E+03  0.355485E+03  0.000000E+00  0.000000E+00  0.283954E+03  0.282992E+03  0.694443E+00  0.710286E-01
2004  10  23  22.000  0.281300E+03  0.352642E+03  0.000000E+00  0.000000E+00  0.283670E+03  0.282597E+03  0.620502E+00  0.641496E-01
2004  10  23  23.000  0.279100E+03  0.352844E+03  0.000000E+00  0.000000E+00  0.283598E+03  0.282457E+03  0.836722E+00  0.852368E-01
2004  10  24   0.000  0.277700E+03  0.352725E+03  0.000000E+00  0.000000E+00  0.283418E+03  0.282380E+03  0.835657E+00  0.852482E-01
2004  10  24   1.000  0.275200E+03  0.350392E+03  0.000000E+00  0.000000E+00  0.283357E+03  0.282088E+03  0.688370E+00  0.712030E-01
2004  10  24   2.000  0.273000E+03  0.353275E+03  0.000000E+00  0.000000E+00  0.283502E+03  0.282386E+03  0.977341E+00  0.104561E+00
2004  10  24   3.000  0.269700E+03  0.349401E+03  0.000000E+00  0.000000E+00  0.283049E+03  0.281888E+03  0.612007E+00  0.642299E-01
2004  10  24   4.000  0.268400E+03  0.351607E+03  0.000000E+00  0.000000E+00  0.283373E+03  0.282370E+03  0.111996E+01  0.174707E+00
2004  10  24   5.000  0.268200E+03  0.354868E+03  0.000000E+00  0.000000E+00  0.283973E+03  0.282686E+03  0.122179E+01  0.160624E+00
2004  10  24   6.000  0.267900E+03  0.356836E+03  0.000000E+00  0.000000E+00  0.284205E+03  0.282887E+03  0.125708E+01  0.150327E+00
2004  10  24   7.000  0.267700E+03  0.357685E+03  0.480000E+01  0.203778E+00  0.285004E+03  0.282954E+03  0.897088E+00  0.923250E-01
2004  10  24   8.000  0.268300E+03  0.362453E+03  0.187000E+02  0.793884E+00  0.286173E+03  0.283663E+03  0.524885E+00  0.100889E+00
2004  10  24   9.000  0.270600E+03  0.362406E+03  0.278000E+02  0.118021E+01  0.286212E+03  0.283608E+03  0.184915E+00  0.552219E-01
2004  10  24  10.000  0.284200E+03  0.398143E+03  0.422500E+03  0.179367E+02  0.295764E+03  0.288783E+03  0.217539E+00  0.811772E-01
2004  10  24  11.000  0.296200E+03  0.422619E+03  0.520000E+03  0.220759E+02  0.296209E+03  0.292894E+03  0.215434E+00  0.579335E-01
2004  10  24  12.000  0.298200E+03  0.432067E+03  0.539900E+03  0.229207E+02  0.297588E+03  0.294462E+03  0.268355E+00  0.851254E-01
2004  10  24  13.000  0.299500E+03  0.436440E+03  0.500800E+03  0.212608E+02  0.297692E+03  0.295283E+03  0.275106E+00  0.884538E-01
2004  10  24  14.000  0.300300E+03  0.431477E+03  0.403700E+03  0.171386E+02  0.295818E+03  0.294517E+03  0.309761E+00  0.935241E-01
2004  10  24  15.000  0.298800E+03  0.424436E+03  0.221600E+03  0.940774E+01  0.293185E+03  0.293038E+03  0.271362E+00  0.473498E-01
2004  10  24  16.000  0.292000E+03  0.410471E+03  0.530000E+02  0.225005E+01  0.291161E+03  0.291833E+03  0.468382E+00  0.805960E-01
2004  10  24  17.000  0.283900E+03  0.395987E+03  0.000000E+00  0.000000E+00  0.289071E+03  0.289049E+03  0.686065E+00  0.115419E+00
2004  10  24  18.000  0.281100E+03  0.387338E+03  0.000000E+00  0.000000E+00  0.287706E+03  0.287948E+03  0.102117E+01  0.161953E+00
2004  10  24  19.000  0.279100E+03  0.380814E+03  0.000000E+00  0.000000E+00  0.287669E+03  0.287168E+03  0.685934E+00  0.750911E-01
2004  10  24  20.000  0.277800E+03  0.374884E+03  0.000000E+00  0.000000E+00  0.286264E+03  0.286238E+03  0.688671E+00  0.785426E-01
2004  10  24  21.000  0.277700E+03  0.370909E+03  0.000000E+00  0.000000E+00  0.285256E+03  0.285557E+03  0.980316E+00  0.114304E+00
2004  10  24  22.000  0.276200E+03  0.364602E+03  0.000000E+00  0.000000E+00  0.284211E+03  0.284964E+03  0.836917E+00  0.129802E+00
2004  10  24  23.000  0.283100E+03  0.361792E+03  0.000000E+00  0.000000E+00  0.284497E+03  0.284237E+03  0.394656E+00  0.759943E-01
2004  10  25   0.000  0.297800E+03  0.360580E+03  0.000000E+00  0.000000E+00  0.284468E+03  0.283872E+03  0.246149E+00  0.486559E-01
2004  10  25   1.000  0.301600E+03  0.363784E+03  0.000000E+00  0.000000E+00  0.284916E+03  0.284197E+03  0.835719E+00  0.927224E-01
2004  10  25   2.000  0.306900E+03  0.365596E+03  0.000000E+00  0.000000E+00  0.285082E+03  0.284391E+03  0.835288E+00  0.894232E-01
2004  10  25   3.000  0.315300E+03  0.367122E+03  0.000000E+00  0.000000E+00  0.285347E+03  0.284598E+03  0.995660E+00  0.124346E+00
2004  10  25   4.000  0.311600E+03  0.366901E+03  0.000000E+00  0.000000E+00  0.285082E+03  0.284615E+03  0.907448E+00  0.140750E+00
2004  10  25   5.000  0.297200E+03  0.362158E+03  0.000000E+00  0.000000E+00  0.284077E+03  0.283839E+03  0.542350E+00  0.568497E-01
2004  10  25   6.000  0.295900E+03  0.360231E+03  0.000000E+00  0.000000E+00  0.283506E+03  0.283461E+03  0.690614E+00  0.751768E-01
2004  10  25   7.000  0.293600E+03  0.357463E+03  0.150000E+02  0.636805E+00  0.283538E+03  0.283177E+03  0.471569E+00  0.499804E-01
2004  10  25   8.000  0.288800E+03  0.360403E+03  0.620000E+02  0.263213E+01  0.284467E+03  0.283599E+03  0.327983E+00  0.614689E-01
2004  10  25   9.000  0.290800E+03  0.364908E+03  0.866000E+02  0.367649E+01  0.285361E+03  0.284181E+03  0.255283E+00  0.545794E-01
2004  10  25  10.000  0.298100E+03  0.383356E+03  0.326300E+03  0.138526E+02  0.290269E+03  0.287033E+03  0.367162E+00  0.120989E+00
2004  10  25  11.000  0.300800E+03  0.390140E+03  0.394500E+03  0.167480E+02  0.288672E+03  0.287657E+03  0.715171E+00  0.181453E+00
2004  10  25  12.000  0.307900E+03  0.396777E+03  0.476300E+03  0.202207E+02  0.290463E+03  0.288650E+03  0.905272E+00  0.227447E+00
2004  10  25  13.000  0.314400E+03  0.398739E+03  0.471000E+03  0.199957E+02  0.289714E+03  0.288848E+03  0.113822E+01  0.261391E+00
2004  10  25  14.000  0.346600E+03  0.391768E+03  0.246700E+03  0.104733E+02  0.287622E+03  0.287682E+03  0.158092E+01  0.333216E+00
2004  10  25  15.000  0.352600E+03  0.378160E+03  0.984000E+02  0.417744E+01  0.285060E+03  0.285333E+03  0.116772E+01  0.246349E+00
2004  10  25  16.000  0.360800E+03  0.369046E+03  0.700000E+01  0.297176E+00  0.283605E+03  0.283972E+03  0.936337E+00  0.198231E+00
2004  10  25  17.000  0.360800E+03  0.364708E+03  0.000000E+00  0.000000E+00  0.283277E+03  0.283310E+03  0.498008E+00  0.121134E+00
2004  10  25  18.000  0.358300E+03  0.362071E+03  0.000000E+00  0.000000E+00  0.283058E+03  0.282853E+03  0.303944E+00  0.835639E-01
2004  10  25  19.000  0.341700E+03  0.359132E+03  0.000000E+00  0.000000E+00  0.282488E+03  0.282523E+03  0.269256E+00  0.710831E-01
2004  10  25  20.000  0.341800E+03  0.357513E+03  0.000000E+00  0.000000E+00  0.282251E+03  0.282235E+03  0.263236E+00  0.706847E-01
2004  10  25  21.000  0.353400E+03  0.358199E+03  0.000000E+00  0.000000E+00  0.282814E+03  0.282263E+03  0.108057E+00  0.371230E-01
2004  10  25  22.000  0.356700E+03  0.358195E+03  0.000000E+00  0.000000E+00  0.282205E+03  0.282231E+03  0.385372E+00  0.938121E-01
2004  10  25  23.000  0.364500E+03  0.357660E+03  0.000000E+00  0.000000E+00  0.282597E+03  0.281851E+03  0.138148E+00  0.474968E-01
2004  10  26   0.000  0.358000E+03  0.354338E+03  0.000000E+00  0.000000E+00  0.281727E+03  0.281165E+03  0.172759E+00  0.599044E-01
2004  10  26   1.000  0.357300E+03  0.351534E+03  0.000000E+00  0.000000E+00  0.280799E+03  0.280737E+03  0.416327E+00  0.110412E+00
2004  10  26   2.000  0.350600E+03  0.348248E+03  0.000000E+00  0.000000E+00  0.279864E+03  0.280221E+03  0.822244E+00  0.173388E+00
2004  10  26   3.000  0.343700E+03  0.345734E+03  0.000000E+00  0.000000E+00  0.279719E+03  0.279788E+03  0.482522E+00  0.118032E+00
2004  10  26   4.000  0.344700E+03  0.345844E+03  0.000000E+00  0.000000E+00  0.279989E+03  0.279909E+03  0.358629E+00  0.960074E-01
2004  10  26   5.000  0.344700E+03  0.346071E+03  0.000000E+00  0.000000E+00  0.279665E+03  0.279963E+03  0.119088E+01  0.240808E+00
2004  10  26   6.000  0.352000E+03  0.346413E+03  0.000000E+00  0.000000E+00  0.279823E+03  0.279898E+03  0.552855E+00  0.128163E+00
2004  10  26   7.000  0.359200E+03  0.348045E+03  0.170000E+01  0.721713E-01  0.280819E+03  0.280173E+03  0.115540E+00  0.290937E-01
2004  10  26   8.000  0.360900E+03  0.347987E+03  0.820000E+01  0.348120E+00  0.280411E+03  0.279918E+03  0.282387E+00  0.852756E-01
2004  10  26   9.000  0.356400E+03  0.346817E+03  0.183000E+02  0.776902E+00  0.279691E+03  0.279741E+03  0.667639E+00  0.152718E+00
2004  10  26  10.000  0.356600E+03  0.347474E+03  0.362000E+02  0.153682E+01  0.280486E+03  0.279800E+03  0.379827E+00  0.110176E+00
2004  10  26  11.000  0.357400E+03  0.347758E+03  0.439000E+02  0.186372E+01  0.279891E+03  0.279854E+03  0.779959E+00  0.176037E+00
2004  10  26  12.000  0.356100E+03  0.346961E+03  0.391000E+02  0.165994E+01  0.279944E+03  0.279651E+03  0.574964E+00  0.142966E+00
2004  10  26  13.000  0.354300E+03  0.347483E+03  0.890000E+02  0.377838E+01  0.280179E+03  0.279659E+03  0.731109E+00  0.178368E+00
2004  10  26  14.000  0.351400E+03  0.345033E+03  0.535000E+02  0.227127E+01  0.279015E+03  0.279271E+03  0.111313E+01  0.230780E+00
2004  10  26  15.000  0.348100E+03  0.342846E+03  0.208000E+02  0.883037E+00  0.278721E+03  0.279000E+03  0.106427E+01  0.217470E+00
2004  10  26  16.000  0.349300E+03  0.341848E+03  0.770000E+01  0.326893E+00  0.278785E+03  0.278836E+03  0.668062E+00  0.151805E+00
2004  10  26  17.000  0.348900E+03  0.341687E+03  0.000000E+00  0.000000E+00  0.279103E+03  0.278833E+03  0.350310E+00  0.962279E-01
2004  10  26  18.000  0.348600E+03  0.339364E+03  0.000000E+00  0.000000E+00  0.278567E+03  0.278217E+03  0.340006E+00  0.971365E-01
2004  10  26  19.000  0.341000E+03  0.334610E+03  0.000000E+00  0.000000E+00  0.277368E+03  0.277279E+03  0.461411E+00  0.120670E+00
2004  10  26  20.000  0.339600E+03  0.320623E+03  0.000000E+00  0.000000E+00  0.275775E+03  0.273738E+03  0.290921E+00  0.551983E-01
2004  10  26  21.000  0.340400E+03  0.321715E+03  0.000000E+00  0.000000E+00  0.275818E+03  0.273907E+03  0.531181E+00  0.980073E-01
2004  10  26  22.000  0.340600E+03  0.322736E+03  0.000000E+00  0.000000E+00  0.275981E+03  0.273845E+03  0.990076E+00  0.155561E+00
2004  10  26  23.000  0.340500E+03  0.323271E+03  0.000000E+00  0.000000E+00  0.275547E+03  0.273868E+03  0.115698E+01  0.213660E+00
2004  10  27   0.000  0.338500E+03  0.322380E+03  0.000000E+00  0.000000E+00  0.275444E+03  0.273734E+03  0.111464E+01  0.196624E+00
2004  10  27   1.000  0.335600E+03  0.321219E+03  0.000000E+00  0.000000E+00  0.275838E+03  0.273842E+03  0.537324E+00  0.963366E-01
2004  10  27   2.000  0.324000E+03  0.319142E+03  0.000000E+00  0.000000E+00  0.275909E+03  0.273642E+03  0.304051E+00  0.496935E-01
2004  10  27   3.000  0.291400E+03  0.317432E+03  0.000000E+00  0.000000E+00  0.274954E+03  0.275305E+03  0.532616E+00  0.939916E-01
2004  10  27   4.000  0.290600E+03  0.317251E+03  0.000000E+00  0.000000E+00  0.274803E+03  0.275439E+03  0.300897E+00  0.548823E-01
2004  10  27   5.000  0.299700E+03  0.319435E+03  0.000000E+00  0.000000E+00  0.275147E+03  0.275698E+03  0.608315E+00  0.568213E-01
2004  10  27   6.000  0.319200E+03  0.322252E+03  0.000000E+00  0.000000E+00  0.275019E+03  0.275912E+03  0.148410E+00  0.272488E-01
2004  10  27   7.000  0.311300E+03  0.323211E+03  0.350000E+01  0.148588E+00  0.274780E+03  0.275978E+03  0.378117E+00  0.398549E-01
2004  10  27   8.000  0.282000E+03  0.321962E+03  0.258000E+02  0.109531E+01  0.274316E+03  0.276515E+03  0.375813E+00  0.391487E-01
2004  10  27   9.000  0.313000E+03  0.334539E+03  0.133800E+03  0.568030E+01  0.276364E+03  0.277622E+03  0.755162E+00  0.119412E+00
2004  10  27  10.000  0.283000E+03  0.373062E+03  0.403500E+03  0.171301E+02  0.280500E+03  0.285737E+03  0.214017E+01  0.447278E+00
2004  10  27  11.000  0.287800E+03  0.386662E+03  0.484000E+03  0.205476E+02  0.290780E+03  0.287126E+03  0.338420E+01  0.642569E+00
2004  10  27  12.000  0.288100E+03  0.377849E+03  0.527600E+03  0.223986E+02  0.283855E+03  0.284557E+03  0.130683E+01  0.307914E+00
2004  10  27  13.000  0.279500E+03  0.365065E+03  0.464800E+03  0.197325E+02  0.286242E+03  0.282111E+03  0.592863E+00  0.185438E+00
2004  10  27  14.000  0.276200E+03  0.357334E+03  0.288900E+03  0.122649E+02  0.282865E+03  0.281274E+03  0.387006E+00  0.121300E+00
2004  10  27  15.000  0.283500E+03  0.351991E+03  0.124200E+03  0.527275E+01  0.281437E+03  0.280883E+03  0.393119E+00  0.111205E+00
2004  10  27  16.000  0.298400E+03  0.354585E+03  0.478000E+02  0.202929E+01  0.282736E+03  0.281744E+03  0.634026E+00  0.180317E+00
2004  10  27  17.000  0.302100E+03  0.361548E+03  0.130000E+01  0.551898E-01  0.284168E+03  0.282824E+03  0.107780E+01  0.262185E+00
2004  10  27  18.000  0.287000E+03  0.352753E+03  0.000000E+00  0.000000E+00  0.280416E+03  0.281417E+03  0.658596E+00  0.182463E+00
2004  10  27  19.000  0.275500E+03  0.338818E+03  0.000000E+00  0.000000E+00  0.278005E+03  0.278616E+03  0.433160E+00  0.121194E+00
2004  10  27  20.000  0.280100E+03  0.334398E+03  0.000000E+00  0.000000E+00  0.277649E+03  0.278213E+03  0.395213E+00  0.799445E-01
2004  10  27  21.000  0.286900E+03  0.332037E+03  0.000000E+00  0.000000E+00  0.277586E+03  0.278272E+03  0.257034E+00  0.621609E-01
2004  10  27  22.000  0.269800E+03  0.328618E+03  0.000000E+00  0.000000E+00  0.277647E+03  0.277790E+03  0.536308E+00  0.568205E-01
2004  10  27  23.000  0.295700E+03  0.329302E+03  0.000000E+00  0.000000E+00  0.277563E+03  0.277715E+03  0.451467E+00  0.568128E-01
2004  10  28   0.000  0.312900E+03  0.330747E+03  0.000000E+00  0.000000E+00  0.277372E+03  0.277712E+03  0.270226E+00  0.829304E-01
2004  10  28   1.000  0.329300E+03  0.337127E+03  0.000000E+00  0.000000E+00  0.279571E+03  0.278966E+03  0.448796E+00  0.136832E+00
2004  10  28   2.000  0.330800E+03  0.340429E+03  0.000000E+00  0.000000E+00  0.280391E+03  0.279233E+03  0.549810E+00  0.785290E-01
2004  10  28   3.000  0.343700E+03  0.356950E+03  0.000000E+00  0.000000E+00  0.283341E+03  0.281744E+03  0.840596E+00  0.206606E+00
2004  10  28   4.000  0.342900E+03  0.363118E+03  0.000000E+00  0.000000E+00  0.283629E+03  0.282286E+03  0.889302E+00  0.223648E+00
2004  10  28   5.000  0.339300E+03  0.360300E+03  0.000000E+00  0.000000E+00  0.282329E+03  0.282092E+03  0.260386E+00  0.548673E-01
2004  10  28   6.000  0.338600E+03  0.357964E+03  0.000000E+00  0.000000E+00  0.282579E+03  0.281770E+03  0.462288E-01  0.131807E-01
2004  10  28   7.000  0.341300E+03  0.359881E+03  0.110000E+01  0.466991E-01  0.283742E+03  0.282121E+03  0.401833E+00  0.773247E-01
2004  10  28   8.000  0.346900E+03  0.362265E+03  0.112000E+02  0.475481E+00  0.283333E+03  0.282488E+03  0.628448E+00  0.105909E+00
2004  10  28   9.000  0.344400E+03  0.362668E+03  0.333000E+02  0.141371E+01  0.282733E+03  0.282763E+03  0.204192E+00  0.364347E-01
2004  10  28  10.000  0.341800E+03  0.369096E+03  0.891000E+02  0.378262E+01  0.285086E+03  0.283306E+03  0.587638E+00  0.107003E+00
2004  10  28  11.000  0.345600E+03  0.376442E+03  0.885000E+02  0.375715E+01  0.285747E+03  0.285240E+03  0.540109E+00  0.188443E+00
2004  10  28  12.000  0.312200E+03  0.384391E+03  0.320300E+03  0.135979E+02  0.288707E+03  0.286612E+03  0.621160E+00  0.168145E+00
2004  10  28  13.000  0.300000E+03  0.393270E+03  0.435900E+03  0.185056E+02  0.289676E+03  0.288094E+03  0.813504E+00  0.203721E+00
2004  10  28  14.000  0.299600E+03  0.388017E+03  0.283200E+03  0.120229E+02  0.287245E+03  0.287154E+03  0.111625E+01  0.236052E+00
2004  10  28  15.000  0.322700E+03  0.379841E+03  0.908000E+02  0.385480E+01  0.285741E+03  0.285823E+03  0.439890E+00  0.988468E-01
2004  10  28  16.000  0.337900E+03  0.377343E+03  0.231000E+02  0.980680E+00  0.285257E+03  0.285624E+03  0.600143E+00  0.185549E+00
2004  10  28  17.000  0.325200E+03  0.379305E+03  0.160000E+01  0.679259E-01  0.285247E+03  0.286264E+03  0.979366E+00  0.319217E+00
2004  10  28  18.000  0.345100E+03  0.380950E+03  0.000000E+00  0.000000E+00  0.285846E+03  0.286414E+03  0.114478E+01  0.440018E+00
2004  10  28  19.000  0.295100E+03  0.374578E+03  0.000000E+00  0.000000E+00  0.283974E+03  0.285474E+03  0.981525E+00  0.226374E+00
2004  10  28  20.000  0.289900E+03  0.372398E+03  0.000000E+00  0.000000E+00  0.283699E+03  0.285294E+03  0.100587E+01  0.298134E+00
2004  10  28  21.000  0.331200E+03  0.377288E+03  0.000000E+00  0.000000E+00  0.284986E+03  0.285882E+03  0.908951E+00  0.282426E+00
2004  10  28  22.000  0.344300E+03  0.380200E+03  0.000000E+00  0.000000E+00  0.285298E+03  0.286296E+03  0.942850E+00  0.313414E+00
2004  10  28  23.000  0.331300E+03  0.378327E+03  0.000000E+00  0.000000E+00  0.284679E+03  0.286015E+03  0.102473E+01  0.352898E+00
2004  10  29   0.000  0.332100E+03  0.376461E+03  0.000000E+00  0.000000E+00  0.284449E+03  0.285678E+03  0.949347E+00  0.321284E+00
2004  10  29   1.000  0.327700E+03  0.372220E+03  0.000000E+00  0.000000E+00  0.283659E+03  0.284918E+03  0.866018E+00  0.282651E+00
2004  10  29   2.000  0.305100E+03  0.370396E+03  0.000000E+00  0.000000E+00  0.283252E+03  0.284851E+03  0.970715E+00  0.290787E+00
2004  10  29   3.000  0.284000E+03  0.356874E+03  0.000000E+00  0.000000E+00  0.281184E+03  0.282284E+03  0.553273E+00  0.981605E-01
2004  10  29   4.000  0.278000E+03  0.349656E+03  0.000000E+00  0.000000E+00  0.280245E+03  0.281473E+03  0.408631E+00  0.579190E-01
2004  10  29   5.000  0.277200E+03  0.344921E+03  0.000000E+00  0.000000E+00  0.279988E+03  0.280910E+03  0.407247E+00  0.829025E-01
2004  10  29   6.000  0.278200E+03  0.340945E+03  0.000000E+00  0.000000E+00  0.279455E+03  0.280282E+03  0.481903E+00  0.497196E-01
2004  10  29   7.000  0.304600E+03  0.341474E+03  0.115000E+02  0.488217E+00  0.279443E+03  0.280219E+03  0.349639E+00  0.355108E-01
2004  10  29   8.000  0.272300E+03  0.339190E+03  0.280000E+02  0.118870E+01  0.279546E+03  0.280076E+03  0.337644E+00  0.654745E-01
2004  10  29   9.000  0.272800E+03  0.341015E+03  0.361000E+02  0.153258E+01  0.281083E+03  0.280337E+03  0.328215E+00  0.628527E-01
2004  10  29  10.000  0.285300E+03  0.359791E+03  0.250400E+03  0.106304E+02  0.285817E+03  0.282957E+03  0.274215E+00  0.918749E-01
2004  10  29  11.000  0.317500E+03  0.367685E+03  0.268400E+03  0.113946E+02  0.284434E+03  0.283566E+03  0.662637E+00  0.168412E+00
2004  10  29  12.000  0.338300E+03  0.366092E+03  0.149800E+03  0.635956E+01  0.283421E+03  0.283097E+03  0.585401E+00  0.146447E+00
2004  10  29  13.000  0.318300E+03  0.367258E+03  0.191100E+03  0.811290E+01  0.285178E+03  0.283502E+03  0.294083E+00  0.979857E-01
2004  10  29  14.000  0.314300E+03  0.363678E+03  0.120000E+03  0.509444E+01  0.282990E+03  0.282985E+03  0.508253E+00  0.122599E+00
2004  10  29  15.000  0.313000E+03  0.360375E+03  0.808000E+02  0.343026E+01  0.282569E+03  0.282534E+03  0.450222E+00  0.109886E+00
2004  10  29  16.000  0.306800E+03  0.358707E+03  0.515000E+02  0.218637E+01  0.282312E+03  0.282574E+03  0.666920E-01  0.178508E-01
2004  10  29  17.000  0.299100E+03  0.352655E+03  0.000000E+00  0.000000E+00  0.280979E+03  0.281794E+03  0.414449E+00  0.427964E-01
2004  10  29  18.000  0.287500E+03  0.347646E+03  0.000000E+00  0.000000E+00  0.280444E+03  0.281243E+03  0.674861E+00  0.115327E+00
2004  10  29  19.000  0.270700E+03  0.342146E+03  0.000000E+00  0.000000E+00  0.279733E+03  0.280685E+03  0.770616E+00  0.123573E+00
2004  10  29  20.000  0.274600E+03  0.340888E+03  0.000000E+00  0.000000E+00  0.279620E+03  0.280456E+03  0.784351E+00  0.167064E+00
2004  10  29  21.000  0.285500E+03  0.345978E+03  0.000000E+00  0.000000E+00  0.280646E+03  0.280939E+03  0.912519E+00  0.225396E+00
2004  10  29  22.000  0.273100E+03  0.342717E+03  0.000000E+00  0.000000E+00  0.280657E+03  0.280247E+03  0.691219E+00  0.710291E-01
2004  10  29  23.000  0.297400E+03  0.345191E+03  0.000000E+00  0.000000E+00  0.280849E+03  0.280682E+03  0.854196E+00  0.124886E+00
2004  10  30   0.000  0.301800E+03  0.344720E+03  0.000000E+00  0.000000E+00  0.280530E+03  0.280622E+03  0.697050E+00  0.113609E+00
2004  10  30   1.000  0.289600E+03  0.346508E+03  0.000000E+00  0.000000E+00  0.281422E+03  0.280658E+03  0.835598E+00  0.930362E-01
2004  10  30   2.000  0.294500E+03  0.350959E+03  0.000000E+00  0.000000E+00  0.279839E+03  0.281230E+03  0.100253E+01  0.329130E+00
2004  10  30   3.000  0.269100E+03  0.343241E+03  0.000000E+00  0.000000E+00  0.278596E+03  0.279953E+03  0.891867E+00  0.138901E+00
2004  10  30   4.000  0.282200E+03  0.339225E+03  0.000000E+00  0.000000E+00  0.278587E+03  0.279605E+03  0.697882E+00  0.713935E-01
2004  10  30   5.000  0.336400E+03  0.343834E+03  0.000000E+00  0.000000E+00  0.279508E+03  0.280143E+03  0.469133E+00  0.136440E+00
2004  10  30   6.000  0.331100E+03  0.343527E+03  0.000000E+00  0.000000E+00  0.279357E+03  0.279889E+03  0.274145E+00  0.284358E-01
2004  10  30   7.000  0.319100E+03  0.342193E+03  0.600000E+01  0.254722E+00  0.279042E+03  0.279785E+03  0.199898E+00  0.213743E-01
2004  10  30   8.000  0.322700E+03  0.344826E+03  0.411000E+02  0.174485E+01  0.279684E+03  0.280043E+03  0.441575E-01  0.923643E-02
2004  10  30   9.000  0.292500E+03  0.346841E+03  0.101100E+03  0.429207E+01  0.280561E+03  0.280188E+03  0.140841E+00  0.483359E-01
2004  10  30  10.000  0.328500E+03  0.355151E+03  0.220500E+03  0.936104E+01  0.282577E+03  0.281134E+03  0.629529E+00  0.168118E+00
2004  10  30  11.000  0.325600E+03  0.354875E+03  0.145900E+03  0.619399E+01  0.281083E+03  0.281147E+03  0.867015E+00  0.189876E+00
2004  10  30  12.000  0.333900E+03  0.357116E+03  0.168500E+03  0.715345E+01  0.282339E+03  0.281463E+03  0.661960E+00  0.168074E+00
2004  10  30  13.000  0.332600E+03  0.358709E+03  0.176300E+03  0.748459E+01  0.282475E+03  0.281748E+03  0.672059E+00  0.168265E+00
2004  10  30  14.000  0.335500E+03  0.360711E+03  0.160500E+03  0.681382E+01  0.282825E+03  0.282168E+03  0.682366E+00  0.167426E+00
2004  10  30  15.000  0.318000E+03  0.356632E+03  0.833000E+02  0.353639E+01  0.281664E+03  0.281630E+03  0.450623E+00  0.110462E+00
2004  10  30  16.000  0.328100E+03  0.354398E+03  0.219000E+02  0.929736E+00  0.281170E+03  0.281404E+03  0.105781E+00  0.282656E-01
2004  10  30  17.000  0.302500E+03  0.348289E+03  0.000000E+00  0.000000E+00  0.280025E+03  0.280710E+03  0.462288E-01  0.930656E-02
2004  10  30  18.000  0.269900E+03  0.339831E+03  0.000000E+00  0.000000E+00  0.278678E+03  0.279986E+03  0.124358E+00  0.166259E-01
2004  10  30  19.000  0.266700E+03  0.334839E+03  0.000000E+00  0.000000E+00  0.278275E+03  0.279421E+03  0.629028E+00  0.938343E-01
2004  10  30  20.000  0.263900E+03  0.330962E+03  0.000000E+00  0.000000E+00  0.277902E+03  0.278260E+03  0.555419E+00  0.568362E-01
2004  10  30  21.000  0.263600E+03  0.329166E+03  0.000000E+00  0.000000E+00  0.277747E+03  0.277872E+03  0.698824E+00  0.743846E-01
2004  10  30  22.000  0.271100E+03  0.327948E+03  0.000000E+00  0.000000E+00  0.277834E+03  0.277726E+03  0.626462E+00  0.639185E-01
2004  10  30  23.000  0.275100E+03  0.327715E+03  0.000000E+00  0.000000E+00  0.277787E+03  0.277724E+03  0.407075E+00  0.772170E-01
2004  10  31   0.000  0.264900E+03  0.325506E+03  0.000000E+00  0.000000E+00  0.277346E+03  0.277423E+03  0.329582E+00  0.612656E-01
2004  10  31   1.000  0.253800E+03  0.323046E+03  0.000000E+00  0.000000E+00  0.276835E+03  0.277046E+03  0.401178E+00  0.763104E-01
2004  10  31   2.000  0.262500E+03  0.321359E+03  0.000000E+00  0.000000E+00  0.276746E+03  0.276741E+03  0.550390E+00  0.570576E-01
2004  10  31   3.000  0.290900E+03  0.325785E+03  0.000000E+00  0.000000E+00  0.277447E+03  0.277080E+03  0.554319E+00  0.108587E+00
2004  10  31   4.000  0.308300E+03  0.327467E+03  0.000000E+00  0.000000E+00  0.277814E+03  0.277222E+03  0.924575E-01  0.272809E-01
2004  10  31   5.000  0.314600E+03  0.329056E+03  0.000000E+00  0.000000E+00  0.278051E+03  0.277397E+03  0.924575E-01  0.273045E-01
2004  10  31   6.000  0.317400E+03  0.330319E+03  0.000000E+00  0.000000E+00  0.277943E+03  0.277526E+03  0.112541E+00  0.274191E-01
2004  10  31   7.000  0.318900E+03  0.331928E+03  0.110000E+01  0.466991E-01  0.277994E+03  0.277723E+03  0.193710E+00  0.377984E-01
2004  10  31   8.000  0.324000E+03  0.336274E+03  0.382000E+02  0.162173E+01  0.278646E+03  0.278351E+03  0.674535E-01  0.256905E-01
2004  10  31   9.000  0.305200E+03  0.343827E+03  0.129800E+03  0.551049E+01  0.280699E+03  0.279421E+03  0.142681E+00  0.492143E-01
2004  10  31  10.000  0.288900E+03  0.350370E+03  0.291400E+03  0.123710E+02  0.282901E+03  0.280229E+03  0.368988E+00  0.122653E+00
2004  10  31  11.000  0.292900E+03  0.356631E+03  0.298200E+03  0.126597E+02  0.284265E+03  0.281273E+03  0.267150E+00  0.967348E-01
2004  10  31  12.000  0.294800E+03  0.360238E+03  0.382700E+03  0.162470E+02  0.283748E+03  0.281786E+03  0.718193E+00  0.193984E+00
2004  10  31  13.000  0.282600E+03  0.363030E+03  0.414700E+03  0.176055E+02  0.283438E+03  0.282503E+03  0.118937E+01  0.271042E+00
2004  10  31  14.000  0.301000E+03  0.353501E+03  0.135800E+03  0.576521E+01  0.280539E+03  0.280869E+03  0.131963E+01  0.287772E+00
2004  10  31  15.000  0.343700E+03  0.351226E+03  0.390000E+02  0.165569E+01  0.280431E+03  0.280424E+03  0.874727E+00  0.187251E+00
2004  10  31  16.000  0.345200E+03  0.349495E+03  0.520000E+01  0.220759E+00  0.280228E+03  0.280255E+03  0.533855E+00  0.116716E+00
2004  10  31  17.000  0.345300E+03  0.348823E+03  0.000000E+00  0.000000E+00  0.280258E+03  0.280200E+03  0.405077E+00  0.922246E-01
2004  10  31  18.000  0.345800E+03  0.348637E+03  0.000000E+00  0.000000E+00  0.280264E+03  0.280185E+03  0.343467E+00  0.799995E-01
2004  10  31  19.000  0.345300E+03  0.348759E+03  0.000000E+00  0.000000E+00  0.280332E+03  0.280269E+03  0.288157E+00  0.596231E-01
2004  10  31  20.000  0.344600E+03  0.348234E+03  0.000000E+00  0.000000E+00  0.280072E+03  0.280105E+03  0.421270E+00  0.914274E-01
2004  10  31  21.000  0.342300E+03  0.347864E+03  0.000000E+00  0.000000E+00  0.280117E+03  0.280086E+03  0.231091E+00  0.569411E-01
2004  10  31  22.000  0.334500E+03  0.346308E+03  0.000000E+00  0.000000E+00  0.279806E+03  0.279793E+03  0.118829E+00  0.372603E-01
2004  10  31  23.000  0.342800E+03  0.346313E+03  0.000000E+00  0.000000E+00  0.279990E+03  0.279705E+03  0.996326E-01  0.366436E-01
2004  11   1   0.000  0.341700E+03  0.345585E+03  0.000000E+00  0.000000E+00  0.279586E+03  0.279785E+03  0.462288E-01  0.100710E-01
2004  11   1   1.000  0.340400E+03  0.343243E+03  0.000000E+00  0.000000E+00  0.279252E+03  0.278982E+03  0.141071E+00  0.474868E-01
2004  11   1   2.000  0.341800E+03  0.343454E+03  0.000000E+00  0.000000E+00  0.279414E+03  0.279482E+03  0.462288E-01  0.963913E-02
2004  11   1   3.000  0.342500E+03  0.342941E+03  0.000000E+00  0.000000E+00  0.279341E+03  0.278983E+03  0.105103E+00  0.320212E-01
2004  11   1   4.000  0.342200E+03  0.342459E+03  0.000000E+00  0.000000E+00  0.279231E+03  0.278913E+03  0.142074E+00  0.487414E-01
2004  11   1   5.000  0.342600E+03  0.342278E+03  0.000000E+00  0.000000E+00  0.278824E+03  0.278968E+03  0.534460E+00  0.115282E+00
2004  11   1   6.000  0.342000E+03  0.342455E+03  0.000000E+00  0.000000E+00  0.278881E+03  0.279038E+03  0.606281E+00  0.123965E+00
2004  11   1   7.000  0.342800E+03  0.343079E+03  0.500000E+00  0.212268E-01  0.279376E+03  0.279389E+03  0.462288E-01  0.902275E-02
2004  11   1   8.000  0.343100E+03  0.344756E+03  0.391000E+02  0.165994E+01  0.280188E+03  0.279249E+03  0.167485E+00  0.608600E-01
2004  11   1   9.000  0.347800E+03  0.348286E+03  0.908000E+02  0.385480E+01  0.281348E+03  0.279732E+03  0.245706E+00  0.853437E-01
2004  11   1  10.000  0.359300E+03  0.351868E+03  0.121700E+03  0.516661E+01  0.281704E+03  0.280207E+03  0.405648E+00  0.122564E+00
2004  11   1  11.000  0.348900E+03  0.350965E+03  0.105000E+03  0.445764E+01  0.280754E+03  0.280120E+03  0.560454E+00  0.145179E+00
2004  11   1  12.000  0.350400E+03  0.352102E+03  0.117800E+03  0.500105E+01  0.282218E+03  0.280257E+03  0.284568E+00  0.980467E-01
2004  11   1  13.000  0.348700E+03  0.349057E+03  0.487000E+02  0.206749E+01  0.280185E+03  0.279831E+03  0.409361E+00  0.110827E+00
2004  11   1  14.000  0.345900E+03  0.347789E+03  0.484000E+02  0.205476E+01  0.280164E+03  0.279734E+03  0.521521E+00  0.131687E+00
2004  11   1  15.000  0.346200E+03  0.347192E+03  0.350000E+02  0.148588E+01  0.280017E+03  0.279683E+03  0.473799E+00  0.119757E+00
2004  11   1  16.000  0.345600E+03  0.345467E+03  0.470000E+01  0.199532E+00  0.279395E+03  0.279447E+03  0.583832E+00  0.128308E+00
2004  11   1  17.000  0.344300E+03  0.344157E+03  0.000000E+00  0.000000E+00  0.279354E+03  0.279229E+03  0.379539E+00  0.944992E-01
2004  11   1  18.000  0.344400E+03  0.344084E+03  0.000000E+00  0.000000E+00  0.279259E+03  0.279297E+03  0.590213E+00  0.124747E+00
2004  11   1  19.000  0.343100E+03  0.343677E+03  0.000000E+00  0.000000E+00  0.279492E+03  0.279167E+03  0.196640E+00  0.600077E-01
2004  11   1  20.000  0.341200E+03  0.344125E+03  0.000000E+00  0.000000E+00  0.279451E+03  0.279464E+03  0.345382E+00  0.606539E-01
2004  11   1  21.000  0.329600E+03  0.343297E+03  0.000000E+00  0.000000E+00  0.279256E+03  0.279390E+03  0.541876E+00  0.859390E-01
2004  11   1  22.000  0.335100E+03  0.343231E+03  0.000000E+00  0.000000E+00  0.279388E+03  0.279233E+03  0.104560E+00  0.342921E-01
2004  11   1  23.000  0.334200E+03  0.343748E+03  0.000000E+00  0.000000E+00  0.279627E+03  0.279673E+03  0.650553E+00  0.118721E+00
2004  11   2   0.000  0.332200E+03  0.344375E+03  0.000000E+00  0.000000E+00  0.279735E+03  0.279755E+03  0.411966E+00  0.135883E+00
2004  11   2   1.000  0.339100E+03  0.346000E+03  0.000000E+00  0.000000E+00  0.280121E+03  0.279966E+03  0.372471E+00  0.141368E+00
2004  11   2   2.000  0.337400E+03  0.347846E+03  0.000000E+00  0.000000E+00  0.280496E+03  0.280147E+03  0.445644E+00  0.105827E+00
2004  11   2   3.000  0.326400E+03  0.347516E+03  0.000000E+00  0.000000E+00  0.280233E+03  0.280197E+03  0.557442E+00  0.137858E+00
2004  11   2   4.000  0.299600E+03  0.344757E+03  0.000000E+00  0.000000E+00  0.280092E+03  0.279884E+03  0.625827E+00  0.122355E+00
2004  11   2   5.000  0.298000E+03  0.341654E+03  0.000000E+00  0.000000E+00  0.279556E+03  0.279426E+03  0.481929E+00  0.497255E-01
2004  11   2   6.000  0.297400E+03  0.341361E+03  0.000000E+00  0.000000E+00  0.279612E+03  0.279365E+03  0.698330E+00  0.138309E+00
2004  11   2   7.000  0.309800E+03  0.341818E+03  0.450000E+01  0.191042E+00  0.279823E+03  0.279412E+03  0.410503E+00  0.810300E-01
2004  11   2   8.000  0.307600E+03  0.344556E+03  0.535000E+02  0.227127E+01  0.280299E+03  0.279854E+03  0.279715E+00  0.527675E-01
2004  11   2   9.000  0.333000E+03  0.352458E+03  0.106600E+03  0.452556E+01  0.281735E+03  0.280853E+03  0.393408E+00  0.105814E+00
2004  11   2  10.000  0.364400E+03  0.358688E+03  0.186900E+03  0.793459E+01  0.284224E+03  0.281216E+03  0.266758E+00  0.970980E-01
2004  11   2  11.000  0.357100E+03  0.365479E+03  0.357100E+03  0.151602E+02  0.284678E+03  0.282328E+03  0.760699E+00  0.204851E+00
2004  11   2  12.000  0.340600E+03  0.359341E+03  0.298200E+03  0.126597E+02  0.282305E+03  0.281105E+03  0.803819E+00  0.206591E+00
2004  11   2  13.000  0.326600E+03  0.358996E+03  0.229500E+03  0.974312E+01  0.283447E+03  0.281545E+03  0.497813E+00  0.147184E+00
2004  11   2  14.000  0.339600E+03  0.354845E+03  0.129800E+03  0.551049E+01  0.281364E+03  0.280787E+03  0.619073E+00  0.158258E+00
2004  11   2  15.000  0.347600E+03  0.356934E+03  0.128300E+03  0.544681E+01  0.282342E+03  0.281369E+03  0.661742E+00  0.166715E+00
2004  11   2  16.000  0.325400E+03  0.353273E+03  0.457000E+02  0.194013E+01  0.280947E+03  0.281045E+03  0.726870E+00  0.151279E+00
2004  11   2  17.000  0.326100E+03  0.351061E+03  0.100000E+00  0.424537E-02  0.280826E+03  0.280819E+03  0.559933E+00  0.106987E+00
2004  11   2  18.000  0.326200E+03  0.349308E+03  0.000000E+00  0.000000E+00  0.280631E+03  0.280573E+03  0.565174E+00  0.820436E-01
2004  11   2  19.000  0.333900E+03  0.350450E+03  0.000000E+00  0.000000E+00  0.281581E+03  0.280791E+03  0.445846E+00  0.989936E-01
2004  11   2  20.000  0.329000E+03  0.349002E+03  0.000000E+00  0.000000E+00  0.280401E+03  0.280456E+03  0.511774E+00  0.990934E-01
2004  11   2  21.000  0.317900E+03  0.348128E+03  0.000000E+00  0.000000E+00  0.280971E+03  0.280586E+03  0.568053E+00  0.112828E+00
2004  11   2  22.000  0.319300E+03  0.346885E+03  0.000000E+00  0.000000E+00  0.280178E+03  0.280394E+03  0.431644E+00  0.123878E+00
2004  11   2  23.000  0.308900E+03  0.343582E+03  0.000000E+00  0.000000E+00  0.279248E+03  0.279980E+03  0.394972E+00  0.903200E-01
2004  11   3   0.000  0.304500E+03  0.341134E+03  0.000000E+00  0.000000E+00  0.279025E+03  0.279445E+03  0.427068E+00  0.828446E-01
2004  11   3   1.000  0.321500E+03  0.340165E+03  0.000000E+00  0.000000E+00  0.278541E+03  0.278783E+03  0.366114E+00  0.805878E-01
2004  11   3   2.000  0.318900E+03  0.339106E+03  0.000000E+00  0.000000E+00  0.278536E+03  0.279337E+03  0.434326E+00  0.794449E-01
2004  11   3   3.000  0.294900E+03  0.335591E+03  0.000000E+00  0.000000E+00  0.278216E+03  0.278958E+03  0.490022E+00  0.792213E-01
2004  11   3   4.000  0.291600E+03  0.333365E+03  0.000000E+00  0.000000E+00  0.277759E+03  0.278660E+03  0.504703E+00  0.901276E-01
2004  11   3   5.000  0.284300E+03  0.333918E+03  0.000000E+00  0.000000E+00  0.279015E+03  0.278374E+03  0.551835E+00  0.109495E+00
2004  11   3   6.000  0.287100E+03  0.333233E+03  0.000000E+00  0.000000E+00  0.279862E+03  0.278243E+03  0.169023E+00  0.412740E-01
2004  11   3   7.000  0.286800E+03  0.333893E+03  0.570000E+01  0.241986E+00  0.279816E+03  0.278302E+03  0.249296E+00  0.530552E-01
2004  11   3   8.000  0.288200E+03  0.339276E+03  0.652000E+02  0.276798E+01  0.280777E+03  0.279159E+03  0.264346E+00  0.486103E-01
2004  11   3   9.000  0.294500E+03  0.351371E+03  0.127400E+03  0.540860E+01  0.283527E+03  0.280972E+03  0.418403E+00  0.745339E-01
2004  11   3  10.000  0.303600E+03  0.369176E+03  0.237500E+03  0.100828E+02  0.286956E+03  0.283565E+03  0.882185E-01  0.256678E-01
2004  11   3  11.000  0.308800E+03  0.382209E+03  0.258400E+03  0.109700E+02  0.287809E+03  0.285368E+03  0.924575E-01  0.194573E-01
2004  11   3  12.000  0.316600E+03  0.388827E+03  0.242900E+03  0.103120E+02  0.288273E+03  0.286208E+03  0.122960E+00  0.282048E-01
2004  11   3  13.000  0.328700E+03  0.391840E+03  0.186400E+03  0.791337E+01  0.288024E+03  0.286711E+03  0.879086E-01  0.200608E-01
2004  11   3  14.000  0.328600E+03  0.383184E+03  0.742000E+02  0.315006E+01  0.285965E+03  0.286330E+03  0.347288E+00  0.535936E-01
2004  11   3  15.000  0.329300E+03  0.380357E+03  0.374000E+02  0.158777E+01  0.286126E+03  0.284879E+03  0.753168E+00  0.134097E+00
2004  11   3  16.000  0.332700E+03  0.382201E+03  0.199000E+02  0.844828E+00  0.287015E+03  0.285209E+03  0.910398E+00  0.209696E+00
2004  11   3  17.000  0.333600E+03  0.384186E+03  0.000000E+00  0.000000E+00  0.286554E+03  0.286490E+03  0.101660E+01  0.204892E+00
2004  11   3  18.000  0.334300E+03  0.389419E+03  0.000000E+00  0.000000E+00  0.286675E+03  0.288027E+03  0.111454E+01  0.359751E+00
2004  11   3  19.000  0.324100E+03  0.387768E+03  0.000000E+00  0.000000E+00  0.286395E+03  0.287279E+03  0.103798E+01  0.213966E+00
2004  11   3  20.000  0.321000E+03  0.383096E+03  0.000000E+00  0.000000E+00  0.286736E+03  0.285900E+03  0.105399E+01  0.149858E+00
2004  11   3  21.000  0.311300E+03  0.388488E+03  0.000000E+00  0.000000E+00  0.286445E+03  0.288092E+03  0.112991E+01  0.311808E+00
2004  11   3  22.000  0.303800E+03  0.389256E+03  0.000000E+00  0.000000E+00  0.286086E+03  0.288098E+03  0.117546E+01  0.337080E+00
2004  11   3  23.000  0.298700E+03  0.387727E+03  0.000000E+00  0.000000E+00  0.285784E+03  0.287906E+03  0.115501E+01  0.316496E+00
2004  11   4   0.000  0.298600E+03  0.387600E+03  0.000000E+00  0.000000E+00  0.285801E+03  0.287943E+03  0.116263E+01  0.327049E+00
2004  11   4   1.000  0.301500E+03  0.387747E+03  0.000000E+00  0.000000E+00  0.285902E+03  0.287909E+03  0.113772E+01  0.287286E+00
2004  11   4   2.000  0.307400E+03  0.391235E+03  0.000000E+00  0.000000E+00  0.286533E+03  0.288719E+03  0.123240E+01  0.396518E+00
2004  11   4   3.000  0.309000E+03  0.389876E+03  0.000000E+00  0.000000E+00  0.286001E+03  0.288237E+03  0.117363E+01  0.344880E+00
2004  11   4   4.000  0.304700E+03  0.381028E+03  0.000000E+00  0.000000E+00  0.285238E+03  0.286619E+03  0.106962E+01  0.176650E+00
2004  11   4   5.000  0.308700E+03  0.373580E+03  0.000000E+00  0.000000E+00  0.284613E+03  0.285303E+03  0.763339E+00  0.105595E+00
2004  11   4   6.000  0.303800E+03  0.364982E+03  0.000000E+00  0.000000E+00  0.282637E+03  0.283810E+03  0.184549E+00  0.359799E-01
2004  11   4   7.000  0.305700E+03  0.359800E+03  0.370000E+01  0.157079E+00  0.282037E+03  0.283583E+03  0.257570E+00  0.392641E-01
2004  11   4   8.000  0.316000E+03  0.360583E+03  0.429000E+02  0.182126E+01  0.282639E+03  0.283614E+03  0.346388E+00  0.554123E-01
2004  11   4   9.000  0.315700E+03  0.364050E+03  0.809000E+02  0.343450E+01  0.283451E+03  0.283802E+03  0.336718E-01  0.896046E-02
2004  11   4  10.000  0.326500E+03  0.368598E+03  0.101900E+03  0.432603E+01  0.284322E+03  0.284265E+03  0.800695E-01  0.186314E-01
2004  11   4  11.000  0.331100E+03  0.367329E+03  0.132700E+03  0.563361E+01  0.284157E+03  0.283551E+03  0.331067E+00  0.977484E-01
2004  11   4  12.000  0.323000E+03  0.372842E+03  0.212900E+03  0.903839E+01  0.286581E+03  0.284569E+03  0.209819E+00  0.604817E-01
2004  11   4  13.000  0.328600E+03  0.373423E+03  0.233800E+03  0.992567E+01  0.285403E+03  0.284510E+03  0.599910E+00  0.158458E+00
2004  11   4  14.000  0.326800E+03  0.370648E+03  0.150000E+03  0.636805E+01  0.284517E+03  0.284174E+03  0.526003E+00  0.134709E+00
2004  11   4  15.000  0.321000E+03  0.368829E+03  0.967000E+02  0.410527E+01  0.284558E+03  0.284066E+03  0.183514E+00  0.587642E-01
2004  11   4  16.000  0.317200E+03  0.365625E+03  0.284000E+02  0.120568E+01  0.283424E+03  0.283845E+03  0.577389E-01  0.931521E-02
2004  11   4  17.000  0.293100E+03  0.357995E+03  0.000000E+00  0.000000E+00  0.282228E+03  0.283016E+03  0.481433E+00  0.796302E-01
2004  11   4  18.000  0.297100E+03  0.354892E+03  0.000000E+00  0.000000E+00  0.281998E+03  0.282259E+03  0.627776E+00  0.740495E-01
2004  11   4  19.000  0.303200E+03  0.353507E+03  0.000000E+00  0.000000E+00  0.282229E+03  0.282034E+03  0.626564E+00  0.676488E-01
2004  11   4  20.000  0.303400E+03  0.351284E+03  0.000000E+00  0.000000E+00  0.282104E+03  0.281788E+03  0.256846E+00  0.507499E-01
2004  11   4  21.000  0.306100E+03  0.351398E+03  0.000000E+00  0.000000E+00  0.282228E+03  0.281651E+03  0.697089E+00  0.720126E-01
2004  11   4  22.000  0.307100E+03  0.351965E+03  0.000000E+00  0.000000E+00  0.282138E+03  0.281963E+03  0.832861E+00  0.130482E+00
2004  11   4  23.000  0.299900E+03  0.351424E+03  0.000000E+00  0.000000E+00  0.281305E+03  0.281772E+03  0.829625E+00  0.143153E+00
2004  11   5   0.000  0.297800E+03  0.348988E+03  0.000000E+00  0.000000E+00  0.281592E+03  0.281300E+03  0.694904E+00  0.712209E-01
2004  11   5   1.000  0.301900E+03  0.348177E+03  0.000000E+00  0.000000E+00  0.281315E+03  0.281120E+03  0.403320E+00  0.795204E-01
2004  11   5   2.000  0.307000E+03  0.347904E+03  0.000000E+00  0.000000E+00  0.281479E+03  0.281047E+03  0.328201E+00  0.614231E-01
2004  11   5   3.000  0.310700E+03  0.349390E+03  0.000000E+00  0.000000E+00  0.280754E+03  0.281299E+03  0.774132E+00  0.147914E+00
2004  11   5   4.000  0.347500E+03  0.352848E+03  0.000000E+00  0.000000E+00  0.281889E+03  0.281417E+03  0.487193E+00  0.497121E-01
2004  11   5   5.000  0.353800E+03  0.354861E+03  0.000000E+00  0.000000E+00  0.281950E+03  0.281689E+03  0.270383E+00  0.514530E-01
2004  11   5   6.000  0.360900E+03  0.356597E+03  0.000000E+00  0.000000E+00  0.281752E+03  0.281838E+03  0.277837E+00  0.530886E-01
2004  11   5   7.000  0.369800E+03  0.358081E+03  0.000000E+00  0.000000E+00  0.281760E+03  0.281837E+03  0.143656E+00  0.363664E-01
2004  11   5   8.000  0.369200E+03  0.358661E+03  0.200000E+00  0.849074E-02  0.281829E+03  0.281963E+03  0.380801E+00  0.841550E-01
2004  11   5   9.000  0.363600E+03  0.359224E+03  0.154000E+02  0.653787E+00  0.282007E+03  0.282080E+03  0.437896E+00  0.960662E-01
2004  11   5  10.000  0.363600E+03  0.359210E+03  0.233000E+02  0.989171E+00  0.282158E+03  0.281936E+03  0.146115E+00  0.446720E-01
2004  11   5  11.000  0.371100E+03  0.359776E+03  0.491000E+02  0.208448E+01  0.282550E+03  0.281882E+03  0.280906E+00  0.859036E-01
2004  11   5  12.000  0.365800E+03  0.359317E+03  0.502000E+02  0.213118E+01  0.282170E+03  0.281871E+03  0.418936E+00  0.109790E+00
2004  11   5  13.000  0.365500E+03  0.359162E+03  0.633000E+02  0.268732E+01  0.282126E+03  0.281833E+03  0.593625E+00  0.143679E+00
2004  11   5  14.000  0.362800E+03  0.355830E+03  0.268000E+02  0.113776E+01  0.281045E+03  0.281270E+03  0.844000E+00  0.176515E+00
2004  11   5  15.000  0.361500E+03  0.352742E+03  0.167000E+02  0.708977E+00  0.280779E+03  0.280687E+03  0.486609E+00  0.120353E+00
2004  11   5  16.000  0.356400E+03  0.350214E+03  0.220000E+01  0.933981E-01  0.280199E+03  0.280363E+03  0.583379E+00  0.129438E+00
2004  11   5  17.000  0.356400E+03  0.348223E+03  0.000000E+00  0.000000E+00  0.279849E+03  0.280001E+03  0.637289E+00  0.140192E+00
2004  11   5  18.000  0.355200E+03  0.346375E+03  0.000000E+00  0.000000E+00  0.279843E+03  0.279572E+03  0.297581E+00  0.839370E-01
2004  11   5  19.000  0.355600E+03  0.346096E+03  0.000000E+00  0.000000E+00  0.280228E+03  0.279528E+03  0.137223E+00  0.478440E-01
2004  11   5  20.000  0.356100E+03  0.345941E+03  0.000000E+00  0.000000E+00  0.280063E+03  0.279517E+03  0.178565E+00  0.612556E-01
2004  11   5  21.000  0.348000E+03  0.341106E+03  0.000000E+00  0.000000E+00  0.278178E+03  0.278596E+03  0.100590E+01  0.208118E+00
2004  11   5  22.000  0.345800E+03  0.338657E+03  0.000000E+00  0.000000E+00  0.278131E+03  0.278171E+03  0.541206E+00  0.129839E+00
2004  11   5  23.000  0.342700E+03  0.337682E+03  0.000000E+00  0.000000E+00  0.278666E+03  0.277953E+03  0.167925E+00  0.606681E-01
2004  11   6   0.000  0.344200E+03  0.336766E+03  0.000000E+00  0.000000E+00  0.278010E+03  0.277801E+03  0.349566E+00  0.960717E-01
2004  11   6   1.000  0.344600E+03  0.336318E+03  0.000000E+00  0.000000E+00  0.278405E+03  0.277625E+03  0.142893E+00  0.419805E-01
2004  11   6   2.000  0.337500E+03  0.334792E+03  0.000000E+00  0.000000E+00  0.278000E+03  0.277378E+03  0.169868E+00  0.607252E-01
2004  11   6   3.000  0.343300E+03  0.334775E+03  0.000000E+00  0.000000E+00  0.278181E+03  0.277291E+03  0.142575E+00  0.453368E-01
2004  11   6   4.000  0.340500E+03  0.333034E+03  0.000000E+00  0.000000E+00  0.277139E+03  0.277158E+03  0.139635E+00  0.385548E-01
2004  11   6   5.000  0.338600E+03  0.332561E+03  0.000000E+00  0.000000E+00  0.277330E+03  0.277459E+03  0.114472E+00  0.281876E-01
2004  11   6   6.000  0.335700E+03  0.330132E+03  0.000000E+00  0.000000E+00  0.276482E+03  0.276422E+03  0.303780E+00  0.845490E-01
2004  11   6   7.000  0.337300E+03  0.328378E+03  0.000000E+00  0.000000E+00  0.276292E+03  0.276062E+03  0.290662E+00  0.852496E-01
2004  11   6   8.000  0.334400E+03  0.328217E+03  0.105000E+02  0.445791E+00  0.276390E+03  0.276630E+03  0.115200E+00  0.282556E-01
2004  11   6   9.000  0.331300E+03  0.326775E+03  0.204000E+02  0.866055E+00  0.276658E+03  0.275651E+03  0.252962E+00  0.857687E-01
2004  11   6  10.000  0.334200E+03  0.325849E+03  0.286000E+02  0.121421E+01  0.275997E+03  0.275441E+03  0.325871E+00  0.980821E-01
2004  11   6  11.000  0.334400E+03  0.329126E+03  0.457000E+02  0.194019E+01  0.277344E+03  0.276804E+03  0.932961E-01  0.192033E-01
2004  11   6  12.000  0.329800E+03  0.332003E+03  0.740000E+02  0.314167E+01  0.278043E+03  0.277192E+03  0.130450E+00  0.276567E-01
2004  11   6  13.000  0.326100E+03  0.331046E+03  0.644000E+02  0.273402E+01  0.277938E+03  0.276334E+03  0.204013E+00  0.715740E-01
2004  11   6  14.000  0.326600E+03  0.328802E+03  0.282000E+02  0.119719E+01  0.276231E+03  0.276121E+03  0.523034E+00  0.133128E+00
2004  11   6  15.000  0.323300E+03  0.325552E+03  0.800000E+01  0.339630E+00  0.275468E+03  0.275567E+03  0.597486E+00  0.143715E+00
2004  11   6  16.000  0.320000E+03  0.323457E+03  0.210000E+01  0.891527E-01  0.275264E+03  0.275227E+03  0.468881E+00  0.118294E+00
2004  11   6  17.000  0.315800E+03  0.323491E+03  0.000000E+00  0.000000E+00  0.275824E+03  0.275995E+03  0.462288E-01  0.988884E-02
2004  11   6  18.000  0.302900E+03  0.322047E+03  0.000000E+00  0.000000E+00  0.275521E+03  0.275673E+03  0.832213E-01  0.190490E-01
2004  11   6  19.000  0.296400E+03  0.320415E+03  0.000000E+00  0.000000E+00  0.275125E+03  0.275424E+03  0.819694E-01  0.190544E-01
2004  11   6  20.000  0.302500E+03  0.320768E+03  0.000000E+00  0.000000E+00  0.274624E+03  0.275029E+03  0.117815E+01  0.237523E+00
2004  11   6  21.000  0.302800E+03  0.319823E+03  0.000000E+00  0.000000E+00  0.274874E+03  0.274725E+03  0.186092E+00  0.620823E-01
2004  11   6  22.000  0.308900E+03  0.320191E+03  0.000000E+00  0.000000E+00  0.275146E+03  0.274834E+03  0.835380E-01  0.193840E-01
2004  11   6  23.000  0.287200E+03  0.317584E+03  0.000000E+00  0.000000E+00  0.274353E+03  0.275137E+03  0.462288E-01  0.903546E-02
2004  11   7   0.000  0.241900E+03  0.310797E+03  0.000000E+00  0.000000E+00  0.273274E+03  0.274552E+03  0.196107E+00  0.363307E-01
2004  11   7   1.000  0.263600E+03  0.309685E+03  0.000000E+00  0.000000E+00  0.273631E+03  0.274058E+03  0.129297E+00  0.275402E-01
2004  11   7   2.000  0.231800E+03  0.306173E+03  0.000000E+00  0.000000E+00  0.272715E+03  0.274281E+03  0.702715E+00  0.114299E+00
2004  11   7   3.000  0.228800E+03  0.305787E+03  0.000000E+00  0.000000E+00  0.272507E+03  0.274337E+03  0.769407E+00  0.196487E+00
2004  11   7   4.000  0.264700E+03  0.307794E+03  0.000000E+00  0.000000E+00  0.272964E+03  0.274446E+03  0.504872E+00  0.121364E+00
2004  11   7   5.000  0.295700E+03  0.312951E+03  0.000000E+00  0.000000E+00  0.274009E+03  0.274667E+03  0.107145E+01  0.184937E+00
2004  11   7   6.000  0.298900E+03  0.313628E+03  0.000000E+00  0.000000E+00  0.273343E+03  0.274709E+03  0.303515E+00  0.474181E-01
2004  11   7   7.000  0.298700E+03  0.315251E+03  0.000000E+00  0.000000E+00  0.274025E+03  0.275068E+03  0.326822E+00  0.135068E+00
2004  11   7   8.000  0.309900E+03  0.317976E+03  0.141000E+02  0.599108E+00  0.274342E+03  0.275367E+03  0.468387E+00  0.998284E-01
2004  11   7   9.000  0.324000E+03  0.320058E+03  0.186000E+02  0.789666E+00  0.274592E+03  0.274953E+03  0.466481E-01  0.998767E-02
2004  11   7  10.000  0.323300E+03  0.319942E+03  0.438000E+02  0.186903E+01  0.273566E+03  0.273794E+03  0.540134E+00  0.154529E+00
2004  11   7  11.000  0.319200E+03  0.318762E+03  0.328000E+02  0.139771E+01  0.273389E+03  0.274124E+03  0.639885E+00  0.220694E+00
2004  11   7  12.000  0.316000E+03  0.314535E+03  0.521000E+02  0.222410E+01  0.272569E+03  0.272936E+03  0.133064E+01  0.251735E+00
2004  11   7  13.000  0.309800E+03  0.314398E+03  0.550000E+02  0.235340E+01  0.272631E+03  0.272961E+03  0.331837E+00  0.736025E-01
2004  11   7  14.000  0.306100E+03  0.316349E+03  0.318000E+02  0.136015E+01  0.272906E+03  0.274230E+03  0.466682E-01  0.102861E-01
2004  11   7  15.000  0.312400E+03  0.316096E+03  0.252000E+02  0.107770E+01  0.272797E+03  0.274013E+03  0.129221E+00  0.270870E-01
2004  11   7  16.000  0.321500E+03  0.316289E+03  0.290000E+01  0.124093E+00  0.272860E+03  0.274003E+03  0.855220E-01  0.184938E-01
2004  11   7  17.000  0.321600E+03  0.316496E+03  0.000000E+00  0.000000E+00  0.272849E+03  0.273961E+03  0.477375E-01  0.102869E-01
2004  11   7  18.000  0.319100E+03  0.313933E+03  0.000000E+00  0.000000E+00  0.272630E+03  0.272896E+03  0.334155E+00  0.745129E-01
2004  11   7  19.000  0.311000E+03  0.312399E+03  0.000000E+00  0.000000E+00  0.272316E+03  0.272591E+03  0.527637E+00  0.950566E-01
2004  11   7  20.000  0.316200E+03  0.310959E+03  0.000000E+00  0.000000E+00  0.272059E+03  0.272294E+03  0.505861E+00  0.982118E-01
2004  11   7  21.000  0.304700E+03  0.310720E+03  0.000000E+00  0.000000E+00  0.271726E+03  0.273193E+03  0.745807E-01  0.978406E-02
2004  11   7  22.000  0.303000E+03  0.310663E+03  0.000000E+00  0.000000E+00  0.271751E+03  0.273074E+03  0.150732E+00  0.186710E-01
2004  11   7  23.000  0.306700E+03  0.310144E+03  0.000000E+00  0.000000E+00  0.271832E+03  0.272386E+03  0.416746E+00  0.719865E-01
2004  11   8   0.000  0.310300E+03  0.310480E+03  0.000000E+00  0.000000E+00  0.272035E+03  0.272346E+03  0.158235E+00  0.327798E-01
2004  11   8   1.000  0.312500E+03  0.310279E+03  0.000000E+00  0.000000E+00  0.271855E+03  0.272780E+03  0.159976E+00  0.282952E-01
2004  11   8   2.000  0.297600E+03  0.309229E+03  0.000000E+00  0.000000E+00  0.271236E+03  0.272846E+03  0.723693E-01  0.984503E-02
2004  11   8   3.000  0.286400E+03  0.307340E+03  0.000000E+00  0.000000E+00  0.270429E+03  0.272644E+03  0.696117E-01  0.101091E-01
2004  11   8   4.000  0.247700E+03  0.301859E+03  0.000000E+00  0.000000E+00  0.268861E+03  0.271355E+03  0.528190E+00  0.824594E-01
2004  11   8   5.000  0.226500E+03  0.296624E+03  0.000000E+00  0.000000E+00  0.267866E+03  0.272218E+03  0.680037E+00  0.988204E-01
2004  11   8   6.000  0.217900E+03  0.293855E+03  0.000000E+00  0.000000E+00  0.267714E+03  0.270840E+03  0.832401E+00  0.137070E+00
2004  11   8   7.000  0.217300E+03  0.292183E+03  0.240000E+01  0.103492E+00  0.267618E+03  0.270474E+03  0.755757E+00  0.136214E+00
2004  11   8   8.000  0.238000E+03  0.293787E+03  0.288000E+02  0.124202E+01  0.269150E+03  0.270862E+03  0.374733E+00  0.626484E-01
2004  11   8   9.000  0.221700E+03  0.293025E+03  0.519000E+02  0.223797E+01  0.268882E+03  0.270740E+03  0.139347E+00  0.274844E-01
2004  11   8  10.000  0.239800E+03  0.315374E+03  0.459200E+03  0.198004E+02  0.272410E+03  0.274018E+03  0.278679E+00  0.468261E-01
2004  11   8  11.000  0.293100E+03  0.314016E+03  0.229600E+03  0.989971E+01  0.272198E+03  0.272542E+03  0.684957E+00  0.136540E+00
2004  11   8  12.000  0.289000E+03  0.314309E+03  0.215600E+03  0.928484E+01  0.272345E+03  0.272916E+03  0.663745E+00  0.134852E+00
2004  11   8  13.000  0.291600E+03  0.313749E+03  0.164500E+03  0.708284E+01  0.272428E+03  0.272838E+03  0.613109E+00  0.134051E+00
2004  11   8  14.000  0.296800E+03  0.316906E+03  0.285700E+03  0.122993E+02  0.277186E+03  0.273309E+03  0.545173E+00  0.169497E+00
2004  11   8  15.000  0.285700E+03  0.311501E+03  0.941000E+02  0.404998E+01  0.272611E+03  0.272474E+03  0.775447E+00  0.177055E+00
2004  11   8  16.000  0.297100E+03  0.310395E+03  0.183000E+02  0.787013E+00  0.273773E+03  0.272313E+03  0.149041E+00  0.475348E-01
2004  11   8  17.000  0.298100E+03  0.308878E+03  0.000000E+00  0.000000E+00  0.272516E+03  0.272162E+03  0.341755E+00  0.942515E-01
2004  11   8  18.000  0.284500E+03  0.306926E+03  0.000000E+00  0.000000E+00  0.272613E+03  0.271901E+03  0.139073E+00  0.482177E-01
2004  11   8  19.000  0.273400E+03  0.304667E+03  0.000000E+00  0.000000E+00  0.272126E+03  0.272339E+03  0.462288E-01  0.117719E-01
2004  11   8  20.000  0.243900E+03  0.299719E+03  0.000000E+00  0.000000E+00  0.271111E+03  0.271900E+03  0.220083E+00  0.286683E-01
2004  11   8  21.000  0.223200E+03  0.294518E+03  0.000000E+00  0.000000E+00  0.270397E+03  0.271034E+03  0.420014E+00  0.427349E-01
2004  11   8  22.000  0.210500E+03  0.290422E+03  0.000000E+00  0.000000E+00  0.269195E+03  0.271130E+03  0.487996E+00  0.123881E+00
2004  11   8  23.000  0.211700E+03  0.288580E+03  0.000000E+00  0.000000E+00  0.269180E+03  0.270868E+03  0.585037E+00  0.140197E+00
2004  11   9   0.000  0.220800E+03  0.289597E+03  0.000000E+00  0.000000E+00  0.269233E+03  0.269785E+03  0.576587E+00  0.166029E+00
2004  11   9   1.000  0.218400E+03  0.286843E+03  0.000000E+00  0.000000E+00  0.269220E+03  0.269668E+03  0.557537E+00  0.571074E-01
2004  11   9   2.000  0.219900E+03  0.285632E+03  0.000000E+00  0.000000E+00  0.268946E+03  0.269395E+03  0.413188E+00  0.769534E-01
2004  11   9   3.000  0.211700E+03  0.283037E+03  0.000000E+00  0.000000E+00  0.268271E+03  0.268779E+03  0.612691E+00  0.641625E-01
2004  11   9   4.000  0.206600E+03  0.278825E+03  0.000000E+00  0.000000E+00  0.267780E+03  0.268338E+03  0.462631E-01  0.123024E-01
2004  11   9   5.000  0.252500E+03  0.282626E+03  0.000000E+00  0.000000E+00  0.268342E+03  0.268495E+03  0.262204E+00  0.793702E-01
2004  11   9   6.000  0.279100E+03  0.287607E+03  0.000000E+00  0.000000E+00  0.269166E+03  0.269006E+03  0.309083E+00  0.957301E-01
2004  11   9   7.000  0.221800E+03  0.283574E+03  0.500000E+00  0.215096E-01  0.267987E+03  0.268542E+03  0.482517E+00  0.643214E-01
2004  11   9   8.000  0.207800E+03  0.282452E+03  0.270000E+02  0.116158E+01  0.267943E+03  0.269409E+03  0.327743E+00  0.123016E+00
2004  11   9   9.000  0.207000E+03  0.283581E+03  0.515000E+02  0.221573E+01  0.268997E+03  0.268870E+03  0.220557E+00  0.617741E-01
2004  11   9  10.000  0.215300E+03  0.286018E+03  0.833000E+02  0.358409E+01  0.269802E+03  0.269245E+03  0.462759E-01  0.130180E-01
2004  11   9  11.000  0.256700E+03  0.296005E+03  0.125400E+03  0.539571E+01  0.272012E+03  0.270499E+03  0.154965E+00  0.551130E-01
2004  11   9  12.000  0.278400E+03  0.300403E+03  0.114200E+03  0.491397E+01  0.270567E+03  0.270299E+03  0.751555E+00  0.176300E+00
2004  11   9  13.000  0.289500E+03  0.301721E+03  0.924000E+02  0.397572E+01  0.270554E+03  0.270432E+03  0.822773E+00  0.188155E+00
2004  11   9  14.000  0.290000E+03  0.300945E+03  0.534000E+02  0.229752E+01  0.270144E+03  0.270290E+03  0.794392E+00  0.175567E+00
2004  11   9  15.000  0.291000E+03  0.300530E+03  0.488000E+02  0.209950E+01  0.270602E+03  0.270138E+03  0.387162E+00  0.109293E+00
2004  11   9  16.000  0.289400E+03  0.299760E+03  0.126000E+02  0.542064E+00  0.270492E+03  0.270005E+03  0.135590E+00  0.486239E-01
2004  11   9  17.000  0.275300E+03  0.297919E+03  0.000000E+00  0.000000E+00  0.269903E+03  0.269829E+03  0.748542E-01  0.240058E-01
2004  11   9  18.000  0.254400E+03  0.294680E+03  0.000000E+00  0.000000E+00  0.269314E+03  0.270241E+03  0.838659E-01  0.405573E-01
2004  11   9  19.000  0.237400E+03  0.291666E+03  0.000000E+00  0.000000E+00  0.268720E+03  0.270306E+03  0.469871E+00  0.156433E+00
2004  11   9  20.000  0.277000E+03  0.293964E+03  0.000000E+00  0.000000E+00  0.269566E+03  0.270510E+03  0.388048E+00  0.810408E-01
2004  11   9  21.000  0.280800E+03  0.295966E+03  0.000000E+00  0.000000E+00  0.269563E+03  0.269909E+03  0.924794E+00  0.135878E+00
2004  11   9  22.000  0.220500E+03  0.291752E+03  0.000000E+00  0.000000E+00  0.268090E+03  0.269262E+03  0.724123E+00  0.237333E+00
2004  11   9  23.000  0.214300E+03  0.287247E+03  0.000000E+00  0.000000E+00  0.267815E+03  0.269639E+03  0.525035E+00  0.113953E+00
2004  11  10   0.000  0.245500E+03  0.288743E+03  0.000000E+00  0.000000E+00  0.268897E+03  0.269562E+03  0.688828E+00  0.147917E+00
2004  11  10   1.000  0.289700E+03  0.294735E+03  0.000000E+00  0.000000E+00  0.269458E+03  0.269527E+03  0.114584E+01  0.171170E+00
2004  11  10   2.000  0.248200E+03  0.291756E+03  0.000000E+00  0.000000E+00  0.268763E+03  0.270066E+03  0.458856E+00  0.147724E+00
2004  11  10   3.000  0.266100E+03  0.292886E+03  0.000000E+00  0.000000E+00  0.269206E+03  0.270095E+03  0.852461E+00  0.151574E+00
2004  11  10   4.000  0.230400E+03  0.289096E+03  0.000000E+00  0.000000E+00  0.268113E+03  0.269627E+03  0.573849E+00  0.141389E+00
2004  11  10   5.000  0.223700E+03  0.287015E+03  0.000000E+00  0.000000E+00  0.267853E+03  0.269475E+03  0.613705E+00  0.196616E+00
2004  11  10   6.000  0.224800E+03  0.284663E+03  0.000000E+00  0.000000E+00  0.267755E+03  0.268287E+03  0.499047E+00  0.603679E-01
2004  11  10   7.000  0.225300E+03  0.282533E+03  0.410000E+01  0.176473E+00  0.268004E+03  0.268261E+03  0.489675E+00  0.507692E-01
2004  11  10   8.000  0.224000E+03  0.285540E+03  0.585000E+02  0.251804E+01  0.269008E+03  0.268634E+03  0.351639E+00  0.959341E-01
2004  11  10   9.000  0.223000E+03  0.287981E+03  0.768000E+02  0.330589E+01  0.270131E+03  0.269124E+03  0.936632E-01  0.274921E-01
2004  11  10  10.000  0.284900E+03  0.301580E+03  0.139700E+03  0.601363E+01  0.272794E+03  0.270656E+03  0.463364E-01  0.101540E-01
2004  11  10  11.000  0.274400E+03  0.311077E+03  0.243000E+03  0.104605E+02  0.275156E+03  0.272474E+03  0.168442E+00  0.365116E-01
2004  11  10  12.000  0.272600E+03  0.310063E+03  0.256100E+03  0.110229E+02  0.274287E+03  0.271758E+03  0.366824E+00  0.124696E+00
2004  11  10  13.000  0.284600E+03  0.309125E+03  0.162500E+03  0.699283E+01  0.272343E+03  0.271750E+03  0.671067E+00  0.170251E+00
2004  11  10  14.000  0.289000E+03  0.307231E+03  0.878000E+02  0.377774E+01  0.271493E+03  0.271469E+03  0.788798E+00  0.179304E+00
2004  11  10  15.000  0.285500E+03  0.305419E+03  0.606000E+02  0.260717E+01  0.271018E+03  0.271233E+03  0.106562E+01  0.219517E+00
2004  11  10  16.000  0.293500E+03  0.303669E+03  0.560000E+01  0.240910E+00  0.270551E+03  0.270883E+03  0.777983E+00  0.162186E+00
2004  11  10  17.000  0.281200E+03  0.301620E+03  0.000000E+00  0.000000E+00  0.270289E+03  0.270663E+03  0.656386E+00  0.136153E+00
2004  11  10  18.000  0.284200E+03  0.301092E+03  0.000000E+00  0.000000E+00  0.270393E+03  0.270560E+03  0.220188E+00  0.579590E-01
2004  11  10  19.000  0.294800E+03  0.301766E+03  0.000000E+00  0.000000E+00  0.270801E+03  0.271010E+03  0.462288E-01  0.918807E-02
2004  11  10  20.000  0.296800E+03  0.302175E+03  0.000000E+00  0.000000E+00  0.270433E+03  0.270664E+03  0.531333E+00  0.114297E+00
2004  11  10  21.000  0.294900E+03  0.301837E+03  0.000000E+00  0.000000E+00  0.270325E+03  0.270581E+03  0.595343E+00  0.126464E+00
2004  11  10  22.000  0.309100E+03  0.302419E+03  0.000000E+00  0.000000E+00  0.270363E+03  0.270518E+03  0.695540E+00  0.151083E+00
2004  11  10  23.000  0.311900E+03  0.302275E+03  0.000000E+00  0.000000E+00  0.270179E+03  0.270364E+03  0.489958E+00  0.108798E+00
2004  11  11   0.000  0.312600E+03  0.302259E+03  0.000000E+00  0.000000E+00  0.270319E+03  0.270349E+03  0.412396E+00  0.979251E-01
2004  11  11   1.000  0.310900E+03  0.301178E+03  0.000000E+00  0.000000E+00  0.269823E+03  0.270107E+03  0.636013E+00  0.131867E+00
2004  11  11   2.000  0.310100E+03  0.301054E+03  0.000000E+00  0.000000E+00  0.270497E+03  0.270023E+03  0.155024E+00  0.495302E-01
2004  11  11   3.000  0.308500E+03  0.299966E+03  0.000000E+00  0.000000E+00  0.270068E+03  0.269714E+03  0.154467E+00  0.467889E-01
2004  11  11   4.000  0.305000E+03  0.297671E+03  0.000000E+00  0.000000E+00  0.269255E+03  0.269249E+03  0.275020E+00  0.757062E-01
2004  11  11   5.000  0.298000E+03  0.296288E+03  0.000000E+00  0.000000E+00  0.268821E+03  0.269153E+03  0.437974E+00  0.980195E-01
2004  11  11   6.000  0.300900E+03  0.297105E+03  0.000000E+00  0.000000E+00  0.269299E+03  0.269431E+03  0.349488E+00  0.882835E-01
2004  11  11   7.000  0.298200E+03  0.296819E+03  0.200000E+00  0.863355E-02  0.269136E+03  0.269290E+03  0.294203E+00  0.743297E-01
2004  11  11   8.000  0.297000E+03  0.297504E+03  0.318000E+02  0.137271E+01  0.270536E+03  0.269314E+03  0.164615E+00  0.427465E-01
2004  11  11   9.000  0.307600E+03  0.302502E+03  0.723000E+02  0.312088E+01  0.271172E+03  0.270817E+03  0.130799E+00  0.279288E-01
2004  11  11  10.000  0.325800E+03  0.317804E+03  0.332200E+03  0.143393E+02  0.279649E+03  0.272848E+03  0.227088E+00  0.466001E-01
2004  11  11  11.000  0.344400E+03  0.319836E+03  0.401400E+03  0.173037E+02  0.278591E+03  0.272539E+03  0.319272E+00  0.110322E+00
2004  11  11  12.000  0.348300E+03  0.322367E+03  0.421100E+03  0.181176E+02  0.279350E+03  0.273105E+03  0.404404E+00  0.151794E+00
2004  11  11  13.000  0.318800E+03  0.326421E+03  0.404400E+03  0.173450E+02  0.280687E+03  0.274182E+03  0.295517E+00  0.883665E-01
2004  11  11  14.000  0.244300E+03  0.318455E+03  0.298700E+03  0.127303E+02  0.275359E+03  0.273746E+03  0.573791E+00  0.157001E+00
2004  11  11  15.000  0.256900E+03  0.313832E+03  0.161900E+03  0.687648E+01  0.273760E+03  0.272900E+03  0.663959E+00  0.168510E+00
2004  11  11  16.000  0.304800E+03  0.311451E+03  0.910000E+01  0.386472E+00  0.272589E+03  0.272245E+03  0.407672E+00  0.109445E+00
2004  11  11  17.000  0.306900E+03  0.309957E+03  0.000000E+00  0.000000E+00  0.272896E+03  0.272050E+03  0.219768E+00  0.724914E-01
2004  11  11  18.000  0.306600E+03  0.309169E+03  0.000000E+00  0.000000E+00  0.272147E+03  0.271999E+03  0.548497E+00  0.127398E+00
2004  11  11  19.000  0.304500E+03  0.308793E+03  0.000000E+00  0.000000E+00  0.272734E+03  0.271935E+03  0.171304E+00  0.603766E-01
2004  11  11  20.000  0.303400E+03  0.308774E+03  0.000000E+00  0.000000E+00  0.272701E+03  0.272285E+03  0.462288E-01  0.912341E-02
2004  11  11  21.000  0.291000E+03  0.307301E+03  0.000000E+00  0.000000E+00  0.272360E+03  0.272536E+03  0.462288E-01  0.109034E-01
2004  11  11  22.000  0.276300E+03  0.304945E+03  0.000000E+00  0.000000E+00  0.271528E+03  0.271878E+03  0.228555E+00  0.620651E-01
2004  11  11  23.000  0.241700E+03  0.299573E+03  0.000000E+00  0.000000E+00  0.270768E+03  0.271243E+03  0.346985E+00  0.684009E-01
2004  11  12   0.000  0.249100E+03  0.298043E+03  0.000000E+00  0.000000E+00  0.270712E+03  0.271406E+03  0.443148E+00  0.102535E+00
2004  11  12   1.000  0.235400E+03  0.297424E+03  0.000000E+00  0.000000E+00  0.271087E+03  0.271262E+03  0.753790E+00  0.150049E+00
2004  11  12   2.000  0.236800E+03  0.296018E+03  0.000000E+00  0.000000E+00  0.271195E+03  0.270639E+03  0.697780E+00  0.715356E-01
2004  11  12   3.000  0.238500E+03  0.296624E+03  0.000000E+00  0.000000E+00  0.271742E+03  0.270698E+03  0.839621E+00  0.858572E-01
2004  11  12   4.000  0.245700E+03  0.295695E+03  0.000000E+00  0.000000E+00  0.271072E+03  0.270546E+03  0.627095E+00  0.644289E-01
2004  11  12   5.000  0.272400E+03  0.296778E+03  0.000000E+00  0.000000E+00  0.270472E+03  0.270513E+03  0.242690E+00  0.429270E-01
2004  11  12   6.000  0.241600E+03  0.295215E+03  0.000000E+00  0.000000E+00  0.270892E+03  0.270479E+03  0.480364E+00  0.933577E-01
2004  11  12   7.000  0.247100E+03  0.297817E+03  0.900000E+00  0.382750E-01  0.273085E+03  0.270930E+03  0.395734E+00  0.788398E-01
2004  11  12   8.000  0.249600E+03  0.301208E+03  0.178000E+02  0.757172E+00  0.273229E+03  0.271455E+03  0.475053E+00  0.879968E-01
2004  11  12   9.000  0.252800E+03  0.304216E+03  0.568000E+02  0.241665E+01  0.272977E+03  0.271881E+03  0.271221E+00  0.537272E-01
2004  11  12  10.000  0.263500E+03  0.320310E+03  0.310100E+03  0.131946E+02  0.278309E+03  0.273785E+03  0.203567E+00  0.476822E-01
2004  11  12  11.000  0.259600E+03  0.343517E+03  0.414300E+03  0.175905E+02  0.280871E+03  0.277904E+03  0.462288E-01  0.106704E-01
2004  11  12  12.000  0.271600E+03  0.351404E+03  0.406200E+03  0.172447E+02  0.281461E+03  0.278559E+03  0.201125E+00  0.461883E-01
2004  11  12  13.000  0.281400E+03  0.353548E+03  0.397600E+03  0.168796E+02  0.282169E+03  0.278899E+03  0.256327E+00  0.634371E-01
2004  11  12  14.000  0.270000E+03  0.351263E+03  0.311400E+03  0.132201E+02  0.281017E+03  0.279025E+03  0.241865E+00  0.657217E-01
2004  11  12  15.000  0.271300E+03  0.349303E+03  0.179800E+03  0.763317E+01  0.279426E+03  0.278956E+03  0.924575E-01  0.208235E-01
2004  11  12  16.000  0.261400E+03  0.334654E+03  0.152000E+02  0.645296E+00  0.276379E+03  0.277270E+03  0.335341E+00  0.551114E-01
2004  11  12  17.000  0.256000E+03  0.323478E+03  0.000000E+00  0.000000E+00  0.274632E+03  0.275296E+03  0.413011E+00  0.738817E-01
2004  11  12  18.000  0.255400E+03  0.318200E+03  0.000000E+00  0.000000E+00  0.274998E+03  0.274689E+03  0.480429E+00  0.497110E-01
2004  11  12  19.000  0.260200E+03  0.317247E+03  0.000000E+00  0.000000E+00  0.276197E+03  0.274556E+03  0.765554E+00  0.781207E-01
2004  11  12  20.000  0.260400E+03  0.316857E+03  0.000000E+00  0.000000E+00  0.275966E+03  0.274512E+03  0.471711E+00  0.897236E-01
2004  11  12  21.000  0.253600E+03  0.313106E+03  0.000000E+00  0.000000E+00  0.275024E+03  0.273959E+03  0.546403E+00  0.571177E-01
2004  11  12  22.000  0.266600E+03  0.310673E+03  0.000000E+00  0.000000E+00  0.272669E+03  0.273313E+03  0.344119E+00  0.655756E-01
2004  11  12  23.000  0.252800E+03  0.308443E+03  0.000000E+00  0.000000E+00  0.272508E+03  0.273354E+03  0.744952E+00  0.126485E+00
2004  11  13   0.000  0.250500E+03  0.309595E+03  0.000000E+00  0.000000E+00  0.274565E+03  0.273572E+03  0.980524E+00  0.127750E+00
2004  11  13   1.000  0.254600E+03  0.311282E+03  0.000000E+00  0.000000E+00  0.274861E+03  0.273498E+03  0.907483E+00  0.923657E-01
2004  11  13   2.000  0.259200E+03  0.308508E+03  0.000000E+00  0.000000E+00  0.272011E+03  0.272917E+03  0.556066E+00  0.987080E-01
2004  11  13   3.000  0.254700E+03  0.306581E+03  0.000000E+00  0.000000E+00  0.272378E+03  0.272917E+03  0.844166E+00  0.103219E+00
2004  11  13   4.000  0.260400E+03  0.305880E+03  0.000000E+00  0.000000E+00  0.271635E+03  0.272785E+03  0.733169E+00  0.126505E+00
2004  11  13   5.000  0.255200E+03  0.305139E+03  0.000000E+00  0.000000E+00  0.272347E+03  0.272529E+03  0.888307E+00  0.115001E+00
2004  11  13   6.000  0.310500E+03  0.311599E+03  0.000000E+00  0.000000E+00  0.273652E+03  0.273221E+03  0.585818E+00  0.112572E+00
2004  11  13   7.000  0.312600E+03  0.312652E+03  0.000000E+00  0.000000E+00  0.272617E+03  0.273427E+03  0.323437E+00  0.520748E-01
2004  11  13   8.000  0.317300E+03  0.314065E+03  0.530000E+01  0.225710E+00  0.272873E+03  0.273206E+03  0.431718E-01  0.935503E-02
2004  11  13   9.000  0.317900E+03  0.314000E+03  0.174000E+02  0.745370E+00  0.272718E+03  0.272720E+03  0.262151E+00  0.621886E-01
2004  11  13  10.000  0.317500E+03  0.313407E+03  0.295000E+02  0.126941E+01  0.272478E+03  0.272631E+03  0.709660E+00  0.131686E+00
2004  11  13  11.000  0.318500E+03  0.312252E+03  0.501000E+02  0.216653E+01  0.272122E+03  0.272376E+03  0.110451E+01  0.189965E+00
2004  11  13  12.000  0.307800E+03  0.308414E+03  0.674000E+02  0.291832E+01  0.271359E+03  0.271558E+03  0.160959E+01  0.269332E+00
2004  11  13  13.000  0.295700E+03  0.308285E+03  0.137300E+03  0.594413E+01  0.271437E+03  0.271662E+03  0.114498E+01  0.204908E+00
2004  11  13  14.000  0.288100E+03  0.308631E+03  0.186600E+03  0.807728E+01  0.271443E+03  0.271717E+03  0.113087E+01  0.206535E+00
2004  11  13  15.000  0.268900E+03  0.310648E+03  0.107200E+03  0.463940E+01  0.271854E+03  0.272536E+03  0.558351E-01  0.109811E-01
2004  11  13  16.000  0.296700E+03  0.309544E+03  0.210000E+01  0.908341E-01  0.270652E+03  0.272240E+03  0.700028E-01  0.108017E-01
2004  11  13  17.000  0.298400E+03  0.306354E+03  0.000000E+00  0.000000E+00  0.270608E+03  0.271228E+03  0.298264E+00  0.442750E-01
2004  11  13  18.000  0.300800E+03  0.305208E+03  0.000000E+00  0.000000E+00  0.270687E+03  0.271081E+03  0.153016E+00  0.498846E-01
2004  11  13  19.000  0.298000E+03  0.304307E+03  0.000000E+00  0.000000E+00  0.270469E+03  0.270996E+03  0.347291E+00  0.734024E-01
2004  11  13  20.000  0.298100E+03  0.304091E+03  0.000000E+00  0.000000E+00  0.270461E+03  0.271015E+03  0.364227E+00  0.951457E-01
2004  11  13  21.000  0.292400E+03  0.303595E+03  0.000000E+00  0.000000E+00  0.270093E+03  0.270948E+03  0.707416E+00  0.157530E+00
2004  11  13  22.000  0.287800E+03  0.302342E+03  0.000000E+00  0.000000E+00  0.269922E+03  0.270680E+03  0.450716E+00  0.722967E-01
2004  11  13  23.000  0.307000E+03  0.303358E+03  0.000000E+00  0.000000E+00  0.270630E+03  0.270719E+03  0.702904E+00  0.130310E+00
2004  11  14   0.000  0.308800E+03  0.302903E+03  0.000000E+00  0.000000E+00  0.270238E+03  0.270534E+03  0.670775E+00  0.121033E+00
2004  11  14   1.000  0.309900E+03  0.302196E+03  0.000000E+00  0.000000E+00  0.270083E+03  0.270358E+03  0.884466E+00  0.155156E+00
2004  11  14   2.000  0.308900E+03  0.301616E+03  0.000000E+00  0.000000E+00  0.269913E+03  0.270254E+03  0.112826E+01  0.187784E+00
2004  11  14   3.000  0.308700E+03  0.301446E+03  0.000000E+00  0.000000E+00  0.269921E+03  0.270215E+03  0.127839E+01  0.209280E+00
2004  11  14   4.000  0.308200E+03  0.300980E+03  0.000000E+00  0.000000E+00  0.269816E+03  0.270065E+03  0.168237E+01  0.276135E+00
2004  11  14   5.000  0.307300E+03  0.300523E+03  0.000000E+00  0.000000E+00  0.269718E+03  0.269987E+03  0.156668E+01  0.254660E+00
2004  11  14   6.000  0.304900E+03  0.297908E+03  0.000000E+00  0.000000E+00  0.268995E+03  0.269225E+03  0.190908E+01  0.297503E+00
2004  11  14   7.000  0.303600E+03  0.296056E+03  0.000000E+00  0.000000E+00  0.268613E+03  0.268884E+03  0.178758E+01  0.274759E+00
2004  11  14   8.000  0.300700E+03  0.295324E+03  0.770000E+01  0.342225E+00  0.268512E+03  0.268779E+03  0.163971E+01  0.251155E+00
2004  11  14   9.000  0.298000E+03  0.295528E+03  0.233000E+02  0.103668E+01  0.268624E+03  0.268853E+03  0.200641E+01  0.307654E+00
2004  11  14  10.000  0.298500E+03  0.296410E+03  0.803000E+02  0.357823E+01  0.268783E+03  0.268994E+03  0.201394E+01  0.313723E+00
2004  11  14  11.000  0.293000E+03  0.297884E+03  0.156200E+03  0.697048E+01  0.269095E+03  0.269320E+03  0.191726E+01  0.307089E+00
2004  11  14  12.000  0.285800E+03  0.298227E+03  0.160200E+03  0.715244E+01  0.269111E+03  0.269413E+03  0.160478E+01  0.262155E+00
2004  11  14  13.000  0.291700E+03  0.299628E+03  0.153300E+03  0.684752E+01  0.269567E+03  0.269697E+03  0.150094E+01  0.250066E+00
2004  11  14  14.000  0.274500E+03  0.299699E+03  0.193900E+03  0.866511E+01  0.269421E+03  0.269829E+03  0.145848E+01  0.240397E+00
2004  11  14  15.000  0.283700E+03  0.298044E+03  0.683000E+02  0.305347E+01  0.269014E+03  0.269417E+03  0.159152E+01  0.270516E+00
2004  11  14  16.000  0.297800E+03  0.297168E+03  0.178000E+02  0.795805E+00  0.268913E+03  0.269169E+03  0.156712E+01  0.244526E+00
2004  11  14  17.000  0.302700E+03  0.296565E+03  0.000000E+00  0.000000E+00  0.268801E+03  0.269020E+03  0.157140E+01  0.242247E+00
2004  11  14  18.000  0.300700E+03  0.295942E+03  0.000000E+00  0.000000E+00  0.268688E+03  0.268910E+03  0.156977E+01  0.241623E+00
2004  11  14  19.000  0.296900E+03  0.295010E+03  0.000000E+00  0.000000E+00  0.268482E+03  0.268739E+03  0.108587E+01  0.173186E+00
2004  11  14  20.000  0.294900E+03  0.294085E+03  0.000000E+00  0.000000E+00  0.268269E+03  0.268542E+03  0.108988E+01  0.173303E+00
2004  11  14  21.000  0.297300E+03  0.294350E+03  0.000000E+00  0.000000E+00  0.268474E+03  0.268633E+03  0.816206E+00  0.136894E+00
2004  11  14  22.000  0.294200E+03  0.294164E+03  0.000000E+00  0.000000E+00  0.268344E+03  0.268607E+03  0.116484E+01  0.182351E+00
2004  11  14  23.000  0.281700E+03  0.292727E+03  0.000000E+00  0.000000E+00  0.267694E+03  0.268392E+03  0.909080E+00  0.193109E+00
2004  11  15   0.000  0.286400E+03  0.292809E+03  0.000000E+00  0.000000E+00  0.268015E+03  0.268424E+03  0.514585E+00  0.122428E+00
2004  11  15   1.000  0.282800E+03  0.291983E+03  0.000000E+00  0.000000E+00  0.267769E+03  0.268211E+03  0.476016E+00  0.769526E-01
2004  11  15   2.000  0.243200E+03  0.287178E+03  0.000000E+00  0.000000E+00  0.266106E+03  0.268105E+03  0.634069E+00  0.790533E-01
2004  11  15   3.000  0.242100E+03  0.284421E+03  0.000000E+00  0.000000E+00  0.265977E+03  0.267337E+03  0.395707E+00  0.400628E-01
2004  11  15   4.000  0.213900E+03  0.280253E+03  0.000000E+00  0.000000E+00  0.264935E+03  0.266424E+03  0.791806E+00  0.143523E+00
2004  11  15   5.000  0.200200E+03  0.274777E+03  0.000000E+00  0.000000E+00  0.264134E+03  0.265684E+03  0.474062E+00  0.484471E-01
2004  11  15   6.000  0.235200E+03  0.275351E+03  0.000000E+00  0.000000E+00  0.264929E+03  0.265422E+03  0.395048E+00  0.698637E-01
2004  11  15   7.000  0.205600E+03  0.270788E+03  0.300000E+00  0.134434E-01  0.263553E+03  0.264677E+03  0.632238E+00  0.643595E-01
2004  11  15   8.000  0.205100E+03  0.269977E+03  0.135000E+02  0.605011E+00  0.263690E+03  0.264439E+03  0.552756E+00  0.991630E-01
2004  11  15   9.000  0.198500E+03  0.269446E+03  0.374000E+02  0.167630E+01  0.264028E+03  0.264307E+03  0.314478E+00  0.555866E-01
2004  11  15  10.000  0.206900E+03  0.286232E+03  0.327900E+03  0.146984E+02  0.268148E+03  0.268104E+03  0.378569E+00  0.655108E-01
2004  11  15  11.000  0.211600E+03  0.299178E+03  0.407700E+03  0.182770E+02  0.269928E+03  0.270478E+03  0.315404E+00  0.539773E-01
2004  11  15  12.000  0.217800E+03  0.300681E+03  0.457200E+03  0.204934E+02  0.270336E+03  0.270139E+03  0.803217E+00  0.162761E+00
2004  11  15  13.000  0.215800E+03  0.298501E+03  0.298700E+03  0.133831E+02  0.269230E+03  0.269870E+03  0.987366E+00  0.173802E+00
2004  11  15  14.000  0.212300E+03  0.296705E+03  0.247000E+03  0.110636E+02  0.268731E+03  0.269568E+03  0.688741E+00  0.135231E+00
2004  11  15  15.000  0.217400E+03  0.294364E+03  0.764000E+02  0.342144E+01  0.267185E+03  0.269264E+03  0.234547E+00  0.347425E-01
2004  11  15  16.000  0.207000E+03  0.289234E+03  0.520000E+01  0.232875E+00  0.266635E+03  0.268585E+03  0.944539E+00  0.148584E+00
2004  11  15  17.000  0.206400E+03  0.283587E+03  0.000000E+00  0.000000E+00  0.265669E+03  0.267451E+03  0.470890E+00  0.485981E-01
2004  11  15  18.000  0.212300E+03  0.279797E+03  0.000000E+00  0.000000E+00  0.265263E+03  0.266426E+03  0.233154E+00  0.431807E-01
2004  11  15  19.000  0.243700E+03  0.280167E+03  0.000000E+00  0.000000E+00  0.266421E+03  0.266474E+03  0.628861E+00  0.648522E-01
2004  11  15  20.000  0.208500E+03  0.277182E+03  0.000000E+00  0.000000E+00  0.265577E+03  0.265956E+03  0.943161E+00  0.976709E-01
2004  11  15  21.000  0.211900E+03  0.277448E+03  0.000000E+00  0.000000E+00  0.266875E+03  0.266067E+03  0.102152E+01  0.105342E+00
2004  11  15  22.000  0.214400E+03  0.276708E+03  0.000000E+00  0.000000E+00  0.266140E+03  0.265867E+03  0.391050E+00  0.634529E-01
2004  11  15  23.000  0.213300E+03  0.276971E+03  0.000000E+00  0.000000E+00  0.266246E+03  0.265937E+03  0.627424E+00  0.113582E+00
2004  11  16   0.000  0.211700E+03  0.280389E+03  0.000000E+00  0.000000E+00  0.267193E+03  0.266679E+03  0.117772E+01  0.133644E+00
2004  11  16   1.000  0.212900E+03  0.281023E+03  0.000000E+00  0.000000E+00  0.267492E+03  0.266840E+03  0.626893E+00  0.113139E+00
2004  11  16   2.000  0.212700E+03  0.282153E+03  0.000000E+00  0.000000E+00  0.267713E+03  0.267069E+03  0.705352E+00  0.128229E+00
2004  11  16   3.000  0.213400E+03  0.283412E+03  0.000000E+00  0.000000E+00  0.268444E+03  0.267369E+03  0.626401E+00  0.113009E+00
2004  11  16   4.000  0.214400E+03  0.283513E+03  0.000000E+00  0.000000E+00  0.268166E+03  0.267368E+03  0.547526E+00  0.987674E-01
2004  11  16   5.000  0.215900E+03  0.283075E+03  0.000000E+00  0.000000E+00  0.268074E+03  0.267253E+03  0.468615E+00  0.854597E-01
2004  11  16   6.000  0.215200E+03  0.282370E+03  0.000000E+00  0.000000E+00  0.268152E+03  0.267112E+03  0.861571E+00  0.895694E-01
2004  11  16   7.000  0.215500E+03  0.284662E+03  0.100000E+00  0.448578E-02  0.268453E+03  0.267581E+03  0.782786E+00  0.143362E+00
2004  11  16   8.000  0.216900E+03  0.284885E+03  0.124000E+02  0.556337E+00  0.268514E+03  0.267648E+03  0.468237E+00  0.853457E-01
2004  11  16   9.000  0.219500E+03  0.285000E+03  0.261000E+02  0.117113E+01  0.269839E+03  0.267662E+03  0.230916E+00  0.431339E-01
2004  11  16  10.000  0.226600E+03  0.303376E+03  0.312700E+03  0.140324E+02  0.273178E+03  0.271825E+03  0.242908E+00  0.706037E-01
2004  11  16  11.000  0.235300E+03  0.317474E+03  0.405000E+03  0.181756E+02  0.273556E+03  0.273870E+03  0.487960E+00  0.959128E-01
2004  11  16  12.000  0.237100E+03  0.318338E+03  0.430600E+03  0.192649E+02  0.273232E+03  0.273741E+03  0.424468E+00  0.122382E+00
2004  11  16  13.000  0.234400E+03  0.318064E+03  0.387400E+03  0.172580E+02  0.273345E+03  0.273809E+03  0.531000E+00  0.149568E+00
2004  11  16  14.000  0.233100E+03  0.314050E+03  0.289300E+03  0.128337E+02  0.272780E+03  0.273101E+03  0.638093E+00  0.123089E+00
2004  11  16  15.000  0.244000E+03  0.309991E+03  0.144400E+03  0.639362E+01  0.272203E+03  0.272310E+03  0.367426E+00  0.808111E-01
2004  11  16  16.000  0.228900E+03  0.302668E+03  0.410000E+01  0.181468E+00  0.269111E+03  0.271294E+03  0.627105E-01  0.143916E-01
2004  11  16  17.000  0.226600E+03  0.296782E+03  0.000000E+00  0.000000E+00  0.268958E+03  0.270271E+03  0.377221E+00  0.409291E-01
2004  11  16  18.000  0.226600E+03  0.294556E+03  0.000000E+00  0.000000E+00  0.269540E+03  0.269992E+03  0.993243E+00  0.156972E+00
2004  11  16  19.000  0.226500E+03  0.291077E+03  0.000000E+00  0.000000E+00  0.269017E+03  0.269011E+03  0.220395E+00  0.432407E-01
2004  11  16  20.000  0.227300E+03  0.290138E+03  0.000000E+00  0.000000E+00  0.269076E+03  0.268904E+03  0.531847E+00  0.995120E-01
2004  11  16  21.000  0.229400E+03  0.289319E+03  0.000000E+00  0.000000E+00  0.269713E+03  0.268777E+03  0.839464E+00  0.897109E-01
2004  11  16  22.000  0.230600E+03  0.288320E+03  0.000000E+00  0.000000E+00  0.269449E+03  0.268415E+03  0.299110E+00  0.577056E-01
2004  11  16  23.000  0.231100E+03  0.289208E+03  0.000000E+00  0.000000E+00  0.269774E+03  0.268735E+03  0.531635E+00  0.989714E-01
2004  11  17   0.000  0.231500E+03  0.288826E+03  0.000000E+00  0.000000E+00  0.269941E+03  0.268680E+03  0.839215E+00  0.897946E-01
2004  11  17   1.000  0.228800E+03  0.288837E+03  0.000000E+00  0.000000E+00  0.269929E+03  0.268683E+03  0.915712E+00  0.979212E-01
2004  11  17   2.000  0.229000E+03  0.290675E+03  0.000000E+00  0.000000E+00  0.269855E+03  0.269010E+03  0.685139E+00  0.128887E+00
2004  11  17   3.000  0.259100E+03  0.297964E+03  0.000000E+00  0.000000E+00  0.271127E+03  0.270180E+03  0.114623E+01  0.215503E+00
2004  11  17   4.000  0.287600E+03  0.301238E+03  0.000000E+00  0.000000E+00  0.271328E+03  0.270646E+03  0.534253E+00  0.100626E+00
2004  11  17   5.000  0.276200E+03  0.301395E+03  0.000000E+00  0.000000E+00  0.271236E+03  0.270782E+03  0.456606E+00  0.856099E-01
2004  11  17   6.000  0.288400E+03  0.303089E+03  0.000000E+00  0.000000E+00  0.271424E+03  0.271173E+03  0.905074E+00  0.114312E+00
2004  11  17   7.000  0.284500E+03  0.306423E+03  0.500000E+00  0.221418E-01  0.271046E+03  0.271641E+03  0.119511E+01  0.244751E+00
2004  11  17   8.000  0.274600E+03  0.308203E+03  0.372000E+02  0.164747E+01  0.271426E+03  0.272019E+03  0.115544E+01  0.315112E+00
2004  11  17   9.000  0.234300E+03  0.303369E+03  0.319000E+02  0.141275E+01  0.270616E+03  0.271483E+03  0.454711E+00  0.490405E-01
2004  11  17  10.000  0.242000E+03  0.314389E+03  0.298900E+03  0.132369E+02  0.273184E+03  0.273363E+03  0.175869E+01  0.358224E+00
2004  11  17  11.000  0.290000E+03  0.325348E+03  0.303200E+03  0.134017E+02  0.274175E+03  0.274852E+03  0.999495E+00  0.266663E+00
2004  11  17  12.000  0.292200E+03  0.327123E+03  0.231600E+03  0.101597E+02  0.275167E+03  0.275270E+03  0.903223E+00  0.153373E+00
2004  11  17  13.000  0.269800E+03  0.331098E+03  0.338000E+03  0.146920E+02  0.275691E+03  0.276061E+03  0.102992E+01  0.192247E+00
2004  11  17  14.000  0.266300E+03  0.329310E+03  0.304500E+03  0.130265E+02  0.275139E+03  0.275741E+03  0.914353E+00  0.192615E+00
2004  11  17  15.000  0.280900E+03  0.328198E+03  0.101600E+03  0.434248E+01  0.275198E+03  0.275512E+03  0.723146E+00  0.130463E+00
2004  11  17  16.000  0.263600E+03  0.321917E+03  0.160000E+02  0.683394E+00  0.274484E+03  0.273988E+03  0.492993E+00  0.814067E-01
2004  11  17  17.000  0.280500E+03  0.318728E+03  0.000000E+00  0.000000E+00  0.274078E+03  0.273826E+03  0.717180E+00  0.789743E-01
2004  11  17  18.000  0.307500E+03  0.318849E+03  0.000000E+00  0.000000E+00  0.274414E+03  0.273673E+03  0.428949E+00  0.469182E-01
2004  11  17  19.000  0.305200E+03  0.318999E+03  0.000000E+00  0.000000E+00  0.274216E+03  0.273592E+03  0.724262E+00  0.148977E+00
2004  11  17  20.000  0.307200E+03  0.319414E+03  0.000000E+00  0.000000E+00  0.274077E+03  0.273625E+03  0.757187E+00  0.175027E+00
2004  11  17  21.000  0.308900E+03  0.321146E+03  0.000000E+00  0.000000E+00  0.273889E+03  0.274140E+03  0.906605E+00  0.287448E+00
2004  11  17  22.000  0.311700E+03  0.321092E+03  0.000000E+00  0.000000E+00  0.273811E+03  0.274086E+03  0.792265E+00  0.247399E+00
2004  11  17  23.000  0.313900E+03  0.322811E+03  0.000000E+00  0.000000E+00  0.274027E+03  0.274366E+03  0.943977E+00  0.297548E+00
2004  11  18   0.000  0.314300E+03  0.322689E+03  0.000000E+00  0.000000E+00  0.273906E+03  0.274328E+03  0.104083E+01  0.362863E+00
2004  11  18   1.000  0.314300E+03  0.323730E+03  0.000000E+00  0.000000E+00  0.274024E+03  0.274505E+03  0.117164E+01  0.414177E+00
2004  11  18   2.000  0.313800E+03  0.323873E+03  0.000000E+00  0.000000E+00  0.274019E+03  0.274517E+03  0.115731E+01  0.411225E+00
2004  11  18   3.000  0.285100E+03  0.321546E+03  0.000000E+00  0.000000E+00  0.273877E+03  0.274310E+03  0.892371E+00  0.224117E+00
2004  11  18   4.000  0.264100E+03  0.315940E+03  0.000000E+00  0.000000E+00  0.273923E+03  0.273464E+03  0.996479E+00  0.102507E+00
2004  11  18   5.000  0.271700E+03  0.315407E+03  0.000000E+00  0.000000E+00  0.273454E+03  0.273327E+03  0.901455E+00  0.224712E+00
2004  11  18   6.000  0.256100E+03  0.311651E+03  0.000000E+00  0.000000E+00  0.273689E+03  0.273029E+03  0.106238E+01  0.111966E+00
2004  11  18   7.000  0.256700E+03  0.310668E+03  0.000000E+00  0.000000E+00  0.272955E+03  0.272978E+03  0.981611E+00  0.189337E+00
2004  11  18   8.000  0.254700E+03  0.310270E+03  0.245000E+02  0.104138E+01  0.273440E+03  0.272946E+03  0.854207E+00  0.130502E+00
2004  11  18   9.000  0.274100E+03  0.316074E+03  0.792000E+02  0.336669E+01  0.273894E+03  0.273354E+03  0.613664E+00  0.166489E+00
2004  11  18  10.000  0.305200E+03  0.324845E+03  0.127200E+03  0.540155E+01  0.274184E+03  0.274947E+03  0.686010E+00  0.179586E+00
2004  11  18  11.000  0.277900E+03  0.325679E+03  0.150700E+03  0.639777E+01  0.275606E+03  0.275355E+03  0.994649E+00  0.208969E+00
2004  11  18  12.000  0.279100E+03  0.328715E+03  0.221400E+03  0.939925E+01  0.277051E+03  0.275700E+03  0.527141E+00  0.146029E+00
2004  11  18  13.000  0.267000E+03  0.334786E+03  0.351800E+03  0.149352E+02  0.279539E+03  0.276802E+03  0.530404E+00  0.159759E+00
2004  11  18  14.000  0.257900E+03  0.336431E+03  0.318100E+03  0.135045E+02  0.278139E+03  0.277288E+03  0.907992E+00  0.214423E+00
2004  11  18  15.000  0.252900E+03  0.329570E+03  0.134500E+03  0.571002E+01  0.276159E+03  0.276276E+03  0.115066E+01  0.253168E+00
2004  11  18  16.000  0.245000E+03  0.322279E+03  0.191000E+02  0.810866E+00  0.274406E+03  0.275240E+03  0.707237E+00  0.137525E+00
2004  11  18  17.000  0.236000E+03  0.314967E+03  0.000000E+00  0.000000E+00  0.273617E+03  0.274145E+03  0.551574E+00  0.908358E-01
2004  11  18  18.000  0.246400E+03  0.311747E+03  0.000000E+00  0.000000E+00  0.273722E+03  0.273822E+03  0.817937E+00  0.117564E+00
2004  11  18  19.000  0.252200E+03  0.310781E+03  0.000000E+00  0.000000E+00  0.273886E+03  0.273334E+03  0.768340E+00  0.820106E-01
2004  11  18  20.000  0.262500E+03  0.310327E+03  0.000000E+00  0.000000E+00  0.273781E+03  0.273546E+03  0.769867E+00  0.121025E+00
2004  11  18  21.000  0.293900E+03  0.314246E+03  0.000000E+00  0.000000E+00  0.273769E+03  0.273854E+03  0.621146E+00  0.189419E+00
2004  11  18  22.000  0.315100E+03  0.319933E+03  0.000000E+00  0.000000E+00  0.274364E+03  0.274347E+03  0.752225E+00  0.236377E+00
2004  11  18  23.000  0.312700E+03  0.322235E+03  0.000000E+00  0.000000E+00  0.274570E+03  0.274763E+03  0.107730E+01  0.329702E+00
2004  11  19   0.000  0.298800E+03  0.324326E+03  0.000000E+00  0.000000E+00  0.274694E+03  0.275306E+03  0.127033E+01  0.438820E+00
2004  11  19   1.000  0.295500E+03  0.325141E+03  0.000000E+00  0.000000E+00  0.274570E+03  0.275456E+03  0.841144E+00  0.267940E+00
2004  11  19   2.000  0.311100E+03  0.330346E+03  0.000000E+00  0.000000E+00  0.275770E+03  0.276445E+03  0.108692E+01  0.413496E+00
2004  11  19   3.000  0.317100E+03  0.332238E+03  0.000000E+00  0.000000E+00  0.275951E+03  0.276689E+03  0.106597E+01  0.407946E+00
2004  11  19   4.000  0.318800E+03  0.331534E+03  0.000000E+00  0.000000E+00  0.276170E+03  0.276520E+03  0.143600E+01  0.444878E+00
2004  11  19   5.000  0.327000E+03  0.330301E+03  0.000000E+00  0.000000E+00  0.275161E+03  0.276205E+03  0.175788E+01  0.574048E+00
2004  11  19   6.000  0.326200E+03  0.329628E+03  0.000000E+00  0.000000E+00  0.274563E+03  0.276096E+03  0.176466E+01  0.614993E+00
2004  11  19   7.000  0.329200E+03  0.331679E+03  0.000000E+00  0.000000E+00  0.274826E+03  0.276580E+03  0.173897E+01  0.568981E+00
2004  11  19   8.000  0.328400E+03  0.334023E+03  0.490000E+01  0.208023E+00  0.275076E+03  0.277059E+03  0.169238E+01  0.604311E+00
2004  11  19   9.000  0.323900E+03  0.326865E+03  0.890000E+01  0.377838E+00  0.275502E+03  0.275398E+03  0.296155E+01  0.655097E+00
2004  11  19  10.000  0.312300E+03  0.311128E+03  0.181000E+02  0.778438E+00  0.271694E+03  0.271971E+03  0.187348E+01  0.411512E+00
2004  11  19  11.000  0.312600E+03  0.306531E+03  0.264000E+02  0.116352E+01  0.270843E+03  0.271027E+03  0.135513E+01  0.224463E+00
2004  11  19  12.000  0.314000E+03  0.305763E+03  0.777000E+02  0.346510E+01  0.270896E+03  0.270862E+03  0.125565E+01  0.215360E+00
2004  11  19  13.000  0.316300E+03  0.307203E+03  0.127300E+03  0.567743E+01  0.271161E+03  0.271134E+03  0.929582E+00  0.169820E+00
2004  11  19  14.000  0.315500E+03  0.306656E+03  0.103500E+03  0.461393E+01  0.271018E+03  0.270998E+03  0.117294E+01  0.204819E+00
2004  11  19  15.000  0.310100E+03  0.305549E+03  0.298000E+02  0.132849E+01  0.270701E+03  0.270931E+03  0.124404E+01  0.200166E+00
2004  11  19  16.000  0.301800E+03  0.304359E+03  0.310000E+01  0.138154E+00  0.270542E+03  0.270802E+03  0.119778E+01  0.251844E+00
2004  11  19  17.000  0.298700E+03  0.303897E+03  0.000000E+00  0.000000E+00  0.270381E+03  0.270763E+03  0.113904E+01  0.271571E+00
2004  11  19  18.000  0.296800E+03  0.302738E+03  0.000000E+00  0.000000E+00  0.270069E+03  0.270485E+03  0.123183E+01  0.296881E+00
2004  11  19  19.000  0.299900E+03  0.302046E+03  0.000000E+00  0.000000E+00  0.270129E+03  0.270307E+03  0.189966E+01  0.308987E+00
2004  11  19  20.000  0.307500E+03  0.299647E+03  0.000000E+00  0.000000E+00  0.269694E+03  0.269544E+03  0.466542E+00  0.930970E-01
2004  11  19  21.000  0.307100E+03  0.297732E+03  0.000000E+00  0.000000E+00  0.269363E+03  0.269093E+03  0.389404E+00  0.817328E-01
2004  11  19  22.000  0.309300E+03  0.297420E+03  0.000000E+00  0.000000E+00  0.269439E+03  0.269092E+03  0.457542E+00  0.936795E-01
2004  11  19  23.000  0.307900E+03  0.297320E+03  0.000000E+00  0.000000E+00  0.269481E+03  0.269062E+03  0.259756E+00  0.544412E-01
2004  11  20   0.000  0.305800E+03  0.297376E+03  0.000000E+00  0.000000E+00  0.269190E+03  0.269169E+03  0.640593E+00  0.117311E+00
2004  11  20   1.000  0.305100E+03  0.298174E+03  0.000000E+00  0.000000E+00  0.269289E+03  0.269360E+03  0.191981E+01  0.303507E+00
2004  11  20   2.000  0.305000E+03  0.298119E+03  0.000000E+00  0.000000E+00  0.269242E+03  0.269348E+03  0.123208E+01  0.200366E+00
2004  11  20   3.000  0.304500E+03  0.297356E+03  0.000000E+00  0.000000E+00  0.268992E+03  0.269120E+03  0.199231E+01  0.320268E+00
2004  11  20   4.000  0.305700E+03  0.297669E+03  0.000000E+00  0.000000E+00  0.269200E+03  0.269257E+03  0.113725E+01  0.188294E+00
2004  11  20   5.000  0.305100E+03  0.297688E+03  0.000000E+00  0.000000E+00  0.269129E+03  0.269242E+03  0.123548E+01  0.200647E+00
2004  11  20   6.000  0.303100E+03  0.297842E+03  0.000000E+00  0.000000E+00  0.269181E+03  0.269304E+03  0.163334E+01  0.258395E+00
2004  11  20   7.000  0.301000E+03  0.297487E+03  0.000000E+00  0.000000E+00  0.269067E+03  0.269237E+03  0.133768E+01  0.212468E+00
2004  11  20   8.000  0.302100E+03  0.297812E+03  0.259000E+02  0.118576E+01  0.269131E+03  0.269268E+03  0.202764E+01  0.322340E+00
2004  11  20   9.000  0.307400E+03  0.301152E+03  0.875000E+02  0.400606E+01  0.270219E+03  0.270014E+03  0.116279E+01  0.207182E+00
2004  11  20  10.000  0.312900E+03  0.303378E+03  0.142900E+03  0.654256E+01  0.270432E+03  0.270332E+03  0.140188E+01  0.247299E+00
2004  11  20  11.000  0.312600E+03  0.302671E+03  0.108700E+03  0.497605E+01  0.270245E+03  0.270107E+03  0.116035E+01  0.211345E+00
2004  11  20  12.000  0.306800E+03  0.299137E+03  0.506000E+02  0.231628E+01  0.269150E+03  0.269343E+03  0.120854E+01  0.211377E+00
2004  11  20  13.000  0.307600E+03  0.299162E+03  0.359000E+02  0.164800E+01  0.269364E+03  0.269504E+03  0.233275E+01  0.373725E+00
2004  11  20  14.000  0.306900E+03  0.300172E+03  0.125000E+02  0.575208E+00  0.269718E+03  0.269818E+03  0.164836E+01  0.261114E+00
2004  11  20  15.000  0.305700E+03  0.300744E+03  0.190000E+01  0.877117E-01  0.269871E+03  0.269911E+03  0.272195E+01  0.454334E+00
2004  11  20  16.000  0.294600E+03  0.299445E+03  0.000000E+00  0.000000E+00  0.269468E+03  0.269654E+03  0.466248E+01  0.861839E+00
2004  11  20  17.000  0.291200E+03  0.299153E+03  0.000000E+00  0.000000E+00  0.269500E+03  0.269681E+03  0.340139E+01  0.641557E+00
2004  11  20  18.000  0.289500E+03  0.299038E+03  0.000000E+00  0.000000E+00  0.269436E+03  0.269656E+03  0.350322E+01  0.678689E+00
2004  11  20  19.000  0.289800E+03  0.299383E+03  0.000000E+00  0.000000E+00  0.269489E+03  0.269765E+03  0.266689E+01  0.554771E+00
2004  11  20  20.000  0.286900E+03  0.299280E+03  0.000000E+00  0.000000E+00  0.269336E+03  0.269748E+03  0.266608E+01  0.592359E+00
2004  11  20  21.000  0.282700E+03  0.298336E+03  0.000000E+00  0.000000E+00  0.268757E+03  0.269578E+03  0.172929E+01  0.419977E+00
2004  11  20  22.000  0.287800E+03  0.298151E+03  0.000000E+00  0.000000E+00  0.268984E+03  0.269520E+03  0.119022E+01  0.284289E+00
2004  11  20  23.000  0.301100E+03  0.297780E+03  0.000000E+00  0.000000E+00  0.269268E+03  0.269249E+03  0.564531E+00  0.107710E+00
2004  11  21   0.000  0.308000E+03  0.298394E+03  0.000000E+00  0.000000E+00  0.269597E+03  0.269528E+03  0.130294E+00  0.223182E-01
2004  11  21   1.000  0.310600E+03  0.298684E+03  0.000000E+00  0.000000E+00  0.269641E+03  0.269534E+03  0.130383E+00  0.225127E-01
2004  11  21   2.000  0.310900E+03  0.298953E+03  0.000000E+00  0.000000E+00  0.269723E+03  0.269590E+03  0.130372E+00  0.225932E-01
2004  11  21   3.000  0.309600E+03  0.300043E+03  0.000000E+00  0.000000E+00  0.270004E+03  0.269781E+03  0.473224E+00  0.921756E-01
2004  11  21   4.000  0.311200E+03  0.301077E+03  0.000000E+00  0.000000E+00  0.270295E+03  0.269980E+03  0.466536E+00  0.951049E-01
2004  11  21   5.000  0.312300E+03  0.302276E+03  0.000000E+00  0.000000E+00  0.270405E+03  0.270260E+03  0.718243E+00  0.128401E+00
2004  11  21   6.000  0.314200E+03  0.303855E+03  0.000000E+00  0.000000E+00  0.271304E+03  0.270863E+03  0.324535E+00  0.687263E-01
2004  11  21   7.000  0.315600E+03  0.305238E+03  0.000000E+00  0.000000E+00  0.271303E+03  0.271111E+03  0.473485E+00  0.679947E-01
2004  11  21   8.000  0.316600E+03  0.306073E+03  0.157000E+02  0.748260E+00  0.271377E+03  0.270977E+03  0.194997E+00  0.354061E-01
2004  11  21   9.000  0.305800E+03  0.309110E+03  0.849000E+02  0.404376E+01  0.271794E+03  0.271885E+03  0.194913E+00  0.355214E-01
2004  11  21  10.000  0.252800E+03  0.311666E+03  0.235000E+03  0.111846E+02  0.272003E+03  0.272783E+03  0.955482E+00  0.164963E+00
2004  11  21  11.000  0.228400E+03  0.318276E+03  0.391900E+03  0.186226E+02  0.272481E+03  0.273837E+03  0.397998E+00  0.591368E-01
2004  11  21  12.000  0.233300E+03  0.318105E+03  0.403700E+03  0.190947E+02  0.273311E+03  0.273920E+03  0.557334E+00  0.987794E-01
2004  11  21  13.000  0.234700E+03  0.319385E+03  0.364300E+03  0.171344E+02  0.273545E+03  0.274261E+03  0.557266E+00  0.994493E-01
2004  11  21  14.000  0.233500E+03  0.318474E+03  0.277100E+03  0.129529E+02  0.273097E+03  0.274221E+03  0.477450E+00  0.857302E-01
2004  11  21  15.000  0.231300E+03  0.313599E+03  0.121900E+03  0.566801E+01  0.271915E+03  0.273426E+03  0.556902E+00  0.741744E-01
2004  11  21  16.000  0.228300E+03  0.307930E+03  0.310000E+01  0.143849E+00  0.271075E+03  0.272337E+03  0.875516E+00  0.108109E+00
2004  11  21  17.000  0.228700E+03  0.305328E+03  0.000000E+00  0.000000E+00  0.271154E+03  0.271814E+03  0.127382E+01  0.206566E+00
2004  11  21  18.000  0.240700E+03  0.305127E+03  0.000000E+00  0.000000E+00  0.271781E+03  0.271747E+03  0.151279E+01  0.240002E+00
2004  11  21  19.000  0.282000E+03  0.312172E+03  0.000000E+00  0.000000E+00  0.273552E+03  0.272906E+03  0.172944E+01  0.307166E+00
2004  11  21  20.000  0.314700E+03  0.320682E+03  0.000000E+00  0.000000E+00  0.275910E+03  0.273888E+03  0.141683E+01  0.270198E+00
2004  11  21  21.000  0.322100E+03  0.323197E+03  0.000000E+00  0.000000E+00  0.275871E+03  0.274096E+03  0.163176E+01  0.315832E+00
2004  11  21  22.000  0.325500E+03  0.324670E+03  0.000000E+00  0.000000E+00  0.276074E+03  0.274287E+03  0.176844E+01  0.330890E+00
2004  11  21  23.000  0.333100E+03  0.324663E+03  0.000000E+00  0.000000E+00  0.275882E+03  0.274261E+03  0.170972E+01  0.302589E+00
2004  11  22   0.000  0.331300E+03  0.324495E+03  0.000000E+00  0.000000E+00  0.275781E+03  0.274256E+03  0.173817E+01  0.306805E+00
2004  11  22   1.000  0.330000E+03  0.327508E+03  0.000000E+00  0.000000E+00  0.275764E+03  0.275096E+03  0.189647E+01  0.334656E+00
2004  11  22   2.000  0.331300E+03  0.325189E+03  0.000000E+00  0.000000E+00  0.276183E+03  0.274264E+03  0.166540E+01  0.335493E+00
2004  11  22   3.000  0.334100E+03  0.323335E+03  0.000000E+00  0.000000E+00  0.276811E+03  0.274100E+03  0.135362E+01  0.173905E+00
2004  11  22   4.000  0.331800E+03  0.319983E+03  0.000000E+00  0.000000E+00  0.276317E+03  0.273741E+03  0.716533E+00  0.787709E-01
2004  11  22   5.000  0.330800E+03  0.321373E+03  0.000000E+00  0.000000E+00  0.276360E+03  0.273916E+03  0.137083E+01  0.159072E+00
2004  11  22   6.000  0.334700E+03  0.324231E+03  0.000000E+00  0.000000E+00  0.275821E+03  0.274113E+03  0.140598E+01  0.263840E+00
2004  11  22   7.000  0.334500E+03  0.327136E+03  0.000000E+00  0.000000E+00  0.276053E+03  0.274412E+03  0.133287E+01  0.225451E+00
2004  11  22   8.000  0.334900E+03  0.329885E+03  0.106000E+02  0.456317E+00  0.275513E+03  0.275380E+03  0.140339E+01  0.235594E+00
2004  11  22   9.000  0.331700E+03  0.330763E+03  0.647000E+02  0.278432E+01  0.275267E+03  0.275613E+03  0.172369E+01  0.370614E+00
2004  11  22  10.000  0.321400E+03  0.330711E+03  0.110300E+03  0.474410E+01  0.275305E+03  0.275676E+03  0.180960E+01  0.393745E+00
2004  11  22  11.000  0.320700E+03  0.333212E+03  0.135500E+03  0.582151E+01  0.275293E+03  0.276008E+03  0.210282E+01  0.493771E+00
2004  11  22  12.000  0.286700E+03  0.334819E+03  0.212300E+03  0.910567E+01  0.275450E+03  0.276391E+03  0.228836E+01  0.541335E+00
2004  11  22  13.000  0.293900E+03  0.338417E+03  0.200600E+03  0.858628E+01  0.276090E+03  0.276929E+03  0.184827E+01  0.391130E+00
2004  11  22  14.000  0.268900E+03  0.338925E+03  0.183000E+03  0.781722E+01  0.276723E+03  0.277195E+03  0.168524E+01  0.310953E+00
2004  11  22  15.000  0.307800E+03  0.337886E+03  0.590000E+02  0.251547E+01  0.276844E+03  0.276745E+03  0.152493E+01  0.239636E+00
2004  11  22  16.000  0.319100E+03  0.334231E+03  0.860000E+01  0.366099E+00  0.275838E+03  0.276069E+03  0.166639E+01  0.302145E+00
2004  11  22  17.000  0.320600E+03  0.333159E+03  0.000000E+00  0.000000E+00  0.275838E+03  0.276046E+03  0.166639E+01  0.283067E+00
2004  11  22  18.000  0.320700E+03  0.333646E+03  0.000000E+00  0.000000E+00  0.275781E+03  0.276981E+03  0.173817E+01  0.308287E+00
2004  11  22  19.000  0.304800E+03  0.332738E+03  0.000000E+00  0.000000E+00  0.276284E+03  0.276717E+03  0.149331E+01  0.198725E+00
2004  11  22  20.000  0.322800E+03  0.334005E+03  0.000000E+00  0.000000E+00  0.276929E+03  0.276695E+03  0.152852E+01  0.149276E+00
2004  11  22  21.000  0.313900E+03  0.333823E+03  0.000000E+00  0.000000E+00  0.276198E+03  0.276970E+03  0.150746E+01  0.222398E+00
2004  11  22  22.000  0.294200E+03  0.334389E+03  0.000000E+00  0.000000E+00  0.275903E+03  0.277377E+03  0.212053E+01  0.414329E+00
2004  11  22  23.000  0.291700E+03  0.334146E+03  0.000000E+00  0.000000E+00  0.276647E+03  0.277195E+03  0.166783E+01  0.204266E+00
2004  11  23   0.000  0.283100E+03  0.335672E+03  0.000000E+00  0.000000E+00  0.276259E+03  0.277740E+03  0.193168E+01  0.326614E+00
2004  11  23   1.000  0.282300E+03  0.335157E+03  0.000000E+00  0.000000E+00  0.276179E+03  0.277580E+03  0.183096E+01  0.285000E+00
2004  11  23   2.000  0.303300E+03  0.334174E+03  0.000000E+00  0.000000E+00  0.277037E+03  0.277121E+03  0.142280E+01  0.141129E+00
2004  11  23   3.000  0.320200E+03  0.334114E+03  0.000000E+00  0.000000E+00  0.277035E+03  0.276928E+03  0.134274E+01  0.121378E+00
2004  11  23   4.000  0.328300E+03  0.334467E+03  0.000000E+00  0.000000E+00  0.276284E+03  0.277088E+03  0.136300E+01  0.192788E+00
2004  11  23   5.000  0.332000E+03  0.332566E+03  0.000000E+00  0.000000E+00  0.275203E+03  0.276649E+03  0.164955E+01  0.334631E+00
2004  11  23   6.000  0.330300E+03  0.326695E+03  0.000000E+00  0.000000E+00  0.275456E+03  0.274859E+03  0.178434E+01  0.284793E+00
2004  11  23   7.000  0.331100E+03  0.328515E+03  0.000000E+00  0.000000E+00  0.276482E+03  0.274250E+03  0.135363E+01  0.184654E+00
2004  11  23   8.000  0.334300E+03  0.331936E+03  0.270000E+01  0.114700E+00  0.275936E+03  0.276438E+03  0.145523E+01  0.197619E+00
2004  11  23   9.000  0.333500E+03  0.334811E+03  0.227000E+02  0.963699E+00  0.275868E+03  0.277164E+03  0.162919E+01  0.282760E+00
2004  11  23  10.000  0.328500E+03  0.334989E+03  0.365000E+02  0.154956E+01  0.275770E+03  0.277114E+03  0.153095E+01  0.273217E+00
2004  11  23  11.000  0.326800E+03  0.336798E+03  0.905000E+02  0.384206E+01  0.276126E+03  0.277401E+03  0.138899E+01  0.228087E+00
2004  11  23  12.000  0.338500E+03  0.335144E+03  0.440000E+02  0.186796E+01  0.275543E+03  0.276959E+03  0.137222E+01  0.249069E+00
2004  11  23  13.000  0.337400E+03  0.335536E+03  0.524000E+02  0.222489E+01  0.276377E+03  0.277143E+03  0.110411E+01  0.160306E+00
2004  11  23  14.000  0.331600E+03  0.336104E+03  0.333000E+02  0.141371E+01  0.276533E+03  0.277339E+03  0.864635E+00  0.128228E+00
2004  11  23  15.000  0.328000E+03  0.335240E+03  0.780000E+01  0.331139E+00  0.276526E+03  0.277237E+03  0.705458E+00  0.100843E+00
2004  11  23  16.000  0.316900E+03  0.333495E+03  0.680000E+01  0.288685E+00  0.276359E+03  0.277021E+03  0.125221E+01  0.168518E+00
2004  11  23  17.000  0.307200E+03  0.330869E+03  0.000000E+00  0.000000E+00  0.276111E+03  0.276628E+03  0.546555E+00  0.807779E-01
2004  11  23  18.000  0.317200E+03  0.330452E+03  0.000000E+00  0.000000E+00  0.276192E+03  0.276507E+03  0.389813E+00  0.389942E-01
2004  11  23  19.000  0.318100E+03  0.329789E+03  0.000000E+00  0.000000E+00  0.276109E+03  0.276427E+03  0.623760E+00  0.609390E-01
2004  11  23  20.000  0.317900E+03  0.329027E+03  0.000000E+00  0.000000E+00  0.276106E+03  0.276300E+03  0.310764E+00  0.285472E-01
2004  11  23  21.000  0.320000E+03  0.328937E+03  0.000000E+00  0.000000E+00  0.276023E+03  0.276285E+03  0.700283E+00  0.670929E-01
2004  11  23  22.000  0.321300E+03  0.328754E+03  0.000000E+00  0.000000E+00  0.275778E+03  0.276292E+03  0.465897E+00  0.633841E-01
2004  11  23  23.000  0.333400E+03  0.329415E+03  0.000000E+00  0.000000E+00  0.275290E+03  0.276157E+03  0.153627E+00  0.188451E-01
2004  11  24   0.000  0.330800E+03  0.325308E+03  0.000000E+00  0.000000E+00  0.275135E+03  0.275321E+03  0.467328E+00  0.464327E-01
2004  11  24   1.000  0.324800E+03  0.321379E+03  0.000000E+00  0.000000E+00  0.275225E+03  0.274629E+03  0.784370E+00  0.124357E+00
2004  11  24   2.000  0.332700E+03  0.323524E+03  0.000000E+00  0.000000E+00  0.275143E+03  0.275244E+03  0.391656E+00  0.682361E-01
2004  11  24   3.000  0.332800E+03  0.322364E+03  0.000000E+00  0.000000E+00  0.275064E+03  0.274948E+03  0.235057E+00  0.373053E-01
2004  11  24   4.000  0.321800E+03  0.319984E+03  0.000000E+00  0.000000E+00  0.274988E+03  0.274351E+03  0.788546E+00  0.138587E+00
2004  11  24   5.000  0.312700E+03  0.318318E+03  0.000000E+00  0.000000E+00  0.274983E+03  0.274414E+03  0.552550E+00  0.499240E-01
2004  11  24   6.000  0.279300E+03  0.315217E+03  0.000000E+00  0.000000E+00  0.273937E+03  0.274246E+03  0.551747E+00  0.498738E-01
2004  11  24   7.000  0.236400E+03  0.308930E+03  0.000000E+00  0.000000E+00  0.272602E+03  0.273498E+03  0.630189E+00  0.569899E-01
2004  11  24   8.000  0.301100E+03  0.314014E+03  0.161000E+02  0.683703E+00  0.273828E+03  0.273765E+03  0.236226E+00  0.414675E-01
2004  11  24   9.000  0.293600E+03  0.319488E+03  0.752000E+02  0.319371E+01  0.274497E+03  0.274770E+03  0.236128E+00  0.384417E-01
2004  11  24  10.000  0.319200E+03  0.329701E+03  0.128100E+03  0.543832E+01  0.274741E+03  0.276036E+03  0.156877E+00  0.191218E-01
2004  11  24  11.000  0.298500E+03  0.331644E+03  0.200700E+03  0.852046E+01  0.275063E+03  0.276115E+03  0.549118E+00  0.835859E-01
2004  11  24  12.000  0.295700E+03  0.341300E+03  0.275700E+03  0.117045E+02  0.275544E+03  0.277745E+03  0.390321E+00  0.446345E-01
2004  11  24  13.000  0.316500E+03  0.338479E+03  0.269700E+03  0.114498E+02  0.275373E+03  0.276842E+03  0.776857E+00  0.121265E+00
2004  11  24  14.000  0.321900E+03  0.336439E+03  0.103200E+03  0.438122E+01  0.275280E+03  0.276935E+03  0.461829E+00  0.577147E-01
2004  11  24  15.000  0.322300E+03  0.330532E+03  0.440000E+02  0.186796E+01  0.275033E+03  0.275959E+03  0.613520E+00  0.983696E-01
2004  11  24  16.000  0.321700E+03  0.326437E+03  0.170000E+01  0.721713E-01  0.274630E+03  0.275360E+03  0.381819E+00  0.601988E-01
2004  11  24  17.000  0.319100E+03  0.323659E+03  0.000000E+00  0.000000E+00  0.274309E+03  0.274928E+03  0.458065E+00  0.735682E-01
2004  11  24  18.000  0.302600E+03  0.319282E+03  0.000000E+00  0.000000E+00  0.273420E+03  0.274234E+03  0.686735E+00  0.105581E+00
2004  11  24  19.000  0.226700E+03  0.309593E+03  0.000000E+00  0.000000E+00  0.270972E+03  0.273771E+03  0.529153E+00  0.805330E-01
2004  11  24  20.000  0.223300E+03  0.303557E+03  0.000000E+00  0.000000E+00  0.270859E+03  0.272879E+03  0.451900E+00  0.429703E-01
2004  11  24  21.000  0.223800E+03  0.302646E+03  0.000000E+00  0.000000E+00  0.272176E+03  0.272461E+03  0.912885E+00  0.852201E-01
2004  11  24  22.000  0.225500E+03  0.307649E+03  0.000000E+00  0.000000E+00  0.273736E+03  0.273253E+03  0.912606E+00  0.165000E+00
2004  11  24  23.000  0.227500E+03  0.309156E+03  0.000000E+00  0.000000E+00  0.273958E+03  0.273507E+03  0.682325E+00  0.118510E+00
2004  11  25   0.000  0.230200E+03  0.312539E+03  0.000000E+00  0.000000E+00  0.274913E+03  0.273978E+03  0.835852E+00  0.150453E+00
2004  11  25   1.000  0.230300E+03  0.308474E+03  0.000000E+00  0.000000E+00  0.274309E+03  0.273227E+03  0.215427E+00  0.410449E-01
2004  11  25   2.000  0.230000E+03  0.304291E+03  0.000000E+00  0.000000E+00  0.273492E+03  0.272652E+03  0.134958E+00  0.265216E-01
2004  11  25   3.000  0.227800E+03  0.303090E+03  0.000000E+00  0.000000E+00  0.272417E+03  0.272385E+03  0.373730E+00  0.597745E-01
2004  11  25   4.000  0.229300E+03  0.301974E+03  0.000000E+00  0.000000E+00  0.272949E+03  0.272107E+03  0.295207E+00  0.552230E-01
2004  11  25   5.000  0.230500E+03  0.297815E+03  0.000000E+00  0.000000E+00  0.272211E+03  0.271579E+03  0.620105E-01  0.106471E-01
2004  11  25   6.000  0.231300E+03  0.301360E+03  0.000000E+00  0.000000E+00  0.273512E+03  0.272037E+03  0.450597E+00  0.714776E-01
2004  11  25   7.000  0.234000E+03  0.300630E+03  0.000000E+00  0.000000E+00  0.273851E+03  0.271869E+03  0.215210E+00  0.407886E-01
2004  11  25   8.000  0.236600E+03  0.310649E+03  0.132000E+02  0.561678E+00  0.275608E+03  0.273471E+03  0.912220E+00  0.163050E+00
2004  11  25   9.000  0.239500E+03  0.315906E+03  0.341000E+02  0.145167E+01  0.277120E+03  0.274283E+03  0.528305E+00  0.892742E-01
2004  11  25  10.000  0.246600E+03  0.333930E+03  0.217500E+03  0.923533E+01  0.280528E+03  0.277049E+03  0.606793E+00  0.101076E+00
2004  11  25  11.000  0.259500E+03  0.356307E+03  0.326500E+03  0.138611E+02  0.281135E+03  0.280302E+03  0.295680E+00  0.532426E-01
2004  11  25  12.000  0.268900E+03  0.370655E+03  0.343800E+03  0.145956E+02  0.280504E+03  0.282467E+03  0.132542E+00  0.202958E-01
2004  11  25  13.000  0.269000E+03  0.369909E+03  0.257000E+03  0.109106E+02  0.280238E+03  0.282230E+03  0.282581E+00  0.366814E-01
2004  11  25  14.000  0.266200E+03  0.371415E+03  0.205700E+03  0.873272E+01  0.280414E+03  0.283093E+03  0.554924E-01  0.106466E-01
2004  11  25  15.000  0.256200E+03  0.357196E+03  0.697000E+02  0.295902E+01  0.279135E+03  0.280714E+03  0.192217E+00  0.276960E-01
2004  11  25  16.000  0.247900E+03  0.344142E+03  0.410000E+01  0.174060E+00  0.277398E+03  0.279095E+03  0.338575E+00  0.334860E-01
2004  11  25  17.000  0.242900E+03  0.333557E+03  0.000000E+00  0.000000E+00  0.275893E+03  0.277533E+03  0.340006E+00  0.690944E-01
2004  11  25  18.000  0.242800E+03  0.327398E+03  0.000000E+00  0.000000E+00  0.276062E+03  0.276644E+03  0.794288E+00  0.125105E+00
2004  11  25  19.000  0.243600E+03  0.324651E+03  0.000000E+00  0.000000E+00  0.276626E+03  0.276305E+03  0.942879E+00  0.142670E+00
2004  11  25  20.000  0.241800E+03  0.320731E+03  0.000000E+00  0.000000E+00  0.276609E+03  0.275624E+03  0.718773E+00  0.712917E-01
2004  11  25  21.000  0.240600E+03  0.320109E+03  0.000000E+00  0.000000E+00  0.276630E+03  0.275484E+03  0.942908E+00  0.923225E-01
2004  11  25  22.000  0.240400E+03  0.320596E+03  0.000000E+00  0.000000E+00  0.276430E+03  0.275558E+03  0.643854E+00  0.120027E+00
2004  11  25  23.000  0.239100E+03  0.319584E+03  0.000000E+00  0.000000E+00  0.275966E+03  0.275376E+03  0.568346E+00  0.104097E+00
2004  11  26   0.000  0.238000E+03  0.317006E+03  0.000000E+00  0.000000E+00  0.275348E+03  0.274930E+03  0.339045E+00  0.588104E-01
2004  11  26   1.000  0.236900E+03  0.316742E+03  0.000000E+00  0.000000E+00  0.275248E+03  0.274868E+03  0.644298E+00  0.121413E+00
2004  11  26   2.000  0.237100E+03  0.314706E+03  0.000000E+00  0.000000E+00  0.275032E+03  0.274513E+03  0.339123E+00  0.598252E-01
2004  11  26   3.000  0.235800E+03  0.312252E+03  0.000000E+00  0.000000E+00  0.274846E+03  0.274045E+03  0.261181E+00  0.552846E-01
2004  11  26   4.000  0.234500E+03  0.312153E+03  0.000000E+00  0.000000E+00  0.274613E+03  0.274146E+03  0.569129E+00  0.103485E+00
2004  11  26   5.000  0.237700E+03  0.312557E+03  0.000000E+00  0.000000E+00  0.274892E+03  0.273977E+03  0.944380E+00  0.923739E-01
2004  11  26   6.000  0.238900E+03  0.312314E+03  0.000000E+00  0.000000E+00  0.274487E+03  0.273944E+03  0.945060E+00  0.923598E-01
2004  11  26   7.000  0.245400E+03  0.312366E+03  0.000000E+00  0.000000E+00  0.274741E+03  0.273988E+03  0.139043E+01  0.136385E+00
2004  11  26   8.000  0.260700E+03  0.317440E+03  0.273000E+02  0.116044E+01  0.275562E+03  0.274605E+03  0.726274E+00  0.137679E+00
2004  11  26   9.000  0.252000E+03  0.320509E+03  0.567000E+02  0.240712E+01  0.276470E+03  0.275216E+03  0.117183E+01  0.143556E+00
2004  11  26  10.000  0.269800E+03  0.337288E+03  0.230100E+03  0.976859E+01  0.277312E+03  0.277972E+03  0.102415E+01  0.127698E+00
2004  11  26  11.000  0.253700E+03  0.337236E+03  0.110800E+03  0.470387E+01  0.277200E+03  0.278061E+03  0.346741E+00  0.586065E-01
2004  11  26  12.000  0.257200E+03  0.341013E+03  0.177300E+03  0.752704E+01  0.277509E+03  0.278742E+03  0.568531E+00  0.975379E-01
2004  11  26  13.000  0.261800E+03  0.345222E+03  0.187200E+03  0.794733E+01  0.278017E+03  0.279489E+03  0.335402E+00  0.604888E-01
2004  11  26  14.000  0.253200E+03  0.347143E+03  0.245800E+03  0.104351E+02  0.278266E+03  0.279748E+03  0.701197E+00  0.122626E+00
2004  11  26  15.000  0.248100E+03  0.341130E+03  0.105100E+03  0.446188E+01  0.277782E+03  0.278826E+03  0.400051E+00  0.738692E-01
2004  11  26  16.000  0.242700E+03  0.330894E+03  0.240000E+01  0.101889E+00  0.275606E+03  0.276992E+03  0.314561E+00  0.547350E-01
2004  11  26  17.000  0.241900E+03  0.326132E+03  0.000000E+00  0.000000E+00  0.275557E+03  0.276380E+03  0.827937E+00  0.103686E+00
2004  11  26  18.000  0.244200E+03  0.323501E+03  0.000000E+00  0.000000E+00  0.275027E+03  0.276067E+03  0.116415E+01  0.229918E+00
2004  11  26  19.000  0.251200E+03  0.322067E+03  0.000000E+00  0.000000E+00  0.274690E+03  0.275821E+03  0.112522E+01  0.229292E+00
2004  11  26  20.000  0.264500E+03  0.321033E+03  0.000000E+00  0.000000E+00  0.275222E+03  0.275361E+03  0.687125E+00  0.769972E-01
2004  11  26  21.000  0.278500E+03  0.323337E+03  0.000000E+00  0.000000E+00  0.275788E+03  0.275646E+03  0.835121E+00  0.157594E+00
2004  11  26  22.000  0.285800E+03  0.324172E+03  0.000000E+00  0.000000E+00  0.275281E+03  0.275805E+03  0.976881E+00  0.152576E+00
2004  11  26  23.000  0.288600E+03  0.323872E+03  0.000000E+00  0.000000E+00  0.275747E+03  0.275743E+03  0.909990E+00  0.108568E+00
2004  11  27   0.000  0.312700E+03  0.325556E+03  0.000000E+00  0.000000E+00  0.275849E+03  0.275731E+03  0.552234E+00  0.568399E-01
2004  11  27   1.000  0.318300E+03  0.326402E+03  0.000000E+00  0.000000E+00  0.275908E+03  0.275840E+03  0.179226E+00  0.347116E-01
2004  11  27   2.000  0.326000E+03  0.327639E+03  0.000000E+00  0.000000E+00  0.275764E+03  0.275973E+03  0.258609E+00  0.536881E-01
2004  11  27   3.000  0.324900E+03  0.327881E+03  0.000000E+00  0.000000E+00  0.275603E+03  0.276049E+03  0.482774E+00  0.549917E-01
2004  11  27   4.000  0.326000E+03  0.328210E+03  0.000000E+00  0.000000E+00  0.275541E+03  0.276120E+03  0.483620E+00  0.779018E-01
2004  11  27   5.000  0.334600E+03  0.328517E+03  0.000000E+00  0.000000E+00  0.275348E+03  0.275881E+03  0.560348E+00  0.932228E-01
2004  11  27   6.000  0.331400E+03  0.326411E+03  0.000000E+00  0.000000E+00  0.274898E+03  0.275582E+03  0.789285E+00  0.107930E+00
2004  11  27   7.000  0.320300E+03  0.324895E+03  0.000000E+00  0.000000E+00  0.274474E+03  0.275364E+03  0.788752E+00  0.157333E+00
2004  11  27   8.000  0.256100E+03  0.319256E+03  0.151000E+02  0.641100E+00  0.274531E+03  0.275120E+03  0.118263E+01  0.190724E+00
2004  11  27   9.000  0.248300E+03  0.318485E+03  0.373000E+02  0.158352E+01  0.274882E+03  0.275190E+03  0.846850E+00  0.126161E+00
2004  11  27  10.000  0.289000E+03  0.325946E+03  0.973000E+02  0.413074E+01  0.275005E+03  0.275735E+03  0.103674E+00  0.223851E-01
2004  11  27  11.000  0.289300E+03  0.331774E+03  0.117700E+03  0.499680E+01  0.276611E+03  0.276720E+03  0.463464E-01  0.104917E-01
2004  11  27  12.000  0.276900E+03  0.339278E+03  0.216600E+03  0.919547E+01  0.278779E+03  0.277805E+03  0.123645E+00  0.281474E-01
2004  11  27  13.000  0.258300E+03  0.338941E+03  0.159400E+03  0.676712E+01  0.278178E+03  0.278302E+03  0.277294E+00  0.120407E+00
2004  11  27  14.000  0.259900E+03  0.339498E+03  0.222500E+03  0.944595E+01  0.278571E+03  0.278245E+03  0.781830E+00  0.178763E+00
2004  11  27  15.000  0.257600E+03  0.329935E+03  0.627000E+02  0.266185E+01  0.275720E+03  0.276469E+03  0.487706E+00  0.859729E-01
2004  11  27  16.000  0.322200E+03  0.329830E+03  0.100000E+01  0.424537E-01  0.275443E+03  0.276256E+03  0.209711E+00  0.273849E-01
2004  11  27  17.000  0.267900E+03  0.320283E+03  0.000000E+00  0.000000E+00  0.273854E+03  0.274771E+03  0.483821E+00  0.848401E-01
2004  11  27  18.000  0.232200E+03  0.313661E+03  0.000000E+00  0.000000E+00  0.273887E+03  0.274771E+03  0.908178E+00  0.141542E+00
2004  11  27  19.000  0.231600E+03  0.310274E+03  0.000000E+00  0.000000E+00  0.273622E+03  0.274271E+03  0.835291E+00  0.134041E+00
2004  11  27  20.000  0.229800E+03  0.306625E+03  0.000000E+00  0.000000E+00  0.273841E+03  0.273352E+03  0.612992E+00  0.641965E-01
2004  11  27  21.000  0.233000E+03  0.304807E+03  0.000000E+00  0.000000E+00  0.273808E+03  0.272987E+03  0.685892E+00  0.712570E-01
2004  11  27  22.000  0.232200E+03  0.304801E+03  0.000000E+00  0.000000E+00  0.274089E+03  0.272875E+03  0.830196E+00  0.852797E-01
2004  11  27  23.000  0.228600E+03  0.305052E+03  0.000000E+00  0.000000E+00  0.273971E+03  0.272964E+03  0.459396E+00  0.866667E-01
2004  11  28   0.000  0.229000E+03  0.305775E+03  0.000000E+00  0.000000E+00  0.274354E+03  0.272932E+03  0.901659E+00  0.923302E-01
2004  11  28   1.000  0.231100E+03  0.308881E+03  0.000000E+00  0.000000E+00  0.274666E+03  0.273419E+03  0.680592E+00  0.135054E+00
2004  11  28   2.000  0.234800E+03  0.311302E+03  0.000000E+00  0.000000E+00  0.274857E+03  0.273732E+03  0.680772E+00  0.136160E+00
2004  11  28   3.000  0.234800E+03  0.307822E+03  0.000000E+00  0.000000E+00  0.274354E+03  0.273127E+03  0.139814E+00  0.411568E-01
2004  11  28   4.000  0.241000E+03  0.307936E+03  0.000000E+00  0.000000E+00  0.274622E+03  0.273111E+03  0.756761E+00  0.781572E-01
2004  11  28   5.000  0.243600E+03  0.307142E+03  0.000000E+00  0.000000E+00  0.274407E+03  0.272883E+03  0.233545E+00  0.552798E-01
2004  11  28   6.000  0.240700E+03  0.308250E+03  0.000000E+00  0.000000E+00  0.274611E+03  0.273182E+03  0.458417E+00  0.865726E-01
2004  11  28   7.000  0.242800E+03  0.309799E+03  0.000000E+00  0.000000E+00  0.275020E+03  0.273396E+03  0.457219E+00  0.865835E-01
2004  11  28   8.000  0.241500E+03  0.308825E+03  0.219000E+02  0.932636E+00  0.274749E+03  0.273158E+03  0.140347E+00  0.411685E-01
2004  11  28   9.000  0.244200E+03  0.313180E+03  0.850000E+02  0.362011E+01  0.276097E+03  0.273860E+03  0.154924E+00  0.412465E-01
2004  11  28  10.000  0.249400E+03  0.324129E+03  0.183700E+03  0.782158E+01  0.278043E+03  0.275554E+03  0.103211E+00  0.392746E-01
2004  11  28  11.000  0.251600E+03  0.335175E+03  0.264600E+03  0.112332E+02  0.279375E+03  0.277682E+03  0.169167E+00  0.622602E-01
2004  11  28  12.000  0.262000E+03  0.340276E+03  0.249100E+03  0.105752E+02  0.278920E+03  0.278242E+03  0.342833E+00  0.973132E-01
2004  11  28  13.000  0.267100E+03  0.343084E+03  0.224700E+03  0.953934E+01  0.279174E+03  0.278742E+03  0.302141E+00  0.850156E-01
2004  11  28  14.000  0.269000E+03  0.346243E+03  0.200800E+03  0.852470E+01  0.279529E+03  0.279483E+03  0.307352E+00  0.726255E-01
2004  11  28  15.000  0.278800E+03  0.341637E+03  0.694000E+02  0.294629E+01  0.277530E+03  0.278452E+03  0.254876E+00  0.386048E-01
2004  11  28  16.000  0.292800E+03  0.335327E+03  0.300000E+01  0.127361E+00  0.276452E+03  0.277450E+03  0.473272E+00  0.832804E-01
2004  11  28  17.000  0.289800E+03  0.330539E+03  0.000000E+00  0.000000E+00  0.275867E+03  0.276627E+03  0.250724E+00  0.309595E-01
2004  11  28  18.000  0.275600E+03  0.325349E+03  0.000000E+00  0.000000E+00  0.275202E+03  0.275902E+03  0.323699E+00  0.689842E-01
2004  11  28  19.000  0.284100E+03  0.323133E+03  0.000000E+00  0.000000E+00  0.275467E+03  0.275530E+03  0.473611E+00  0.497123E-01
2004  11  28  20.000  0.289700E+03  0.322143E+03  0.000000E+00  0.000000E+00  0.275444E+03  0.275326E+03  0.548592E+00  0.568154E-01
2004  11  28  21.000  0.292400E+03  0.321578E+03  0.000000E+00  0.000000E+00  0.275856E+03  0.275259E+03  0.547084E+00  0.569696E-01
2004  11  28  22.000  0.290400E+03  0.321123E+03  0.000000E+00  0.000000E+00  0.275531E+03  0.275191E+03  0.324675E+00  0.612609E-01
2004  11  28  23.000  0.299100E+03  0.321427E+03  0.000000E+00  0.000000E+00  0.275763E+03  0.275100E+03  0.167932E+00  0.415100E-01
2004  11  29   0.000  0.302000E+03  0.321832E+03  0.000000E+00  0.000000E+00  0.275661E+03  0.275198E+03  0.252855E+00  0.507342E-01
2004  11  29   1.000  0.295200E+03  0.321289E+03  0.000000E+00  0.000000E+00  0.275342E+03  0.275134E+03  0.327420E+00  0.633455E-01
2004  11  29   2.000  0.303100E+03  0.321859E+03  0.000000E+00  0.000000E+00  0.275297E+03  0.275154E+03  0.331226E+00  0.650492E-01
2004  11  29   3.000  0.303700E+03  0.321762E+03  0.000000E+00  0.000000E+00  0.275212E+03  0.275131E+03  0.256969E+00  0.484419E-01
2004  11  29   4.000  0.306700E+03  0.322026E+03  0.000000E+00  0.000000E+00  0.275259E+03  0.275145E+03  0.258209E+00  0.484844E-01
2004  11  29   5.000  0.308500E+03  0.321694E+03  0.000000E+00  0.000000E+00  0.274911E+03  0.275069E+03  0.336995E+00  0.356348E-01
2004  11  29   6.000  0.303800E+03  0.320342E+03  0.000000E+00  0.000000E+00  0.273982E+03  0.275069E+03  0.268179E+00  0.444166E-01
2004  11  29   7.000  0.305100E+03  0.319597E+03  0.000000E+00  0.000000E+00  0.273995E+03  0.274693E+03  0.194088E+00  0.213047E-01
2004  11  29   8.000  0.307200E+03  0.319428E+03  0.140000E+01  0.594352E-01  0.274189E+03  0.274692E+03  0.116104E+00  0.262836E-01
2004  11  29   9.000  0.309400E+03  0.321097E+03  0.203000E+02  0.861810E+00  0.274409E+03  0.274888E+03  0.276384E+00  0.497215E-01
2004  11  29  10.000  0.307300E+03  0.324585E+03  0.517000E+02  0.219486E+01  0.275352E+03  0.275332E+03  0.125016E+00  0.358984E-01
2004  11  29  11.000  0.310200E+03  0.329820E+03  0.795000E+02  0.337507E+01  0.276735E+03  0.276270E+03  0.100863E+00  0.369679E-01
2004  11  29  12.000  0.314700E+03  0.334952E+03  0.826000E+02  0.350667E+01  0.277413E+03  0.277225E+03  0.618553E+00  0.123842E+00
2004  11  29  13.000  0.313000E+03  0.331220E+03  0.656000E+02  0.278496E+01  0.276119E+03  0.276226E+03  0.472953E+00  0.110793E+00
2004  11  29  14.000  0.311600E+03  0.327595E+03  0.541000E+02  0.229674E+01  0.275400E+03  0.275618E+03  0.726994E+00  0.154406E+00
2004  11  29  15.000  0.311100E+03  0.325134E+03  0.262000E+02  0.111229E+01  0.275025E+03  0.275221E+03  0.369544E+00  0.853205E-01
2004  11  29  16.000  0.309800E+03  0.323394E+03  0.120000E+01  0.509444E-01  0.274561E+03  0.275227E+03  0.138680E+00  0.179915E-01
2004  11  29  17.000  0.314700E+03  0.322451E+03  0.000000E+00  0.000000E+00  0.274419E+03  0.275046E+03  0.750083E-01  0.178446E-01
2004  11  29  18.000  0.312700E+03  0.321572E+03  0.000000E+00  0.000000E+00  0.274299E+03  0.274922E+03  0.360169E-01  0.968057E-02
2004  11  29  19.000  0.297700E+03  0.318186E+03  0.000000E+00  0.000000E+00  0.273615E+03  0.274050E+03  0.221336E+00  0.492081E-01
2004  11  29  20.000  0.306800E+03  0.316912E+03  0.000000E+00  0.000000E+00  0.273375E+03  0.273989E+03  0.104839E+00  0.286141E-01
2004  11  29  21.000  0.283300E+03  0.311855E+03  0.000000E+00  0.000000E+00  0.272339E+03  0.272790E+03  0.109262E+00  0.479288E-01
2004  11  29  22.000  0.266600E+03  0.308465E+03  0.000000E+00  0.000000E+00  0.272284E+03  0.273067E+03  0.344343E+00  0.355143E-01
2004  11  29  23.000  0.270000E+03  0.307423E+03  0.000000E+00  0.000000E+00  0.272281E+03  0.272749E+03  0.489033E+00  0.533011E-01
2004  11  30   0.000  0.269300E+03  0.305322E+03  0.000000E+00  0.000000E+00  0.271732E+03  0.272953E+03  0.199182E+00  0.247976E-01
2004  11  30   1.000  0.288500E+03  0.306234E+03  0.000000E+00  0.000000E+00  0.271833E+03  0.272524E+03  0.178257E+00  0.355123E-01
2004  11  30   2.000  0.301100E+03  0.307893E+03  0.000000E+00  0.000000E+00  0.272204E+03  0.272760E+03  0.132531E+00  0.384915E-01
2004  11  30   3.000  0.284200E+03  0.306310E+03  0.000000E+00  0.000000E+00  0.271768E+03  0.272524E+03  0.581099E-01  0.136640E-01
2004  11  30   4.000  0.305600E+03  0.308639E+03  0.000000E+00  0.000000E+00  0.272170E+03  0.272976E+03  0.237744E+00  0.577700E-01
2004  11  30   5.000  0.311500E+03  0.310383E+03  0.000000E+00  0.000000E+00  0.272467E+03  0.272890E+03  0.112574E+00  0.413916E-01
2004  11  30   6.000  0.311700E+03  0.311517E+03  0.000000E+00  0.000000E+00  0.272699E+03  0.273048E+03  0.401095E-01  0.138328E-01
2004  11  30   7.000  0.312700E+03  0.312470E+03  0.000000E+00  0.000000E+00  0.272691E+03  0.273172E+03  0.425293E-01  0.934570E-02
2004  11  30   8.000  0.312900E+03  0.313350E+03  0.400000E+01  0.169894E+00  0.272848E+03  0.272946E+03  0.708544E-01  0.192427E-01
2004  11  30   9.000  0.313500E+03  0.314928E+03  0.187000E+02  0.794246E+00  0.273304E+03  0.273529E+03  0.786386E-01  0.179268E-01
2004  11  30  10.000  0.313700E+03  0.317272E+03  0.312000E+02  0.132511E+01  0.273691E+03  0.273854E+03  0.462288E-01  0.103080E-01
2004  11  30  11.000  0.316700E+03  0.316657E+03  0.375000E+02  0.159201E+01  0.273214E+03  0.273395E+03  0.766723E+00  0.163470E+00
2004  11  30  12.000  0.315000E+03  0.316598E+03  0.451000E+02  0.191466E+01  0.273343E+03  0.273453E+03  0.181285E+01  0.382480E+00
2004  11  30  13.000  0.314900E+03  0.318493E+03  0.721000E+02  0.306091E+01  0.273824E+03  0.273788E+03  0.922630E+00  0.195925E+00
2004  11  30  14.000  0.316100E+03  0.318994E+03  0.396000E+02  0.168117E+01  0.274140E+03  0.273842E+03  0.303740E+00  0.853792E-01
2004  11  30  15.000  0.315600E+03  0.317270E+03  0.195000E+02  0.827847E+00  0.273388E+03  0.273521E+03  0.522064E+00  0.120623E+00
2004  11  30  16.000  0.314500E+03  0.315634E+03  0.100000E+00  0.424537E-02  0.273153E+03  0.273241E+03  0.284133E+00  0.718009E-01
2004  11  30  17.000  0.314100E+03  0.315213E+03  0.000000E+00  0.000000E+00  0.273375E+03  0.273189E+03  0.995422E-01  0.357109E-01
2004  11  30  18.000  0.307900E+03  0.313970E+03  0.000000E+00  0.000000E+00  0.272820E+03  0.273068E+03  0.432895E+00  0.935314E-01
2004  11  30  19.000  0.291800E+03  0.311940E+03  0.000000E+00  0.000000E+00  0.272568E+03  0.273526E+03  0.120932E+00  0.339181E-01
2004  11  30  20.000  0.261100E+03  0.307310E+03  0.000000E+00  0.000000E+00  0.271841E+03  0.273001E+03  0.560103E+00  0.908434E-01
2004  11  30  21.000  0.250200E+03  0.304002E+03  0.000000E+00  0.000000E+00  0.271264E+03  0.271963E+03  0.630447E+00  0.746572E-01
2004  11  30  22.000  0.247100E+03  0.301196E+03  0.000000E+00  0.000000E+00  0.271078E+03  0.272175E+03  0.628851E+00  0.102500E+00
2004  11  30  23.000  0.243400E+03  0.298611E+03  0.000000E+00  0.000000E+00  0.270900E+03  0.271253E+03  0.555133E+00  0.568165E-01
2004  12   1   0.000  0.224700E+03  0.295538E+03  0.000000E+00  0.000000E+00  0.270607E+03  0.271493E+03  0.840432E+00  0.133177E+00
2004  12   1   1.000  0.220600E+03  0.292339E+03  0.000000E+00  0.000000E+00  0.270280E+03  0.270353E+03  0.623530E+00  0.639411E-01
2004  12   1   2.000  0.223500E+03  0.293066E+03  0.000000E+00  0.000000E+00  0.270488E+03  0.270203E+03  0.840304E+00  0.927500E-01
2004  12   1   3.000  0.231100E+03  0.294092E+03  0.000000E+00  0.000000E+00  0.270632E+03  0.270305E+03  0.841035E+00  0.914628E-01
2004  12   1   4.000  0.220700E+03  0.292863E+03  0.000000E+00  0.000000E+00  0.270578E+03  0.270335E+03  0.547230E+00  0.107565E+00
2004  12   1   5.000  0.218700E+03  0.291898E+03  0.000000E+00  0.000000E+00  0.270370E+03  0.270150E+03  0.547137E+00  0.107639E+00
2004  12   1   6.000  0.216800E+03  0.289564E+03  0.000000E+00  0.000000E+00  0.270336E+03  0.269780E+03  0.692441E+00  0.711510E-01
2004  12   1   7.000  0.221300E+03  0.291918E+03  0.000000E+00  0.000000E+00  0.270648E+03  0.269894E+03  0.981561E+00  0.105450E+00
2004  12   1   8.000  0.259800E+03  0.303913E+03  0.610000E+01  0.259501E+00  0.270920E+03  0.271529E+03  0.103512E+01  0.374759E+00
2004  12   1   9.000  0.290500E+03  0.311903E+03  0.418000E+02  0.177891E+01  0.272878E+03  0.272791E+03  0.929796E+00  0.225242E+00
2004  12   1  10.000  0.298900E+03  0.321920E+03  0.140500E+03  0.598010E+01  0.275186E+03  0.274618E+03  0.156014E+01  0.302291E+00
2004  12   1  11.000  0.290300E+03  0.323078E+03  0.281600E+03  0.119550E+02  0.276379E+03  0.274201E+03  0.488117E+00  0.148129E+00
2004  12   1  12.000  0.268500E+03  0.331023E+03  0.375300E+03  0.159329E+02  0.279460E+03  0.275709E+03  0.278523E+00  0.855372E-01
2004  12   1  13.000  0.246500E+03  0.335177E+03  0.344400E+03  0.146211E+02  0.278550E+03  0.277029E+03  0.462181E+00  0.135201E+00
2004  12   1  14.000  0.241800E+03  0.335124E+03  0.242100E+03  0.102780E+02  0.277666E+03  0.277213E+03  0.352424E+00  0.976727E-01
2004  12   1  15.000  0.240700E+03  0.330091E+03  0.106300E+03  0.451283E+01  0.276035E+03  0.276561E+03  0.413121E+00  0.735892E-01
2004  12   1  16.000  0.236100E+03  0.323297E+03  0.200000E+00  0.849074E-02  0.275235E+03  0.275467E+03  0.756033E+00  0.892385E-01
2004  12   1  17.000  0.233900E+03  0.319362E+03  0.000000E+00  0.000000E+00  0.274902E+03  0.274807E+03  0.116737E+01  0.204981E+00
2004  12   1  18.000  0.232600E+03  0.318229E+03  0.000000E+00  0.000000E+00  0.273942E+03  0.274688E+03  0.114758E+01  0.267171E+00
2004  12   1  19.000  0.232700E+03  0.317773E+03  0.000000E+00  0.000000E+00  0.274014E+03  0.274631E+03  0.117998E+01  0.271059E+00
2004  12   1  20.000  0.231300E+03  0.314078E+03  0.000000E+00  0.000000E+00  0.274926E+03  0.274066E+03  0.126305E+01  0.131028E+00
2004  12   1  21.000  0.231000E+03  0.314621E+03  0.000000E+00  0.000000E+00  0.275138E+03  0.274160E+03  0.972868E+00  0.106795E+00
2004  12   1  22.000  0.229600E+03  0.313648E+03  0.000000E+00  0.000000E+00  0.273986E+03  0.274024E+03  0.121487E+01  0.179441E+00
2004  12   1  23.000  0.227200E+03  0.315751E+03  0.000000E+00  0.000000E+00  0.274575E+03  0.274349E+03  0.129947E+01  0.242317E+00
2004  12   2   0.000  0.227000E+03  0.316093E+03  0.000000E+00  0.000000E+00  0.274521E+03  0.274372E+03  0.131436E+01  0.230958E+00
2004  12   2   1.000  0.228600E+03  0.313654E+03  0.000000E+00  0.000000E+00  0.274882E+03  0.273997E+03  0.133684E+01  0.146422E+00
2004  12   2   2.000  0.228200E+03  0.315096E+03  0.000000E+00  0.000000E+00  0.274302E+03  0.274243E+03  0.129056E+01  0.254335E+00
2004  12   2   3.000  0.230200E+03  0.311568E+03  0.000000E+00  0.000000E+00  0.273979E+03  0.273619E+03  0.382062E+00  0.739172E-01
2004  12   2   4.000  0.232000E+03  0.310331E+03  0.000000E+00  0.000000E+00  0.275252E+03  0.273420E+03  0.827630E+00  0.853849E-01
2004  12   2   5.000  0.233300E+03  0.310328E+03  0.000000E+00  0.000000E+00  0.274778E+03  0.273423E+03  0.455217E+00  0.866570E-01
2004  12   2   6.000  0.248000E+03  0.313095E+03  0.000000E+00  0.000000E+00  0.275305E+03  0.273745E+03  0.609234E+00  0.118829E+00
2004  12   2   7.000  0.299600E+03  0.318839E+03  0.000000E+00  0.000000E+00  0.276276E+03  0.274286E+03  0.474832E+00  0.874331E-01
2004  12   2   8.000  0.308800E+03  0.320943E+03  0.830000E+01  0.352366E+00  0.276814E+03  0.274560E+03  0.163957E+00  0.412839E-01
2004  12   2   9.000  0.272600E+03  0.325261E+03  0.632000E+02  0.268307E+01  0.277222E+03  0.275510E+03  0.547748E+00  0.107793E+00
2004  12   2  10.000  0.253200E+03  0.336348E+03  0.182800E+03  0.776053E+01  0.279785E+03  0.277402E+03  0.488215E+00  0.947985E-01
2004  12   2  11.000  0.259100E+03  0.354087E+03  0.337500E+03  0.143281E+02  0.283360E+03  0.281100E+03  0.248411E+00  0.862749E-01
2004  12   2  12.000  0.262200E+03  0.356226E+03  0.370600E+03  0.157333E+02  0.282416E+03  0.280831E+03  0.351051E+00  0.108589E+00
2004  12   2  13.000  0.260700E+03  0.356827E+03  0.330500E+03  0.140309E+02  0.281574E+03  0.281320E+03  0.118276E+01  0.246475E+00
2004  12   2  14.000  0.257700E+03  0.354387E+03  0.239600E+03  0.101719E+02  0.281212E+03  0.281027E+03  0.107964E+01  0.233164E+00
2004  12   2  15.000  0.258500E+03  0.348741E+03  0.105400E+03  0.447462E+01  0.279739E+03  0.280198E+03  0.626627E+00  0.107844E+00
2004  12   2  16.000  0.292800E+03  0.343645E+03  0.520000E+01  0.220759E+00  0.278520E+03  0.278616E+03  0.546273E+00  0.628818E-01
2004  12   2  17.000  0.308200E+03  0.340245E+03  0.000000E+00  0.000000E+00  0.278081E+03  0.278043E+03  0.478105E+00  0.807365E-01
2004  12   2  18.000  0.294900E+03  0.335382E+03  0.000000E+00  0.000000E+00  0.277282E+03  0.277437E+03  0.768269E+00  0.118921E+00
2004  12   2  19.000  0.265100E+03  0.328928E+03  0.000000E+00  0.000000E+00  0.276830E+03  0.276724E+03  0.542708E+00  0.568371E-01
2004  12   2  20.000  0.244800E+03  0.323808E+03  0.000000E+00  0.000000E+00  0.276295E+03  0.276153E+03  0.976976E+00  0.124270E+00
2004  12   2  21.000  0.241600E+03  0.318096E+03  0.000000E+00  0.000000E+00  0.275942E+03  0.275270E+03  0.462005E+00  0.507470E-01
2004  12   2  22.000  0.240600E+03  0.322976E+03  0.000000E+00  0.000000E+00  0.276033E+03  0.276025E+03  0.116345E+01  0.281074E+00
2004  12   2  23.000  0.241200E+03  0.321621E+03  0.000000E+00  0.000000E+00  0.276470E+03  0.275789E+03  0.104587E+01  0.165177E+00
2004  12   3   0.000  0.241300E+03  0.320158E+03  0.000000E+00  0.000000E+00  0.275326E+03  0.275505E+03  0.119942E+01  0.204847E+00
2004  12   3   1.000  0.237000E+03  0.314930E+03  0.000000E+00  0.000000E+00  0.274117E+03  0.274502E+03  0.611201E+00  0.639208E-01
2004  12   3   2.000  0.239700E+03  0.314317E+03  0.000000E+00  0.000000E+00  0.275304E+03  0.274409E+03  0.974849E+00  0.994249E-01
2004  12   3   3.000  0.239300E+03  0.313300E+03  0.000000E+00  0.000000E+00  0.274652E+03  0.274251E+03  0.533686E+00  0.106056E+00
2004  12   3   4.000  0.244900E+03  0.310740E+03  0.000000E+00  0.000000E+00  0.274372E+03  0.273809E+03  0.611287E+00  0.642002E-01
2004  12   3   5.000  0.272300E+03  0.315725E+03  0.000000E+00  0.000000E+00  0.275315E+03  0.274320E+03  0.690009E+00  0.137411E+00
2004  12   3   6.000  0.266200E+03  0.315009E+03  0.000000E+00  0.000000E+00  0.274617E+03  0.274289E+03  0.107949E+01  0.123440E+00
2004  12   3   7.000  0.269700E+03  0.315777E+03  0.000000E+00  0.000000E+00  0.274437E+03  0.274219E+03  0.764970E+00  0.853313E-01
2004  12   3   8.000  0.304100E+03  0.320362E+03  0.980000E+01  0.416046E+00  0.275532E+03  0.274784E+03  0.481632E+00  0.947506E-01
2004  12   3   9.000  0.310800E+03  0.323526E+03  0.322000E+02  0.136701E+01  0.275633E+03  0.275202E+03  0.938265E-01  0.275819E-01
2004  12   3  10.000  0.319900E+03  0.328874E+03  0.579000E+02  0.245807E+01  0.276207E+03  0.275990E+03  0.558980E-01  0.138325E-01
2004  12   3  11.000  0.298800E+03  0.333232E+03  0.100100E+03  0.424961E+01  0.277114E+03  0.277010E+03  0.746593E+00  0.186035E+00
2004  12   3  12.000  0.310000E+03  0.341034E+03  0.127500E+03  0.541285E+01  0.278785E+03  0.278402E+03  0.102285E+01  0.209526E+00
2004  12   3  13.000  0.319300E+03  0.349717E+03  0.204900E+03  0.869876E+01  0.280413E+03  0.279823E+03  0.788397E+00  0.176428E+00
2004  12   3  14.000  0.323400E+03  0.347804E+03  0.951000E+02  0.403735E+01  0.279112E+03  0.279397E+03  0.388142E+00  0.143307E+00
2004  12   3  15.000  0.322700E+03  0.342814E+03  0.390000E+02  0.165569E+01  0.278030E+03  0.278511E+03  0.415662E+00  0.734171E-01
2004  12   3  16.000  0.312500E+03  0.338398E+03  0.120000E+01  0.509444E-01  0.277181E+03  0.277921E+03  0.108712E+00  0.189937E-01
2004  12   3  17.000  0.248600E+03  0.328273E+03  0.000000E+00  0.000000E+00  0.275803E+03  0.276609E+03  0.687000E+00  0.113734E+00
2004  12   3  18.000  0.249700E+03  0.324329E+03  0.000000E+00  0.000000E+00  0.275637E+03  0.276009E+03  0.760392E+00  0.129752E+00
2004  12   3  19.000  0.245800E+03  0.321029E+03  0.000000E+00  0.000000E+00  0.275656E+03  0.275495E+03  0.758084E+00  0.825474E-01
2004  12   3  20.000  0.242900E+03  0.317942E+03  0.000000E+00  0.000000E+00  0.275539E+03  0.275020E+03  0.756719E+00  0.781280E-01
2004  12   3  21.000  0.242100E+03  0.314732E+03  0.000000E+00  0.000000E+00  0.275269E+03  0.274538E+03  0.682854E+00  0.711159E-01
2004  12   3  22.000  0.240600E+03  0.313500E+03  0.000000E+00  0.000000E+00  0.275018E+03  0.274360E+03  0.458735E+00  0.875951E-01
2004  12   3  23.000  0.240200E+03  0.313432E+03  0.000000E+00  0.000000E+00  0.274787E+03  0.274260E+03  0.608488E+00  0.122064E+00
2004  12   4   0.000  0.239900E+03  0.312242E+03  0.000000E+00  0.000000E+00  0.274703E+03  0.274121E+03  0.458861E+00  0.876378E-01
2004  12   4   1.000  0.238600E+03  0.311562E+03  0.000000E+00  0.000000E+00  0.274216E+03  0.273910E+03  0.535337E+00  0.106803E+00
2004  12   4   2.000  0.237900E+03  0.309791E+03  0.000000E+00  0.000000E+00  0.274343E+03  0.273580E+03  0.756754E+00  0.781589E-01
2004  12   4   3.000  0.237200E+03  0.308087E+03  0.000000E+00  0.000000E+00  0.273815E+03  0.273193E+03  0.310952E+00  0.691788E-01
2004  12   4   4.000  0.236500E+03  0.308141E+03  0.000000E+00  0.000000E+00  0.273802E+03  0.273293E+03  0.535685E+00  0.105038E+00
2004  12   4   5.000  0.236100E+03  0.308384E+03  0.000000E+00  0.000000E+00  0.273983E+03  0.273207E+03  0.903496E+00  0.923658E-01
2004  12   4   6.000  0.235400E+03  0.307724E+03  0.000000E+00  0.000000E+00  0.273771E+03  0.273182E+03  0.459597E+00  0.873218E-01
2004  12   4   7.000  0.234900E+03  0.306271E+03  0.000000E+00  0.000000E+00  0.273947E+03  0.272894E+03  0.756606E+00  0.782616E-01
2004  12   4   8.000  0.234100E+03  0.305331E+03  0.460000E+01  0.195668E+00  0.273257E+03  0.272752E+03  0.386618E+00  0.739280E-01
2004  12   4   9.000  0.234200E+03  0.306110E+03  0.185000E+02  0.787049E+00  0.273885E+03  0.272808E+03  0.311404E+00  0.595827E-01
2004  12   4  10.000  0.238400E+03  0.316850E+03  0.169700E+03  0.722078E+01  0.276673E+03  0.274510E+03  0.207042E+00  0.414380E-01
2004  12   4  11.000  0.246000E+03  0.334626E+03  0.333900E+03  0.141753E+02  0.280435E+03  0.277590E+03  0.209104E+00  0.740153E-01
2004  12   4  12.000  0.246700E+03  0.341033E+03  0.357800E+03  0.151899E+02  0.279682E+03  0.278278E+03  0.469522E+00  0.136114E+00
2004  12   4  13.000  0.246400E+03  0.341564E+03  0.324500E+03  0.137762E+02  0.279187E+03  0.278331E+03  0.551821E+00  0.148008E+00
2004  12   4  14.000  0.241200E+03  0.331640E+03  0.239700E+03  0.101761E+02  0.276295E+03  0.276339E+03  0.604955E+00  0.148438E+00
2004  12   4  15.000  0.235300E+03  0.324060E+03  0.102600E+03  0.435575E+01  0.273791E+03  0.275441E+03  0.127433E+00  0.360898E-01
2004  12   4  16.000  0.231400E+03  0.315208E+03  0.300000E+00  0.127361E-01  0.272694E+03  0.274451E+03  0.254391E+00  0.284223E-01
2004  12   4  17.000  0.228900E+03  0.308326E+03  0.000000E+00  0.000000E+00  0.271887E+03  0.273374E+03  0.248736E+00  0.542957E-01
2004  12   4  18.000  0.227000E+03  0.302635E+03  0.000000E+00  0.000000E+00  0.270808E+03  0.272371E+03  0.328128E+00  0.687090E-01
2004  12   4  19.000  0.242200E+03  0.298672E+03  0.000000E+00  0.000000E+00  0.269422E+03  0.271380E+03  0.122157E+00  0.183628E-01
2004  12   4  20.000  0.282900E+03  0.299558E+03  0.000000E+00  0.000000E+00  0.270129E+03  0.270302E+03  0.146491E+00  0.483659E-01
2004  12   4  21.000  0.257000E+03  0.296240E+03  0.000000E+00  0.000000E+00  0.269203E+03  0.269951E+03  0.915851E-01  0.389810E-01
2004  12   4  22.000  0.266900E+03  0.295937E+03  0.000000E+00  0.000000E+00  0.269368E+03  0.270008E+03  0.112183E+00  0.348978E-01
2004  12   4  23.000  0.221400E+03  0.289517E+03  0.000000E+00  0.000000E+00  0.268396E+03  0.269927E+03  0.112888E+00  0.261492E-01
2004  12   5   0.000  0.224700E+03  0.286378E+03  0.000000E+00  0.000000E+00  0.268281E+03  0.270199E+03  0.270973E+00  0.343777E-01
2004  12   5   1.000  0.252000E+03  0.286928E+03  0.000000E+00  0.000000E+00  0.268454E+03  0.269184E+03  0.708784E-01  0.276033E-01
2004  12   5   2.000  0.252400E+03  0.286947E+03  0.000000E+00  0.000000E+00  0.268241E+03  0.269151E+03  0.391736E+00  0.497118E-01
2004  12   5   3.000  0.277500E+03  0.289934E+03  0.000000E+00  0.000000E+00  0.269291E+03  0.269568E+03  0.100251E+00  0.348153E-01
2004  12   5   4.000  0.244800E+03  0.287324E+03  0.000000E+00  0.000000E+00  0.268208E+03  0.269354E+03  0.279972E+00  0.507640E-01
2004  12   5   5.000  0.249800E+03  0.287266E+03  0.000000E+00  0.000000E+00  0.268639E+03  0.269291E+03  0.277076E+00  0.488639E-01
2004  12   5   6.000  0.266300E+03  0.288903E+03  0.000000E+00  0.000000E+00  0.268835E+03  0.269301E+03  0.387432E+00  0.497420E-01
2004  12   5   7.000  0.281400E+03  0.291323E+03  0.000000E+00  0.000000E+00  0.269101E+03  0.269639E+03  0.163117E+00  0.516900E-01
2004  12   5   8.000  0.284500E+03  0.293680E+03  0.114000E+02  0.484363E+00  0.269679E+03  0.269848E+03  0.765543E-01  0.254275E-01
2004  12   5   9.000  0.284100E+03  0.298745E+03  0.586000E+02  0.248985E+01  0.270657E+03  0.270614E+03  0.462710E-01  0.961473E-02
2004  12   5  10.000  0.293600E+03  0.305338E+03  0.115200E+03  0.489467E+01  0.272356E+03  0.271394E+03  0.156256E+00  0.365703E-01
2004  12   5  11.000  0.296900E+03  0.310158E+03  0.123400E+03  0.524253E+01  0.272980E+03  0.272153E+03  0.156285E+00  0.358059E-01
2004  12   5  12.000  0.301800E+03  0.313883E+03  0.114100E+03  0.484662E+01  0.273294E+03  0.272713E+03  0.127458E+00  0.282989E-01
2004  12   5  13.000  0.303500E+03  0.317448E+03  0.127600E+03  0.541881E+01  0.273934E+03  0.273259E+03  0.129164E+00  0.286193E-01
2004  12   5  14.000  0.305300E+03  0.315917E+03  0.744000E+02  0.315855E+01  0.272882E+03  0.273010E+03  0.146882E+00  0.362500E-01
2004  12   5  15.000  0.304900E+03  0.313086E+03  0.279000E+02  0.118446E+01  0.272016E+03  0.272683E+03  0.110377E+00  0.277905E-01
2004  12   5  16.000  0.303900E+03  0.310369E+03  0.500000E+00  0.212268E-01  0.271412E+03  0.272358E+03  0.749887E-01  0.191856E-01
2004  12   5  17.000  0.303100E+03  0.306863E+03  0.000000E+00  0.000000E+00  0.271087E+03  0.271314E+03  0.279196E+00  0.737342E-01
2004  12   5  18.000  0.302300E+03  0.305104E+03  0.000000E+00  0.000000E+00  0.271065E+03  0.270983E+03  0.144545E+00  0.471613E-01
2004  12   5  19.000  0.300700E+03  0.304517E+03  0.000000E+00  0.000000E+00  0.271045E+03  0.271037E+03  0.103582E+00  0.290625E-01
2004  12   5  20.000  0.299700E+03  0.303888E+03  0.000000E+00  0.000000E+00  0.270905E+03  0.271039E+03  0.104827E+00  0.289813E-01
2004  12   5  21.000  0.298900E+03  0.303195E+03  0.000000E+00  0.000000E+00  0.270770E+03  0.270989E+03  0.106135E+00  0.289838E-01
2004  12   5  22.000  0.295200E+03  0.301788E+03  0.000000E+00  0.000000E+00  0.270539E+03  0.270398E+03  0.140735E+00  0.488728E-01
2004  12   5  23.000  0.297700E+03  0.302009E+03  0.000000E+00  0.000000E+00  0.270700E+03  0.271041E+03  0.803401E-01  0.181819E-01
2004  12   6   0.000  0.297700E+03  0.301072E+03  0.000000E+00  0.000000E+00  0.270508E+03  0.270208E+03  0.133534E+00  0.487134E-01
2004  12   6   1.000  0.293100E+03  0.300056E+03  0.000000E+00  0.000000E+00  0.270184E+03  0.270102E+03  0.195901E+00  0.607963E-01
2004  12   6   2.000  0.290300E+03  0.299117E+03  0.000000E+00  0.000000E+00  0.270138E+03  0.269909E+03  0.136305E+00  0.493041E-01
2004  12   6   3.000  0.234900E+03  0.292470E+03  0.000000E+00  0.000000E+00  0.268699E+03  0.269913E+03  0.202044E+00  0.411242E-01
2004  12   6   4.000  0.225000E+03  0.288245E+03  0.000000E+00  0.000000E+00  0.268259E+03  0.269269E+03  0.346618E+00  0.681455E-01
2004  12   6   5.000  0.217600E+03  0.285149E+03  0.000000E+00  0.000000E+00  0.268603E+03  0.268910E+03  0.338696E+00  0.611320E-01
2004  12   6   6.000  0.262000E+03  0.287496E+03  0.000000E+00  0.000000E+00  0.268743E+03  0.269028E+03  0.159144E+00  0.486737E-01
2004  12   6   7.000  0.276300E+03  0.289523E+03  0.000000E+00  0.000000E+00  0.268821E+03  0.269181E+03  0.333870E+00  0.497551E-01
2004  12   6   8.000  0.265200E+03  0.289345E+03  0.230000E+01  0.976935E-01  0.268590E+03  0.269160E+03  0.293617E+00  0.426122E-01
2004  12   6   9.000  0.250100E+03  0.289008E+03  0.227000E+02  0.964237E+00  0.268847E+03  0.269149E+03  0.735732E-01  0.263458E-01
2004  12   6  10.000  0.228800E+03  0.298168E+03  0.190400E+03  0.808790E+01  0.272445E+03  0.270224E+03  0.183402E+00  0.616676E-01
2004  12   6  11.000  0.233500E+03  0.313272E+03  0.308400E+03  0.131000E+02  0.275630E+03  0.273044E+03  0.138516E+00  0.283913E-01
2004  12   6  12.000  0.236500E+03  0.316749E+03  0.345000E+03  0.146465E+02  0.275903E+03  0.273139E+03  0.360272E+00  0.122212E+00
2004  12   6  13.000  0.237400E+03  0.315084E+03  0.315900E+03  0.134111E+02  0.274491E+03  0.272785E+03  0.552875E+00  0.160255E+00
2004  12   6  14.000  0.236900E+03  0.313134E+03  0.224100E+03  0.951387E+01  0.273325E+03  0.272713E+03  0.613015E+00  0.158262E+00
2004  12   6  15.000  0.237300E+03  0.309733E+03  0.978000E+02  0.415197E+01  0.272113E+03  0.272331E+03  0.372422E+00  0.860440E-01
2004  12   6  16.000  0.245700E+03  0.304046E+03  0.170000E+01  0.721713E-01  0.270518E+03  0.271443E+03  0.111683E+00  0.190895E-01
2004  12   6  17.000  0.252100E+03  0.300120E+03  0.000000E+00  0.000000E+00  0.270280E+03  0.270994E+03  0.462288E-01  0.137555E-01
2004  12   6  18.000  0.235500E+03  0.294919E+03  0.000000E+00  0.000000E+00  0.269921E+03  0.270592E+03  0.265405E+00  0.317813E-01
2004  12   6  19.000  0.237500E+03  0.293611E+03  0.000000E+00  0.000000E+00  0.270880E+03  0.270163E+03  0.332530E+00  0.625730E-01
2004  12   6  20.000  0.239800E+03  0.293630E+03  0.000000E+00  0.000000E+00  0.271134E+03  0.270162E+03  0.405425E+00  0.737176E-01
2004  12   6  21.000  0.242600E+03  0.295676E+03  0.000000E+00  0.000000E+00  0.272631E+03  0.270496E+03  0.396428E+00  0.781098E-01
2004  12   6  22.000  0.245100E+03  0.302370E+03  0.000000E+00  0.000000E+00  0.274362E+03  0.271582E+03  0.685006E+00  0.131764E+00
2004  12   6  23.000  0.249100E+03  0.303823E+03  0.000000E+00  0.000000E+00  0.274264E+03  0.271710E+03  0.313039E+00  0.638202E-01
2004  12   7   0.000  0.251900E+03  0.308130E+03  0.000000E+00  0.000000E+00  0.275903E+03  0.272458E+03  0.456319E+00  0.893794E-01
2004  12   7   1.000  0.252200E+03  0.310928E+03  0.000000E+00  0.000000E+00  0.275952E+03  0.272876E+03  0.455815E+00  0.877771E-01
2004  12   7   2.000  0.255000E+03  0.314490E+03  0.000000E+00  0.000000E+00  0.276711E+03  0.273433E+03  0.528576E+00  0.997078E-01
2004  12   7   3.000  0.263500E+03  0.316904E+03  0.000000E+00  0.000000E+00  0.277408E+03  0.273747E+03  0.452656E+00  0.893801E-01
2004  12   7   4.000  0.260500E+03  0.316503E+03  0.000000E+00  0.000000E+00  0.276948E+03  0.273730E+03  0.303407E+00  0.666563E-01
2004  12   7   5.000  0.256500E+03  0.316148E+03  0.000000E+00  0.000000E+00  0.276479E+03  0.273676E+03  0.303483E+00  0.645036E-01
2004  12   7   6.000  0.253700E+03  0.311864E+03  0.000000E+00  0.000000E+00  0.275077E+03  0.272949E+03  0.932473E-01  0.267944E-01
2004  12   7   7.000  0.253300E+03  0.312977E+03  0.000000E+00  0.000000E+00  0.275764E+03  0.273272E+03  0.455756E+00  0.871494E-01
2004  12   7   8.000  0.255800E+03  0.315294E+03  0.460000E+01  0.195309E+00  0.276514E+03  0.273600E+03  0.378817E+00  0.778372E-01
2004  12   7   9.000  0.256700E+03  0.318607E+03  0.178000E+02  0.755734E+00  0.277364E+03  0.274070E+03  0.454888E+00  0.875420E-01
2004  12   7  10.000  0.260500E+03  0.332525E+03  0.156000E+03  0.662278E+01  0.281008E+03  0.276447E+03  0.325305E+00  0.629150E-01
2004  12   7  11.000  0.265200E+03  0.354074E+03  0.321300E+03  0.136404E+02  0.283419E+03  0.279835E+03  0.173335E+00  0.662111E-01
2004  12   7  12.000  0.266700E+03  0.362867E+03  0.337900E+03  0.143451E+02  0.283286E+03  0.282360E+03  0.352210E+00  0.973793E-01
2004  12   7  13.000  0.266900E+03  0.363633E+03  0.296400E+03  0.125833E+02  0.282750E+03  0.282377E+03  0.392112E+00  0.969124E-01
2004  12   7  14.000  0.265500E+03  0.363697E+03  0.215600E+03  0.915302E+01  0.281984E+03  0.282278E+03  0.341675E+00  0.482285E-01
2004  12   7  15.000  0.263100E+03  0.355469E+03  0.890000E+02  0.377838E+01  0.280108E+03  0.281392E+03  0.253414E+00  0.436406E-01
2004  12   7  16.000  0.258000E+03  0.343906E+03  0.370000E+01  0.157079E+00  0.278264E+03  0.278427E+03  0.380716E+00  0.450275E-01
2004  12   7  17.000  0.255600E+03  0.335753E+03  0.000000E+00  0.000000E+00  0.277972E+03  0.277460E+03  0.898654E+00  0.937177E-01
2004  12   7  18.000  0.255800E+03  0.331864E+03  0.000000E+00  0.000000E+00  0.277964E+03  0.277003E+03  0.452871E+00  0.906853E-01
2004  12   7  19.000  0.255600E+03  0.329521E+03  0.000000E+00  0.000000E+00  0.278151E+03  0.276707E+03  0.824002E+00  0.852218E-01
2004  12   7  20.000  0.255200E+03  0.326657E+03  0.000000E+00  0.000000E+00  0.277729E+03  0.276226E+03  0.751000E+00  0.781647E-01
2004  12   7  21.000  0.255700E+03  0.326611E+03  0.000000E+00  0.000000E+00  0.278177E+03  0.276249E+03  0.897115E+00  0.923206E-01
2004  12   7  22.000  0.256200E+03  0.327205E+03  0.000000E+00  0.000000E+00  0.278058E+03  0.276304E+03  0.526263E+00  0.102210E+00
2004  12   7  23.000  0.256200E+03  0.325608E+03  0.000000E+00  0.000000E+00  0.277568E+03  0.276026E+03  0.377298E+00  0.753614E-01
2004  12   8   0.000  0.255700E+03  0.325578E+03  0.000000E+00  0.000000E+00  0.277475E+03  0.276019E+03  0.528511E+00  0.103674E+00
2004  12   8   1.000  0.255200E+03  0.323992E+03  0.000000E+00  0.000000E+00  0.277205E+03  0.275757E+03  0.378395E+00  0.751403E-01
2004  12   8   2.000  0.253800E+03  0.323587E+03  0.000000E+00  0.000000E+00  0.277297E+03  0.275703E+03  0.453178E+00  0.866286E-01
2004  12   8   3.000  0.253200E+03  0.324210E+03  0.000000E+00  0.000000E+00  0.277477E+03  0.275792E+03  0.528054E+00  0.102020E+00
2004  12   8   4.000  0.251300E+03  0.320020E+03  0.000000E+00  0.000000E+00  0.276396E+03  0.275085E+03  0.140847E+00  0.411925E-01
2004  12   8   5.000  0.250700E+03  0.320232E+03  0.000000E+00  0.000000E+00  0.276453E+03  0.275152E+03  0.530975E+00  0.103526E+00
2004  12   8   6.000  0.251200E+03  0.319911E+03  0.000000E+00  0.000000E+00  0.276479E+03  0.275085E+03  0.455442E+00  0.866503E-01
2004  12   8   7.000  0.250200E+03  0.318708E+03  0.000000E+00  0.000000E+00  0.276245E+03  0.274879E+03  0.380354E+00  0.756533E-01
2004  12   8   8.000  0.249400E+03  0.318116E+03  0.570000E+01  0.241986E+00  0.276231E+03  0.274779E+03  0.381555E+00  0.757352E-01
2004  12   8   9.000  0.249000E+03  0.318051E+03  0.236000E+02  0.100191E+01  0.276657E+03  0.274724E+03  0.214352E+00  0.552836E-01
2004  12   8  10.000  0.251300E+03  0.327451E+03  0.152500E+03  0.647419E+01  0.278664E+03  0.276234E+03  0.183412E+00  0.413949E-01
2004  12   8  11.000  0.252300E+03  0.340724E+03  0.320600E+03  0.136107E+02  0.281028E+03  0.278522E+03  0.233260E+00  0.847836E-01
2004  12   8  12.000  0.259700E+03  0.355369E+03  0.337200E+03  0.143154E+02  0.282759E+03  0.280707E+03  0.177264E+00  0.480269E-01
2004  12   8  13.000  0.253900E+03  0.352026E+03  0.267300E+03  0.113479E+02  0.278853E+03  0.279378E+03  0.125976E+00  0.300446E-01
2004  12   8  14.000  0.253800E+03  0.350065E+03  0.191900E+03  0.814686E+01  0.278938E+03  0.279506E+03  0.101740E+00  0.286032E-01
2004  12   8  15.000  0.253300E+03  0.341403E+03  0.837000E+02  0.355337E+01  0.276961E+03  0.278291E+03  0.181192E+00  0.277947E-01
2004  12   8  16.000  0.250200E+03  0.331600E+03  0.250000E+01  0.106134E+00  0.275790E+03  0.277075E+03  0.253135E+00  0.317780E-01
2004  12   8  17.000  0.250500E+03  0.322989E+03  0.000000E+00  0.000000E+00  0.274148E+03  0.275479E+03  0.248175E+00  0.479378E-01
2004  12   8  18.000  0.255900E+03  0.319142E+03  0.000000E+00  0.000000E+00  0.275776E+03  0.275168E+03  0.538239E+00  0.570894E-01
2004  12   8  19.000  0.258500E+03  0.316733E+03  0.000000E+00  0.000000E+00  0.275032E+03  0.274745E+03  0.316211E+00  0.613835E-01
2004  12   8  20.000  0.258500E+03  0.314385E+03  0.000000E+00  0.000000E+00  0.275376E+03  0.274286E+03  0.138940E+00  0.412672E-01
2004  12   8  21.000  0.261800E+03  0.316369E+03  0.000000E+00  0.000000E+00  0.276645E+03  0.274632E+03  0.382162E+00  0.791584E-01
2004  12   8  22.000  0.262300E+03  0.316960E+03  0.000000E+00  0.000000E+00  0.276158E+03  0.274675E+03  0.384452E+00  0.751977E-01
2004  12   8  23.000  0.259900E+03  0.316754E+03  0.000000E+00  0.000000E+00  0.275923E+03  0.274590E+03  0.309549E+00  0.591298E-01
2004  12   9   0.000  0.260000E+03  0.315194E+03  0.000000E+00  0.000000E+00  0.276386E+03  0.274311E+03  0.139333E+00  0.410646E-01
2004  12   9   1.000  0.262500E+03  0.316531E+03  0.000000E+00  0.000000E+00  0.277648E+03  0.274505E+03  0.188341E+00  0.550854E-01
2004  12   9   2.000  0.264100E+03  0.317068E+03  0.000000E+00  0.000000E+00  0.278583E+03  0.274589E+03  0.139566E+00  0.406566E-01
2004  12   9   3.000  0.264700E+03  0.326681E+03  0.000000E+00  0.000000E+00  0.279429E+03  0.276128E+03  0.747970E+00  0.146643E+00
2004  12   9   4.000  0.267000E+03  0.331062E+03  0.000000E+00  0.000000E+00  0.280379E+03  0.276801E+03  0.967782E+00  0.994267E-01
2004  12   9   5.000  0.266200E+03  0.331026E+03  0.000000E+00  0.000000E+00  0.279174E+03  0.276695E+03  0.375237E+00  0.798441E-01
2004  12   9   6.000  0.269500E+03  0.337902E+03  0.000000E+00  0.000000E+00  0.280428E+03  0.277893E+03  0.822214E+00  0.164678E+00
2004  12   9   7.000  0.268300E+03  0.337147E+03  0.000000E+00  0.000000E+00  0.279802E+03  0.277644E+03  0.448998E+00  0.867492E-01
2004  12   9   8.000  0.265200E+03  0.333273E+03  0.650000E+01  0.275949E+00  0.278353E+03  0.277127E+03  0.204733E+00  0.527453E-01
2004  12   9   9.000  0.268000E+03  0.337802E+03  0.359000E+02  0.152409E+01  0.280478E+03  0.277850E+03  0.530690E+00  0.101639E+00
2004  12   9  10.000  0.270500E+03  0.344922E+03  0.140900E+03  0.598173E+01  0.281951E+03  0.278884E+03  0.939141E-01  0.270495E-01
2004  12   9  11.000  0.274500E+03  0.363851E+03  0.287000E+03  0.121842E+02  0.284891E+03  0.281665E+03  0.429356E+00  0.103378E+00
2004  12   9  12.000  0.278500E+03  0.377743E+03  0.314500E+03  0.133517E+02  0.286010E+03  0.285403E+03  0.624162E+00  0.152141E+00
2004  12   9  13.000  0.276700E+03  0.375391E+03  0.288500E+03  0.122479E+02  0.284774E+03  0.284610E+03  0.483541E+00  0.110064E+00
2004  12   9  14.000  0.269200E+03  0.373929E+03  0.207100E+03  0.879216E+01  0.283088E+03  0.283525E+03  0.133440E+00  0.202630E-01
2004  12   9  15.000  0.267300E+03  0.365973E+03  0.874000E+02  0.371045E+01  0.282160E+03  0.282755E+03  0.179226E+00  0.281305E-01
2004  12   9  16.000  0.261800E+03  0.354310E+03  0.350000E+01  0.148588E+00  0.280976E+03  0.280788E+03  0.676916E+00  0.714307E-01
2004  12   9  17.000  0.257100E+03  0.344900E+03  0.000000E+00  0.000000E+00  0.280363E+03  0.279516E+03  0.452487E+00  0.499941E-01
2004  12   9  18.000  0.255900E+03  0.342029E+03  0.000000E+00  0.000000E+00  0.280179E+03  0.279307E+03  0.823501E+00  0.903798E-01
2004  12   9  19.000  0.254800E+03  0.342625E+03  0.000000E+00  0.000000E+00  0.280566E+03  0.279131E+03  0.135597E+01  0.222252E+00
2004  12   9  20.000  0.252800E+03  0.344805E+03  0.000000E+00  0.000000E+00  0.279831E+03  0.279531E+03  0.131393E+01  0.216337E+00
2004  12   9  21.000  0.251300E+03  0.346036E+03  0.000000E+00  0.000000E+00  0.279409E+03  0.279603E+03  0.130986E+01  0.293137E+00
2004  12   9  22.000  0.250300E+03  0.355841E+03  0.000000E+00  0.000000E+00  0.279340E+03  0.282384E+03  0.144185E+01  0.450315E+00
2004  12   9  23.000  0.249200E+03  0.349814E+03  0.000000E+00  0.000000E+00  0.279698E+03  0.280145E+03  0.135677E+01  0.212085E+00
2004  12  10   0.000  0.248800E+03  0.354438E+03  0.000000E+00  0.000000E+00  0.278958E+03  0.282050E+03  0.138072E+01  0.408552E+00
2004  12  10   1.000  0.249100E+03  0.356624E+03  0.000000E+00  0.000000E+00  0.279113E+03  0.282243E+03  0.137339E+01  0.375048E+00
2004  12  10   2.000  0.247600E+03  0.350317E+03  0.000000E+00  0.000000E+00  0.279252E+03  0.280785E+03  0.133311E+01  0.185246E+00
2004  12  10   3.000  0.244200E+03  0.341532E+03  0.000000E+00  0.000000E+00  0.278662E+03  0.279342E+03  0.450975E+00  0.959082E-01
2004  12  10   4.000  0.242400E+03  0.333835E+03  0.000000E+00  0.000000E+00  0.278291E+03  0.278199E+03  0.525990E+00  0.569964E-01
2004  12  10   5.000  0.240100E+03  0.329347E+03  0.000000E+00  0.000000E+00  0.277693E+03  0.277531E+03  0.375938E+00  0.739411E-01
2004  12  10   6.000  0.239500E+03  0.327012E+03  0.000000E+00  0.000000E+00  0.277978E+03  0.277096E+03  0.821872E+00  0.852250E-01
2004  12  10   7.000  0.239100E+03  0.327935E+03  0.000000E+00  0.000000E+00  0.277897E+03  0.277206E+03  0.673034E+00  0.136335E+00
2004  12  10   8.000  0.238100E+03  0.328142E+03  0.380000E+01  0.161324E+00  0.277993E+03  0.277211E+03  0.597940E+00  0.119937E+00
2004  12  10   9.000  0.238200E+03  0.326996E+03  0.176000E+02  0.747185E+00  0.277959E+03  0.276980E+03  0.296919E+00  0.605510E-01
2004  12  10  10.000  0.242300E+03  0.337499E+03  0.149900E+03  0.636381E+01  0.281624E+03  0.278626E+03  0.223671E+00  0.552910E-01
2004  12  10  11.000  0.251400E+03  0.359504E+03  0.327900E+03  0.139206E+02  0.284702E+03  0.281968E+03  0.174092E+00  0.691479E-01
2004  12  10  12.000  0.255400E+03  0.368128E+03  0.348600E+03  0.147994E+02  0.284185E+03  0.283747E+03  0.367799E+00  0.972495E-01
2004  12  10  13.000  0.255600E+03  0.370036E+03  0.320000E+03  0.135852E+02  0.284308E+03  0.283993E+03  0.506519E+00  0.123439E+00
2004  12  10  14.000  0.255500E+03  0.366013E+03  0.222800E+03  0.945868E+01  0.283020E+03  0.283413E+03  0.407483E+00  0.123150E+00
2004  12  10  15.000  0.248700E+03  0.357998E+03  0.846000E+02  0.359158E+01  0.281170E+03  0.282285E+03  0.539986E+00  0.951467E-01
2004  12  10  16.000  0.242700E+03  0.345942E+03  0.140000E+01  0.594352E-01  0.279140E+03  0.279876E+03  0.529734E+00  0.868400E-01
2004  12  10  17.000  0.239700E+03  0.338266E+03  0.000000E+00  0.000000E+00  0.278358E+03  0.278952E+03  0.679417E+00  0.115325E+00
2004  12  10  18.000  0.239400E+03  0.334789E+03  0.000000E+00  0.000000E+00  0.278126E+03  0.278389E+03  0.825740E+00  0.165809E+00
2004  12  10  19.000  0.239400E+03  0.331554E+03  0.000000E+00  0.000000E+00  0.277938E+03  0.277862E+03  0.825095E+00  0.899871E-01
2004  12  10  20.000  0.238700E+03  0.326831E+03  0.000000E+00  0.000000E+00  0.277692E+03  0.277145E+03  0.676922E+00  0.711320E-01
2004  12  10  21.000  0.238000E+03  0.324838E+03  0.000000E+00  0.000000E+00  0.277331E+03  0.276836E+03  0.451957E+00  0.871850E-01
2004  12  10  22.000  0.238300E+03  0.321455E+03  0.000000E+00  0.000000E+00  0.277213E+03  0.276270E+03  0.676520E+00  0.713317E-01
2004  12  10  23.000  0.238400E+03  0.319943E+03  0.000000E+00  0.000000E+00  0.277175E+03  0.275943E+03  0.750147E+00  0.782081E-01
2004  12  11   0.000  0.238000E+03  0.316536E+03  0.000000E+00  0.000000E+00  0.276429E+03  0.275334E+03  0.140181E+00  0.410515E-01
2004  12  11   1.000  0.238000E+03  0.316789E+03  0.000000E+00  0.000000E+00  0.276793E+03  0.275328E+03  0.824358E+00  0.852594E-01
2004  12  11   2.000  0.238000E+03  0.316695E+03  0.000000E+00  0.000000E+00  0.276419E+03  0.275293E+03  0.376509E+00  0.800309E-01
2004  12  11   3.000  0.236900E+03  0.319158E+03  0.000000E+00  0.000000E+00  0.276490E+03  0.275602E+03  0.676736E+00  0.135037E+00
2004  12  11   4.000  0.235700E+03  0.318879E+03  0.000000E+00  0.000000E+00  0.276193E+03  0.275538E+03  0.527115E+00  0.102919E+00
2004  12  11   5.000  0.235200E+03  0.316317E+03  0.000000E+00  0.000000E+00  0.276136E+03  0.275098E+03  0.751816E+00  0.783562E-01
2004  12  11   6.000  0.235000E+03  0.317998E+03  0.000000E+00  0.000000E+00  0.275982E+03  0.275288E+03  0.677792E+00  0.136074E+00
2004  12  11   7.000  0.233900E+03  0.317512E+03  0.000000E+00  0.000000E+00  0.275497E+03  0.275177E+03  0.604158E+00  0.121335E+00
2004  12  11   8.000  0.234200E+03  0.318401E+03  0.360000E+01  0.152833E+00  0.275833E+03  0.275294E+03  0.679134E+00  0.134196E+00
2004  12  11   9.000  0.235600E+03  0.318988E+03  0.170000E+02  0.721713E+00  0.276482E+03  0.275396E+03  0.455236E+00  0.865932E-01
2004  12  11  10.000  0.239700E+03  0.329271E+03  0.149500E+03  0.634683E+01  0.279674E+03  0.276985E+03  0.241114E+00  0.553411E-01
2004  12  11  11.000  0.248000E+03  0.350615E+03  0.322400E+03  0.136871E+02  0.283037E+03  0.279757E+03  0.142976E+00  0.394761E-01
2004  12  11  12.000  0.252100E+03  0.361218E+03  0.345600E+03  0.146720E+02  0.283193E+03  0.282199E+03  0.208357E+00  0.575730E-01
2004  12  11  13.000  0.251100E+03  0.359358E+03  0.318500E+03  0.135215E+02  0.282018E+03  0.281738E+03  0.356694E+00  0.959766E-01
2004  12  11  14.000  0.248600E+03  0.354062E+03  0.235500E+03  0.999784E+01  0.280608E+03  0.280929E+03  0.374548E+00  0.821299E-01
2004  12  11  15.000  0.243400E+03  0.344120E+03  0.103400E+03  0.438971E+01  0.278377E+03  0.279426E+03  0.404288E+00  0.721734E-01
2004  12  11  16.000  0.240600E+03  0.334686E+03  0.000000E+00  0.000000E+00  0.277019E+03  0.277982E+03  0.754591E+00  0.127009E+00
2004  12  11  17.000  0.237900E+03  0.331028E+03  0.000000E+00  0.000000E+00  0.277387E+03  0.277498E+03  0.826010E+00  0.165843E+00
2004  12  11  18.000  0.238400E+03  0.325400E+03  0.000000E+00  0.000000E+00  0.276875E+03  0.276612E+03  0.229975E+00  0.508018E-01
2004  12  11  19.000  0.239800E+03  0.324423E+03  0.000000E+00  0.000000E+00  0.277343E+03  0.276496E+03  0.527142E+00  0.104027E+00
2004  12  11  20.000  0.238800E+03  0.324707E+03  0.000000E+00  0.000000E+00  0.277511E+03  0.276511E+03  0.600027E+00  0.119650E+00
2004  12  11  21.000  0.238200E+03  0.322842E+03  0.000000E+00  0.000000E+00  0.277698E+03  0.276183E+03  0.821529E+00  0.853135E-01
2004  12  11  22.000  0.238000E+03  0.323606E+03  0.000000E+00  0.000000E+00  0.277873E+03  0.276274E+03  0.967912E+00  0.994245E-01
2004  12  11  23.000  0.238000E+03  0.323313E+03  0.000000E+00  0.000000E+00  0.278216E+03  0.276212E+03  0.894003E+00  0.924006E-01
2004  12  12   0.000  0.237700E+03  0.326439E+03  0.000000E+00  0.000000E+00  0.277937E+03  0.276671E+03  0.746879E+00  0.150557E+00
2004  12  12   1.000  0.236200E+03  0.322186E+03  0.000000E+00  0.000000E+00  0.277278E+03  0.275986E+03  0.673952E+00  0.713669E-01
2004  12  12   2.000  0.235700E+03  0.323404E+03  0.000000E+00  0.000000E+00  0.277092E+03  0.276152E+03  0.674573E+00  0.135823E+00
2004  12  12   3.000  0.234700E+03  0.322877E+03  0.000000E+00  0.000000E+00  0.276763E+03  0.276049E+03  0.600356E+00  0.120241E+00
2004  12  12   4.000  0.233500E+03  0.321389E+03  0.000000E+00  0.000000E+00  0.276435E+03  0.275811E+03  0.525697E+00  0.103622E+00
2004  12  12   5.000  0.232700E+03  0.318433E+03  0.000000E+00  0.000000E+00  0.275822E+03  0.275342E+03  0.376378E+00  0.749412E-01
2004  12  12   6.000  0.232000E+03  0.316104E+03  0.000000E+00  0.000000E+00  0.275557E+03  0.274966E+03  0.376707E+00  0.757806E-01
2004  12  12   7.000  0.232300E+03  0.319139E+03  0.000000E+00  0.000000E+00  0.276199E+03  0.275373E+03  0.104611E+01  0.114957E+00
2004  12  12   8.000  0.232900E+03  0.318551E+03  0.320000E+01  0.135852E+00  0.275980E+03  0.275277E+03  0.527803E+00  0.103125E+00
2004  12  12   9.000  0.235200E+03  0.322631E+03  0.170000E+02  0.721713E+00  0.277124E+03  0.275881E+03  0.753981E+00  0.150945E+00
2004  12  12  10.000  0.238400E+03  0.329641E+03  0.147400E+03  0.625767E+01  0.279281E+03  0.276944E+03  0.948399E-01  0.269683E-01
2004  12  12  11.000  0.245400E+03  0.350327E+03  0.324600E+03  0.137805E+02  0.282882E+03  0.280713E+03  0.170327E+00  0.587281E-01
2004  12  12  12.000  0.248500E+03  0.357677E+03  0.347500E+03  0.147527E+02  0.282534E+03  0.281655E+03  0.331836E+00  0.974911E-01
2004  12  12  13.000  0.250400E+03  0.361204E+03  0.316900E+03  0.134536E+02  0.282607E+03  0.282379E+03  0.582414E+00  0.135250E+00
2004  12  12  14.000  0.246100E+03  0.354241E+03  0.236700E+03  0.100488E+02  0.280829E+03  0.281017E+03  0.560091E+00  0.135716E+00
2004  12  12  15.000  0.244600E+03  0.349317E+03  0.105000E+03  0.445764E+01  0.279649E+03  0.280634E+03  0.320062E+00  0.617262E-01
2004  12  12  16.000  0.238900E+03  0.337417E+03  0.000000E+00  0.000000E+00  0.277013E+03  0.278441E+03  0.250974E+00  0.552848E-01
2004  12  12  17.000  0.234500E+03  0.328809E+03  0.000000E+00  0.000000E+00  0.276075E+03  0.277218E+03  0.608704E+00  0.103937E+00
2004  12  12  18.000  0.233600E+03  0.321517E+03  0.000000E+00  0.000000E+00  0.275731E+03  0.276120E+03  0.458237E+00  0.499632E-01
2004  12  12  19.000  0.233800E+03  0.318999E+03  0.000000E+00  0.000000E+00  0.275842E+03  0.275582E+03  0.826994E+00  0.854296E-01
2004  12  12  20.000  0.234000E+03  0.315496E+03  0.000000E+00  0.000000E+00  0.275772E+03  0.275117E+03  0.678691E+00  0.712797E-01
2004  12  12  21.000  0.234900E+03  0.317253E+03  0.000000E+00  0.000000E+00  0.276162E+03  0.275626E+03  0.118899E+01  0.184996E+00
2004  12  12  22.000  0.234900E+03  0.319127E+03  0.000000E+00  0.000000E+00  0.276056E+03  0.275669E+03  0.104411E+01  0.173177E+00
2004  12  12  23.000  0.235000E+03  0.316442E+03  0.000000E+00  0.000000E+00  0.276074E+03  0.275081E+03  0.751045E+00  0.782787E-01
2004  12  13   0.000  0.234500E+03  0.315979E+03  0.000000E+00  0.000000E+00  0.275952E+03  0.274925E+03  0.898674E+00  0.923210E-01
2004  12  13   1.000  0.234000E+03  0.317813E+03  0.000000E+00  0.000000E+00  0.275733E+03  0.275331E+03  0.104532E+01  0.173235E+00
2004  12  13   2.000  0.234100E+03  0.318020E+03  0.000000E+00  0.000000E+00  0.275887E+03  0.275352E+03  0.126318E+01  0.153272E+00
2004  12  13   3.000  0.232600E+03  0.315003E+03  0.000000E+00  0.000000E+00  0.275586E+03  0.274712E+03  0.751916E+00  0.782467E-01
2004  12  13   4.000  0.231800E+03  0.313103E+03  0.000000E+00  0.000000E+00  0.275154E+03  0.274370E+03  0.304019E+00  0.613176E-01
2004  12  13   5.000  0.231600E+03  0.311646E+03  0.000000E+00  0.000000E+00  0.275404E+03  0.274143E+03  0.752691E+00  0.782464E-01
2004  12  13   6.000  0.231800E+03  0.311163E+03  0.000000E+00  0.000000E+00  0.275187E+03  0.273983E+03  0.303760E+00  0.639042E-01
2004  12  13   7.000  0.231700E+03  0.312338E+03  0.000000E+00  0.000000E+00  0.275654E+03  0.274150E+03  0.973318E+00  0.994245E-01
2004  12  13   8.000  0.231300E+03  0.318724E+03  0.290000E+01  0.123199E+00  0.275359E+03  0.275194E+03  0.133337E+01  0.265345E+00
2004  12  13   9.000  0.231000E+03  0.318088E+03  0.159000E+02  0.675014E+00  0.275858E+03  0.275043E+03  0.530442E+00  0.103896E+00
2004  12  13  10.000  0.235000E+03  0.325443E+03  0.146100E+03  0.620248E+01  0.278956E+03  0.276188E+03  0.947426E-01  0.268039E-01
2004  12  13  11.000  0.242500E+03  0.346594E+03  0.323600E+03  0.137380E+02  0.282332E+03  0.278883E+03  0.258008E+00  0.728597E-01
2004  12  13  12.000  0.246600E+03  0.356395E+03  0.344900E+03  0.146423E+02  0.282400E+03  0.281523E+03  0.338890E+00  0.974380E-01
2004  12  13  13.000  0.246700E+03  0.357214E+03  0.317100E+03  0.134621E+02  0.281810E+03  0.281472E+03  0.424106E+00  0.109770E+00
2004  12  13  14.000  0.245100E+03  0.355185E+03  0.235300E+03  0.998935E+01  0.281250E+03  0.281329E+03  0.238616E+00  0.976012E-01
2004  12  13  15.000  0.241200E+03  0.348336E+03  0.105500E+03  0.447886E+01  0.279044E+03  0.280188E+03  0.243899E+00  0.385966E-01
2004  12  13  16.000  0.235400E+03  0.336411E+03  0.000000E+00  0.000000E+00  0.277024E+03  0.278023E+03  0.753303E+00  0.119338E+00
2004  12  13  17.000  0.231100E+03  0.327436E+03  0.000000E+00  0.000000E+00  0.276538E+03  0.276896E+03  0.753612E+00  0.789250E-01
2004  12  13  18.000  0.230600E+03  0.321864E+03  0.000000E+00  0.000000E+00  0.276225E+03  0.276008E+03  0.679044E+00  0.710197E-01
2004  12  13  19.000  0.229800E+03  0.319635E+03  0.000000E+00  0.000000E+00  0.276003E+03  0.275933E+03  0.104451E+01  0.164257E+00
2004  12  13  20.000  0.228400E+03  0.314941E+03  0.000000E+00  0.000000E+00  0.275712E+03  0.274978E+03  0.602915E+00  0.642511E-01
2004  12  13  21.000  0.227600E+03  0.313016E+03  0.000000E+00  0.000000E+00  0.275375E+03  0.274630E+03  0.377616E+00  0.766612E-01
2004  12  13  22.000  0.227100E+03  0.314233E+03  0.000000E+00  0.000000E+00  0.275409E+03  0.274706E+03  0.677341E+00  0.136191E+00
2004  12  13  23.000  0.227900E+03  0.318397E+03  0.000000E+00  0.000000E+00  0.275738E+03  0.275264E+03  0.111669E+01  0.221083E+00
2004  12  14   0.000  0.228300E+03  0.314971E+03  0.000000E+00  0.000000E+00  0.275530E+03  0.274733E+03  0.750917E+00  0.782046E-01
2004  12  14   1.000  0.229300E+03  0.315123E+03  0.000000E+00  0.000000E+00  0.275716E+03  0.274689E+03  0.971519E+00  0.994662E-01
2004  12  14   2.000  0.229400E+03  0.314922E+03  0.000000E+00  0.000000E+00  0.275629E+03  0.274850E+03  0.104481E+01  0.126548E+00
2004  12  14   3.000  0.229700E+03  0.315429E+03  0.000000E+00  0.000000E+00  0.275341E+03  0.274715E+03  0.677498E+00  0.133455E+00
2004  12  14   4.000  0.229500E+03  0.316658E+03  0.000000E+00  0.000000E+00  0.275560E+03  0.274848E+03  0.972381E+00  0.106394E+00
2004  12  14   5.000  0.228700E+03  0.313385E+03  0.000000E+00  0.000000E+00  0.275308E+03  0.274343E+03  0.751728E+00  0.782700E-01
2004  12  14   6.000  0.228500E+03  0.311872E+03  0.000000E+00  0.000000E+00  0.275020E+03  0.274056E+03  0.302825E+00  0.625090E-01
2004  12  14   7.000  0.228600E+03  0.312295E+03  0.000000E+00  0.000000E+00  0.275247E+03  0.274084E+03  0.973393E+00  0.994431E-01
2004  12  14   8.000  0.229300E+03  0.313563E+03  0.340000E+01  0.144345E+00  0.275097E+03  0.274257E+03  0.678902E+00  0.136054E+00
2004  12  14   9.000  0.230000E+03  0.315926E+03  0.166000E+02  0.704731E+00  0.275631E+03  0.274638E+03  0.680976E+00  0.136185E+00
2004  12  14  10.000  0.233600E+03  0.322144E+03  0.143600E+03  0.609635E+01  0.277822E+03  0.275620E+03  0.473384E-01  0.106466E-01
2004  12  14  11.000  0.240700E+03  0.343466E+03  0.318900E+03  0.135385E+02  0.281993E+03  0.278995E+03  0.169211E+00  0.690967E-01
2004  12  14  12.000  0.243700E+03  0.350434E+03  0.342200E+03  0.145277E+02  0.281079E+03  0.280311E+03  0.454588E+00  0.123514E+00
2004  12  14  13.000  0.242300E+03  0.349879E+03  0.315900E+03  0.134111E+02  0.280385E+03  0.280103E+03  0.668428E+00  0.158502E+00
2004  12  14  14.000  0.240300E+03  0.346371E+03  0.235200E+03  0.998511E+01  0.279428E+03  0.279629E+03  0.605319E+00  0.146380E+00
2004  12  14  15.000  0.236900E+03  0.338817E+03  0.106600E+03  0.452556E+01  0.277492E+03  0.278487E+03  0.622176E+00  0.108967E+00
2004  12  14  16.000  0.232400E+03  0.328609E+03  0.000000E+00  0.000000E+00  0.275607E+03  0.276865E+03  0.827218E+00  0.131604E+00
2004  12  14  17.000  0.230000E+03  0.321727E+03  0.000000E+00  0.000000E+00  0.275459E+03  0.275971E+03  0.753788E+00  0.890452E-01
2004  12  14  18.000  0.230100E+03  0.316260E+03  0.000000E+00  0.000000E+00  0.275301E+03  0.275037E+03  0.604820E+00  0.641159E-01
2004  12  14  19.000  0.231000E+03  0.312781E+03  0.000000E+00  0.000000E+00  0.275362E+03  0.274488E+03  0.678335E+00  0.713043E-01
2004  12  14  20.000  0.230000E+03  0.311650E+03  0.000000E+00  0.000000E+00  0.275367E+03  0.274222E+03  0.825327E+00  0.852913E-01
2004  12  14  21.000  0.228700E+03  0.309931E+03  0.000000E+00  0.000000E+00  0.275198E+03  0.273946E+03  0.751691E+00  0.783078E-01
2004  12  14  22.000  0.228300E+03  0.311234E+03  0.000000E+00  0.000000E+00  0.275330E+03  0.274034E+03  0.971287E+00  0.994295E-01
2004  12  14  23.000  0.227600E+03  0.310094E+03  0.000000E+00  0.000000E+00  0.275213E+03  0.273866E+03  0.824735E+00  0.853590E-01
2004  12  15   0.000  0.227200E+03  0.311944E+03  0.000000E+00  0.000000E+00  0.275109E+03  0.274115E+03  0.676869E+00  0.135062E+00
2004  12  15   1.000  0.226900E+03  0.312187E+03  0.000000E+00  0.000000E+00  0.274956E+03  0.274124E+03  0.602430E+00  0.119371E+00
2004  12  15   2.000  0.227500E+03  0.314957E+03  0.000000E+00  0.000000E+00  0.275475E+03  0.274482E+03  0.104398E+01  0.115353E+00
2004  12  15   3.000  0.227600E+03  0.312795E+03  0.000000E+00  0.000000E+00  0.274920E+03  0.274174E+03  0.526949E+00  0.103100E+00
2004  12  15   4.000  0.228100E+03  0.311361E+03  0.000000E+00  0.000000E+00  0.275397E+03  0.273913E+03  0.824256E+00  0.853816E-01
2004  12  15   5.000  0.230800E+03  0.311424E+03  0.000000E+00  0.000000E+00  0.275189E+03  0.273855E+03  0.898932E+00  0.923352E-01
2004  12  15   6.000  0.230200E+03  0.310275E+03  0.000000E+00  0.000000E+00  0.275109E+03  0.273679E+03  0.825347E+00  0.853817E-01
2004  12  15   7.000  0.228900E+03  0.311207E+03  0.000000E+00  0.000000E+00  0.275060E+03  0.273775E+03  0.972480E+00  0.994313E-01
2004  12  15   8.000  0.230400E+03  0.311349E+03  0.450000E+01  0.191351E+00  0.274832E+03  0.273829E+03  0.453010E+00  0.867149E-01
2004  12  15   9.000  0.243800E+03  0.316739E+03  0.512000E+02  0.217772E+01  0.276847E+03  0.274581E+03  0.908898E+00  0.923368E-01
2004  12  15  10.000  0.259700E+03  0.329059E+03  0.196300E+03  0.833366E+01  0.280010E+03  0.276425E+03  0.129638E+00  0.270153E-01
2004  12  15  11.000  0.254400E+03  0.348755E+03  0.311700E+03  0.132328E+02  0.281734E+03  0.280188E+03  0.179913E+00  0.582493E-01
2004  12  15  12.000  0.255400E+03  0.351721E+03  0.258000E+03  0.109531E+02  0.280444E+03  0.280509E+03  0.392679E+00  0.845953E-01
2004  12  15  13.000  0.269100E+03  0.353350E+03  0.181000E+03  0.768412E+01  0.279630E+03  0.280019E+03  0.199082E+00  0.278177E-01
2004  12  15  14.000  0.263000E+03  0.353139E+03  0.148200E+03  0.629164E+01  0.279086E+03  0.280327E+03  0.462288E-01  0.106466E-01
2004  12  15  15.000  0.259400E+03  0.346847E+03  0.791000E+02  0.335809E+01  0.277229E+03  0.279382E+03  0.462288E-01  0.106466E-01
2004  12  15  16.000  0.246300E+03  0.335002E+03  0.100000E+02  0.424537E+00  0.276090E+03  0.277810E+03  0.680890E+00  0.114346E+00
2004  12  15  17.000  0.241100E+03  0.327013E+03  0.000000E+00  0.000000E+00  0.275641E+03  0.276558E+03  0.680318E+00  0.113835E+00
2004  12  15  18.000  0.248800E+03  0.323559E+03  0.000000E+00  0.000000E+00  0.275726E+03  0.275942E+03  0.681860E+00  0.763805E-01
2004  12  15  19.000  0.237400E+03  0.320349E+03  0.000000E+00  0.000000E+00  0.275592E+03  0.275493E+03  0.826585E+00  0.895349E-01
2004  12  15  20.000  0.247700E+03  0.319723E+03  0.000000E+00  0.000000E+00  0.275792E+03  0.275564E+03  0.104683E+01  0.161917E+00
2004  12  15  21.000  0.241500E+03  0.318578E+03  0.000000E+00  0.000000E+00  0.275686E+03  0.275375E+03  0.111843E+01  0.157513E+00
2004  12  15  22.000  0.236500E+03  0.319686E+03  0.000000E+00  0.000000E+00  0.275461E+03  0.275334E+03  0.972939E+00  0.175381E+00
2004  12  15  23.000  0.236200E+03  0.317767E+03  0.000000E+00  0.000000E+00  0.275388E+03  0.275234E+03  0.104610E+01  0.163106E+00
2004  12  16   0.000  0.236600E+03  0.316129E+03  0.000000E+00  0.000000E+00  0.275149E+03  0.274768E+03  0.530710E+00  0.105646E+00
2004  12  16   1.000  0.236400E+03  0.313543E+03  0.000000E+00  0.000000E+00  0.275157E+03  0.274318E+03  0.754145E+00  0.781796E-01
2004  12  16   2.000  0.235200E+03  0.312375E+03  0.000000E+00  0.000000E+00  0.275058E+03  0.274062E+03  0.827698E+00  0.852349E-01
2004  12  16   3.000  0.234900E+03  0.312735E+03  0.000000E+00  0.000000E+00  0.274927E+03  0.274160E+03  0.605660E+00  0.120547E+00
2004  12  16   4.000  0.233700E+03  0.310304E+03  0.000000E+00  0.000000E+00  0.274798E+03  0.273756E+03  0.754394E+00  0.782953E-01
2004  12  16   5.000  0.233100E+03  0.309477E+03  0.000000E+00  0.000000E+00  0.274714E+03  0.273573E+03  0.828171E+00  0.852828E-01
2004  12  16   6.000  0.234600E+03  0.308961E+03  0.000000E+00  0.000000E+00  0.274633E+03  0.273450E+03  0.828752E+00  0.852909E-01
2004  12  16   7.000  0.233400E+03  0.310904E+03  0.000000E+00  0.000000E+00  0.274435E+03  0.273718E+03  0.681029E+00  0.136524E+00
2004  12  16   8.000  0.232900E+03  0.310959E+03  0.230000E+01  0.977912E-01  0.274799E+03  0.273692E+03  0.902056E+00  0.923251E-01
2004  12  16   9.000  0.232600E+03  0.311912E+03  0.160000E+02  0.680464E+00  0.274866E+03  0.273926E+03  0.533846E+00  0.103705E+00
2004  12  16  10.000  0.235900E+03  0.319518E+03  0.136100E+03  0.578795E+01  0.277082E+03  0.275050E+03  0.157630E+00  0.413308E-01
2004  12  16  11.000  0.242700E+03  0.335383E+03  0.272100E+03  0.115517E+02  0.279845E+03  0.277220E+03  0.335973E+00  0.910271E-01
2004  12  16  12.000  0.246400E+03  0.344492E+03  0.267700E+03  0.113649E+02  0.279814E+03  0.279398E+03  0.324615E+00  0.855472E-01
2004  12  16  13.000  0.248000E+03  0.347671E+03  0.302600E+03  0.128465E+02  0.280564E+03  0.279641E+03  0.325307E+00  0.970478E-01
2004  12  16  14.000  0.247700E+03  0.345115E+03  0.226000E+03  0.959453E+01  0.279141E+03  0.279285E+03  0.529387E+00  0.123539E+00
2004  12  16  15.000  0.270600E+03  0.340393E+03  0.547000E+02  0.232222E+01  0.277043E+03  0.278182E+03  0.924575E-01  0.187420E-01
2004  12  16  16.000  0.278400E+03  0.334007E+03  0.430000E+01  0.182551E+00  0.275623E+03  0.277254E+03  0.462288E-01  0.915244E-02
2004  12  16  17.000  0.269500E+03  0.327605E+03  0.000000E+00  0.000000E+00  0.275402E+03  0.276388E+03  0.762651E+00  0.102364E+00
2004  12  16  18.000  0.285600E+03  0.324680E+03  0.000000E+00  0.000000E+00  0.275371E+03  0.275882E+03  0.247739E+00  0.289753E-01
2004  12  16  19.000  0.291800E+03  0.323318E+03  0.000000E+00  0.000000E+00  0.275553E+03  0.275581E+03  0.473466E+00  0.497429E-01
2004  12  16  20.000  0.292500E+03  0.322890E+03  0.000000E+00  0.000000E+00  0.275439E+03  0.275682E+03  0.766467E+00  0.117682E+00
2004  12  16  21.000  0.291300E+03  0.322444E+03  0.000000E+00  0.000000E+00  0.275555E+03  0.275578E+03  0.692961E+00  0.940891E-01
2004  12  16  22.000  0.288200E+03  0.323161E+03  0.000000E+00  0.000000E+00  0.276078E+03  0.275629E+03  0.102549E+01  0.119896E+00
2004  12  16  23.000  0.296200E+03  0.321799E+03  0.000000E+00  0.000000E+00  0.274745E+03  0.275245E+03  0.330058E+00  0.355444E-01
2004  12  17   0.000  0.291600E+03  0.320420E+03  0.000000E+00  0.000000E+00  0.275101E+03  0.275065E+03  0.475036E+00  0.498127E-01
2004  12  17   1.000  0.306200E+03  0.321744E+03  0.000000E+00  0.000000E+00  0.275647E+03  0.275169E+03  0.551253E+00  0.568987E-01
2004  12  17   2.000  0.312000E+03  0.325441E+03  0.000000E+00  0.000000E+00  0.275574E+03  0.275766E+03  0.852406E+00  0.192586E+00
2004  12  17   3.000  0.323200E+03  0.324064E+03  0.000000E+00  0.000000E+00  0.274426E+03  0.275001E+03  0.490163E+00  0.831840E-01
2004  12  17   4.000  0.319800E+03  0.318567E+03  0.000000E+00  0.000000E+00  0.273526E+03  0.273990E+03  0.389790E+00  0.811224E-01
2004  12  17   5.000  0.318200E+03  0.318655E+03  0.000000E+00  0.000000E+00  0.273708E+03  0.273650E+03  0.854121E+00  0.202007E+00
2004  12  17   6.000  0.311000E+03  0.318924E+03  0.000000E+00  0.000000E+00  0.273769E+03  0.273767E+03  0.109288E+01  0.266327E+00
2004  12  17   7.000  0.291100E+03  0.318661E+03  0.000000E+00  0.000000E+00  0.273053E+03  0.274053E+03  0.136143E+01  0.289503E+00
2004  12  17   8.000  0.290300E+03  0.317492E+03  0.101000E+02  0.431933E+00  0.273520E+03  0.273882E+03  0.111908E+01  0.196791E+00
2004  12  17   9.000  0.298900E+03  0.319492E+03  0.608000E+02  0.259600E+01  0.273792E+03  0.274255E+03  0.718063E+00  0.147354E+00
2004  12  17  10.000  0.296700E+03  0.320036E+03  0.734000E+02  0.312670E+01  0.273822E+03  0.274222E+03  0.770140E+00  0.174460E+00
2004  12  17  11.000  0.289000E+03  0.323456E+03  0.147800E+03  0.627466E+01  0.274019E+03  0.275155E+03  0.877401E+00  0.224941E+00
2004  12  17  12.000  0.297500E+03  0.325628E+03  0.127400E+03  0.540860E+01  0.274028E+03  0.275317E+03  0.892762E+00  0.251379E+00
2004  12  17  13.000  0.289800E+03  0.326047E+03  0.116800E+03  0.495859E+01  0.274209E+03  0.275475E+03  0.766752E+00  0.198036E+00
2004  12  17  14.000  0.295400E+03  0.324899E+03  0.669000E+02  0.284015E+01  0.273991E+03  0.275294E+03  0.891993E+00  0.288834E+00
2004  12  17  15.000  0.305700E+03  0.323305E+03  0.202000E+02  0.857565E+00  0.273829E+03  0.274973E+03  0.124695E+01  0.461652E+00
2004  12  17  16.000  0.310800E+03  0.327924E+03  0.000000E+00  0.000000E+00  0.274429E+03  0.276030E+03  0.130784E+01  0.460060E+00
2004  12  17  17.000  0.316900E+03  0.327794E+03  0.000000E+00  0.000000E+00  0.274445E+03  0.275823E+03  0.879209E+00  0.273436E+00
2004  12  17  18.000  0.315500E+03  0.329364E+03  0.000000E+00  0.000000E+00  0.275079E+03  0.276202E+03  0.896402E+00  0.282045E+00
2004  12  17  19.000  0.323700E+03  0.327639E+03  0.000000E+00  0.000000E+00  0.274847E+03  0.275715E+03  0.106257E+01  0.416807E+00
2004  12  17  20.000  0.318600E+03  0.322798E+03  0.000000E+00  0.000000E+00  0.274078E+03  0.274366E+03  0.189304E+01  0.571723E+00
2004  12  17  21.000  0.313300E+03  0.323239E+03  0.100000E+00  0.428981E-02  0.274198E+03  0.274485E+03  0.216054E+01  0.592299E+00
2004  12  17  22.000  0.313400E+03  0.320527E+03  0.000000E+00  0.000000E+00  0.273944E+03  0.274235E+03  0.290353E+01  0.627877E+00
2004  12  17  23.000  0.311800E+03  0.318713E+03  0.000000E+00  0.000000E+00  0.273679E+03  0.273769E+03  0.200957E+01  0.455717E+00
2004  12  18   0.000  0.306700E+03  0.317870E+03  0.000000E+00  0.000000E+00  0.273621E+03  0.273760E+03  0.272206E+01  0.532223E+00
2004  12  18   1.000  0.303900E+03  0.313011E+03  0.000000E+00  0.000000E+00  0.272372E+03  0.272789E+03  0.500477E+01  0.890289E+00
2004  12  18   2.000  0.295600E+03  0.309090E+03  0.000000E+00  0.000000E+00  0.271373E+03  0.272078E+03  0.328977E+01  0.633559E+00
2004  12  18   3.000  0.296900E+03  0.304984E+03  0.000000E+00  0.000000E+00  0.270602E+03  0.271130E+03  0.442823E+01  0.772213E+00
2004  12  18   4.000  0.288800E+03  0.302940E+03  0.000000E+00  0.000000E+00  0.270083E+03  0.270887E+03  0.295073E+01  0.579175E+00
2004  12  18   5.000  0.290400E+03  0.302053E+03  0.000000E+00  0.000000E+00  0.270110E+03  0.270671E+03  0.318333E+01  0.567977E+00
2004  12  18   6.000  0.290800E+03  0.300501E+03  0.000000E+00  0.000000E+00  0.269650E+03  0.270271E+03  0.350319E+01  0.632629E+00
2004  12  18   7.000  0.289000E+03  0.299751E+03  0.000000E+00  0.000000E+00  0.269607E+03  0.270085E+03  0.375249E+01  0.654821E+00
2004  12  18   8.000  0.290000E+03  0.299364E+03  0.000000E+00  0.000000E+00  0.269503E+03  0.270010E+03  0.341070E+01  0.601305E+00
2004  12  18   9.000  0.293600E+03  0.299515E+03  0.110000E+01  0.470542E-01  0.269608E+03  0.270001E+03  0.352149E+01  0.590536E+00
2004  12  18  10.000  0.294600E+03  0.299748E+03  0.129000E+02  0.551798E+00  0.269672E+03  0.270021E+03  0.353381E+01  0.580604E+00
2004  12  18  11.000  0.295000E+03  0.300275E+03  0.358000E+02  0.153128E+01  0.269796E+03  0.270133E+03  0.270296E+01  0.423795E+00
2004  12  18  12.000  0.295900E+03  0.301015E+03  0.383000E+02  0.163816E+01  0.269959E+03  0.270236E+03  0.341736E+01  0.550079E+00
2004  12  18  13.000  0.293300E+03  0.301027E+03  0.467000E+02  0.200784E+01  0.269941E+03  0.270147E+03  0.316091E+01  0.492634E+00
2004  12  18  14.000  0.290900E+03  0.301537E+03  0.402000E+02  0.173372E+01  0.270066E+03  0.270316E+03  0.242144E+01  0.376115E+00
2004  12  18  15.000  0.289700E+03  0.301416E+03  0.920000E+01  0.396770E+00  0.269689E+03  0.270372E+03  0.100167E+01  0.221205E+00
2004  12  18  16.000  0.282800E+03  0.301015E+03  0.900000E+00  0.388153E-01  0.269394E+03  0.270387E+03  0.112659E+01  0.201008E+00
2004  12  18  17.000  0.263400E+03  0.300069E+03  0.000000E+00  0.000000E+00  0.269042E+03  0.270394E+03  0.150584E+01  0.217496E+00
2004  12  18  18.000  0.241100E+03  0.299341E+03  0.000000E+00  0.000000E+00  0.268129E+03  0.270405E+03  0.191561E+01  0.332659E+00
2004  12  18  19.000  0.208000E+03  0.296113E+03  0.000000E+00  0.000000E+00  0.266869E+03  0.269976E+03  0.224341E+01  0.366029E+00
2004  12  18  20.000  0.206800E+03  0.292830E+03  0.000000E+00  0.000000E+00  0.265985E+03  0.269221E+03  0.222408E+01  0.394827E+00
2004  12  18  21.000  0.248400E+03  0.298026E+03  0.000000E+00  0.000000E+00  0.268381E+03  0.270137E+03  0.193633E+01  0.398867E+00
2004  12  18  22.000  0.261700E+03  0.303871E+03  0.000000E+00  0.000000E+00  0.269806E+03  0.271286E+03  0.216052E+01  0.479758E+00
2004  12  18  23.000  0.272400E+03  0.307828E+03  0.000000E+00  0.000000E+00  0.270713E+03  0.271987E+03  0.205211E+01  0.460925E+00
2004  12  19   0.000  0.277200E+03  0.309733E+03  0.000000E+00  0.000000E+00  0.271054E+03  0.272305E+03  0.196514E+01  0.441746E+00
2004  12  19   1.000  0.286200E+03  0.309149E+03  0.000000E+00  0.000000E+00  0.271851E+03  0.272206E+03  0.121297E+01  0.128599E+00
2004  12  19   2.000  0.300100E+03  0.313620E+03  0.000000E+00  0.000000E+00  0.272708E+03  0.272943E+03  0.135074E+01  0.299829E+00
2004  12  19   3.000  0.304100E+03  0.306258E+03  0.000000E+00  0.000000E+00  0.270583E+03  0.271006E+03  0.108938E+01  0.213153E+00
2004  12  19   4.000  0.314700E+03  0.304222E+03  0.000000E+00  0.000000E+00  0.270888E+03  0.270518E+03  0.301777E+00  0.625086E-01
2004  12  19   5.000  0.316400E+03  0.308924E+03  0.000000E+00  0.000000E+00  0.273112E+03  0.272065E+03  0.176500E+01  0.195246E+00
2004  12  19   6.000  0.318800E+03  0.320680E+03  0.000000E+00  0.000000E+00  0.274135E+03  0.274082E+03  0.187392E+01  0.422814E+00
2004  12  19   7.000  0.322200E+03  0.324056E+03  0.000000E+00  0.000000E+00  0.274326E+03  0.274550E+03  0.240556E+01  0.577596E+00
2004  12  19   8.000  0.324900E+03  0.323577E+03  0.300000E+00  0.128395E-01  0.274282E+03  0.274485E+03  0.193093E+01  0.443767E+00
2004  12  19   9.000  0.328600E+03  0.325770E+03  0.820000E+01  0.350104E+00  0.274633E+03  0.274973E+03  0.171378E+01  0.375255E+00
2004  12  19  10.000  0.329400E+03  0.326029E+03  0.219000E+02  0.929827E+00  0.274674E+03  0.275264E+03  0.148854E+01  0.302841E+00
2004  12  19  11.000  0.328400E+03  0.327491E+03  0.438000E+02  0.187224E+01  0.274958E+03  0.275031E+03  0.177681E+01  0.356903E+00
2004  12  19  12.000  0.324700E+03  0.330825E+03  0.801000E+02  0.340523E+01  0.275380E+03  0.275821E+03  0.200623E+01  0.401377E+00
2004  12  19  13.000  0.330200E+03  0.332645E+03  0.496000E+02  0.210570E+01  0.275098E+03  0.276562E+03  0.198600E+01  0.429953E+00
2004  12  19  14.000  0.328600E+03  0.323306E+03  0.750000E+01  0.319426E+00  0.274779E+03  0.274305E+03  0.150476E+01  0.235064E+00
2004  12  19  15.000  0.321100E+03  0.317078E+03  0.380000E+01  0.165047E+00  0.273614E+03  0.273317E+03  0.787327E+00  0.108835E+00
2004  12  19  16.000  0.316900E+03  0.315342E+03  0.900000E+00  0.398712E-01  0.273018E+03  0.273072E+03  0.706096E+00  0.111583E+00
2004  12  19  17.000  0.314700E+03  0.314159E+03  0.000000E+00  0.000000E+00  0.272715E+03  0.272829E+03  0.698928E+00  0.115358E+00
2004  12  19  18.000  0.315500E+03  0.310628E+03  0.000000E+00  0.000000E+00  0.271804E+03  0.271926E+03  0.916706E+00  0.157679E+00
2004  12  19  19.000  0.317900E+03  0.306622E+03  0.000000E+00  0.000000E+00  0.270875E+03  0.270985E+03  0.130580E+01  0.220449E+00
2004  12  19  20.000  0.314800E+03  0.303234E+03  0.000000E+00  0.000000E+00  0.270118E+03  0.270274E+03  0.164840E+01  0.269296E+00
2004  12  19  21.000  0.312900E+03  0.302213E+03  0.000000E+00  0.000000E+00  0.270167E+03  0.270143E+03  0.104418E+01  0.182761E+00
2004  12  19  22.000  0.313300E+03  0.302013E+03  0.000000E+00  0.000000E+00  0.270125E+03  0.270113E+03  0.113239E+01  0.193699E+00
2004  12  19  23.000  0.313300E+03  0.300986E+03  0.000000E+00  0.000000E+00  0.269812E+03  0.269843E+03  0.129746E+01  0.219945E+00
2004  12  20   0.000  0.308400E+03  0.298853E+03  0.000000E+00  0.000000E+00  0.269252E+03  0.269373E+03  0.131104E+01  0.221248E+00
2004  12  20   1.000  0.308800E+03  0.297563E+03  0.000000E+00  0.000000E+00  0.269222E+03  0.269086E+03  0.784194E+00  0.147021E+00
2004  12  20   2.000  0.309300E+03  0.296663E+03  0.000000E+00  0.000000E+00  0.268988E+03  0.268885E+03  0.867121E+00  0.159455E+00
2004  12  20   3.000  0.307200E+03  0.295389E+03  0.000000E+00  0.000000E+00  0.268717E+03  0.268597E+03  0.784535E+00  0.147261E+00
2004  12  20   4.000  0.307400E+03  0.294414E+03  0.000000E+00  0.000000E+00  0.268905E+03  0.268295E+03  0.259836E+00  0.550711E-01
2004  12  20   5.000  0.309600E+03  0.294821E+03  0.000000E+00  0.000000E+00  0.268969E+03  0.268577E+03  0.195132E+00  0.353203E-01
2004  12  20   6.000  0.308600E+03  0.293242E+03  0.000000E+00  0.000000E+00  0.268585E+03  0.267998E+03  0.389482E+00  0.848306E-01
2004  12  20   7.000  0.307700E+03  0.293350E+03  0.000000E+00  0.000000E+00  0.268587E+03  0.268303E+03  0.195140E+00  0.348432E-01
2004  12  20   8.000  0.308200E+03  0.294238E+03  0.300000E+00  0.140883E-01  0.268731E+03  0.268590E+03  0.661325E-01  0.116193E-01
2004  12  20   9.000  0.308200E+03  0.295031E+03  0.990000E+01  0.464957E+00  0.268599E+03  0.268715E+03  0.662547E-01  0.117977E-01
2004  12  20  10.000  0.301600E+03  0.296637E+03  0.672000E+02  0.315630E+01  0.268830E+03  0.269101E+03  0.130675E+00  0.228346E-01
2004  12  20  11.000  0.297800E+03  0.304465E+03  0.181400E+03  0.852025E+01  0.269552E+03  0.270888E+03  0.663564E-01  0.121188E-01
2004  12  20  12.000  0.215800E+03  0.314378E+03  0.455500E+03  0.213817E+02  0.268653E+03  0.273011E+03  0.652130E-01  0.123996E-01
2004  12  20  13.000  0.235100E+03  0.316242E+03  0.288000E+03  0.134736E+02  0.268429E+03  0.273176E+03  0.793219E-01  0.123973E-01
2004  12  20  14.000  0.211100E+03  0.309749E+03  0.254300E+03  0.118578E+02  0.267873E+03  0.272363E+03  0.158170E+00  0.233457E-01
2004  12  20  15.000  0.264800E+03  0.305588E+03  0.139100E+03  0.647685E+01  0.268049E+03  0.270964E+03  0.194754E+00  0.342074E-01
2004  12  20  16.000  0.271200E+03  0.299852E+03  0.330000E+01  0.153540E+00  0.266595E+03  0.269875E+03  0.790834E-01  0.121462E-01
2004  12  20  17.000  0.270600E+03  0.289418E+03  0.000000E+00  0.000000E+00  0.266174E+03  0.267158E+03  0.477709E+00  0.762848E-01
2004  12  20  18.000  0.242200E+03  0.283360E+03  0.000000E+00  0.000000E+00  0.265042E+03  0.266442E+03  0.557130E+00  0.963154E-01
2004  12  20  19.000  0.228300E+03  0.279453E+03  0.000000E+00  0.000000E+00  0.264470E+03  0.266419E+03  0.875704E+00  0.112520E+00
2004  12  20  20.000  0.214000E+03  0.276454E+03  0.000000E+00  0.000000E+00  0.263963E+03  0.265454E+03  0.875635E+00  0.116860E+00
2004  12  20  21.000  0.206900E+03  0.272741E+03  0.000000E+00  0.000000E+00  0.263824E+03  0.264839E+03  0.317483E+00  0.584645E-01
2004  12  20  22.000  0.201600E+03  0.270442E+03  0.000000E+00  0.000000E+00  0.264073E+03  0.264443E+03  0.477008E+00  0.869870E-01
2004  12  20  23.000  0.198900E+03  0.266991E+03  0.000000E+00  0.000000E+00  0.262850E+03  0.263536E+03  0.237298E+00  0.439394E-01
2004  12  21   0.000  0.206700E+03  0.264881E+03  0.000000E+00  0.000000E+00  0.262481E+03  0.262982E+03  0.237489E+00  0.439477E-01
2004  12  21   1.000  0.194600E+03  0.261053E+03  0.000000E+00  0.000000E+00  0.261861E+03  0.262338E+03  0.156780E+00  0.292329E-01
2004  12  21   2.000  0.194200E+03  0.260538E+03  0.000000E+00  0.000000E+00  0.262214E+03  0.262264E+03  0.556701E+00  0.101616E+00
2004  12  21   3.000  0.194700E+03  0.260237E+03  0.000000E+00  0.000000E+00  0.262653E+03  0.262193E+03  0.476908E+00  0.875303E-01
2004  12  21   4.000  0.196200E+03  0.260745E+03  0.000000E+00  0.000000E+00  0.262892E+03  0.262327E+03  0.556671E+00  0.101654E+00
2004  12  21   5.000  0.196500E+03  0.261647E+03  0.000000E+00  0.000000E+00  0.263012E+03  0.262519E+03  0.636397E+00  0.116286E+00
2004  12  21   6.000  0.195300E+03  0.261327E+03  0.000000E+00  0.000000E+00  0.262944E+03  0.262399E+03  0.476876E+00  0.876758E-01
2004  12  21   7.000  0.196500E+03  0.261865E+03  0.000000E+00  0.000000E+00  0.263273E+03  0.262490E+03  0.556642E+00  0.101739E+00
2004  12  21   8.000  0.199900E+03  0.261539E+03  0.490000E+01  0.228044E+00  0.263507E+03  0.262224E+03  0.317164E+00  0.586611E-01
2004  12  21   9.000  0.198500E+03  0.260537E+03  0.231000E+02  0.107512E+01  0.263700E+03  0.262146E+03  0.156585E+00  0.292052E-01
2004  12  21  10.000  0.199500E+03  0.266297E+03  0.139800E+03  0.650665E+01  0.265050E+03  0.263572E+03  0.157125E+00  0.292331E-01
2004  12  21  11.000  0.205900E+03  0.285100E+03  0.371000E+03  0.172674E+02  0.267267E+03  0.267942E+03  0.238325E+00  0.436965E-01
2004  12  21  12.000  0.231500E+03  0.301447E+03  0.396900E+03  0.184727E+02  0.268368E+03  0.270846E+03  0.129806E+00  0.232422E-01
2004  12  21  13.000  0.251900E+03  0.301677E+03  0.234200E+03  0.108982E+02  0.267948E+03  0.270332E+03  0.398093E+00  0.565294E-01
2004  12  21  14.000  0.278100E+03  0.296685E+03  0.127500E+03  0.593073E+01  0.268228E+03  0.268727E+03  0.506626E+00  0.981269E-01
2004  12  21  15.000  0.223100E+03  0.292914E+03  0.152700E+03  0.709994E+01  0.266662E+03  0.268634E+03  0.397661E+00  0.635295E-01
2004  12  21  16.000  0.253700E+03  0.290620E+03  0.330000E+01  0.153405E+00  0.266323E+03  0.268251E+03  0.158208E+00  0.226839E-01
2004  12  21  17.000  0.209100E+03  0.283707E+03  0.000000E+00  0.000000E+00  0.264860E+03  0.267081E+03  0.636480E+00  0.837178E-01
2004  12  21  18.000  0.207700E+03  0.279657E+03  0.000000E+00  0.000000E+00  0.265157E+03  0.266314E+03  0.716171E+00  0.783279E-01
2004  12  21  19.000  0.273200E+03  0.282997E+03  0.000000E+00  0.000000E+00  0.266632E+03  0.266549E+03  0.318396E+00  0.583864E-01
2004  12  21  20.000  0.282100E+03  0.284311E+03  0.000000E+00  0.000000E+00  0.267046E+03  0.266649E+03  0.159210E+00  0.293844E-01
2004  12  21  21.000  0.257100E+03  0.282844E+03  0.000000E+00  0.000000E+00  0.266508E+03  0.266630E+03  0.636833E+00  0.696942E-01
2004  12  21  22.000  0.232400E+03  0.280071E+03  0.000000E+00  0.000000E+00  0.265574E+03  0.266428E+03  0.955323E+00  0.138344E+00
2004  12  21  23.000  0.213800E+03  0.275877E+03  0.000000E+00  0.000000E+00  0.264433E+03  0.265444E+03  0.636541E+00  0.696750E-01
2004  12  22   0.000  0.205500E+03  0.271459E+03  0.000000E+00  0.000000E+00  0.263556E+03  0.264674E+03  0.477031E+00  0.532599E-01
2004  12  22   1.000  0.202200E+03  0.269869E+03  0.000000E+00  0.000000E+00  0.263714E+03  0.264459E+03  0.119418E+01  0.185492E+00
2004  12  22   2.000  0.211600E+03  0.268529E+03  0.000000E+00  0.000000E+00  0.263242E+03  0.263777E+03  0.477117E+00  0.875238E-01
2004  12  22   3.000  0.275100E+03  0.276671E+03  0.000000E+00  0.000000E+00  0.266591E+03  0.265388E+03  0.187411E+01  0.297470E+00
2004  12  22   4.000  0.263700E+03  0.278819E+03  0.000000E+00  0.000000E+00  0.265365E+03  0.265630E+03  0.154847E+01  0.234980E+00
2004  12  22   5.000  0.239900E+03  0.277527E+03  0.000000E+00  0.000000E+00  0.265277E+03  0.265763E+03  0.119430E+01  0.160749E+00
2004  12  22   6.000  0.190900E+03  0.272404E+03  0.000000E+00  0.000000E+00  0.263435E+03  0.264931E+03  0.175166E+01  0.235924E+00
2004  12  22   7.000  0.192600E+03  0.268430E+03  0.000000E+00  0.000000E+00  0.262521E+03  0.263892E+03  0.716118E+00  0.786722E-01
2004  12  22   8.000  0.189700E+03  0.265194E+03  0.250000E+01  0.116176E+00  0.262649E+03  0.263244E+03  0.795790E+00  0.873882E-01
2004  12  22   9.000  0.188100E+03  0.267042E+03  0.191000E+02  0.887564E+00  0.263656E+03  0.263839E+03  0.207022E+01  0.255590E+00
2004  12  22  10.000  0.190200E+03  0.274892E+03  0.151000E+03  0.701743E+01  0.264976E+03  0.265411E+03  0.875589E+00  0.154563E+00
2004  12  22  11.000  0.202700E+03  0.290790E+03  0.350000E+03  0.162662E+02  0.267201E+03  0.268961E+03  0.158541E+00  0.228974E-01
2004  12  22  12.000  0.209300E+03  0.299917E+03  0.346100E+03  0.160833E+02  0.267741E+03  0.270527E+03  0.238491E+00  0.345775E-01
2004  12  22  13.000  0.209500E+03  0.295124E+03  0.272800E+03  0.126734E+02  0.267549E+03  0.269064E+03  0.103505E+01  0.183491E+00
2004  12  22  14.000  0.207300E+03  0.295948E+03  0.211200E+03  0.980625E+01  0.266695E+03  0.269680E+03  0.317836E+00  0.457892E-01
2004  12  22  15.000  0.219400E+03  0.292636E+03  0.107800E+03  0.500400E+01  0.266961E+03  0.268716E+03  0.127391E+01  0.215222E+00
2004  12  22  16.000  0.221900E+03  0.288772E+03  0.139000E+02  0.645070E+00  0.266381E+03  0.268302E+03  0.955249E+00  0.149426E+00
2004  12  22  17.000  0.238700E+03  0.286420E+03  0.000000E+00  0.000000E+00  0.265925E+03  0.267433E+03  0.556997E+00  0.739859E-01
2004  12  22  18.000  0.271100E+03  0.288100E+03  0.000000E+00  0.000000E+00  0.267306E+03  0.267635E+03  0.636902E+00  0.100645E+00
2004  12  22  19.000  0.277700E+03  0.288814E+03  0.000000E+00  0.000000E+00  0.267550E+03  0.267712E+03  0.557290E+00  0.667061E-01
2004  12  22  20.000  0.276900E+03  0.290533E+03  0.000000E+00  0.000000E+00  0.268322E+03  0.268050E+03  0.796192E+00  0.143359E+00
2004  12  22  21.000  0.285800E+03  0.294076E+03  0.000000E+00  0.000000E+00  0.269267E+03  0.268988E+03  0.119368E+01  0.249595E+00
2004  12  22  22.000  0.281600E+03  0.299627E+03  0.000000E+00  0.000000E+00  0.269320E+03  0.270062E+03  0.171072E+01  0.374399E+00
2004  12  22  23.000  0.280000E+03  0.301860E+03  0.000000E+00  0.000000E+00  0.269448E+03  0.270477E+03  0.180419E+01  0.418419E+00
2004  12  23   0.000  0.290500E+03  0.303146E+03  0.000000E+00  0.000000E+00  0.269981E+03  0.270654E+03  0.127930E+01  0.279315E+00
2004  12  23   1.000  0.299900E+03  0.309717E+03  0.000000E+00  0.000000E+00  0.271874E+03  0.272180E+03  0.173597E+01  0.423624E+00
2004  12  23   2.000  0.304200E+03  0.314898E+03  0.000000E+00  0.000000E+00  0.272775E+03  0.273165E+03  0.168122E+01  0.398618E+00
2004  12  23   3.000  0.305500E+03  0.316273E+03  0.000000E+00  0.000000E+00  0.272845E+03  0.273374E+03  0.143786E+01  0.329522E+00
2004  12  23   4.000  0.301400E+03  0.315220E+03  0.000000E+00  0.000000E+00  0.272601E+03  0.273212E+03  0.121041E+01  0.221959E+00
2004  12  23   5.000  0.306400E+03  0.321120E+03  0.000000E+00  0.000000E+00  0.274407E+03  0.274251E+03  0.162841E+01  0.346849E+00
2004  12  23   6.000  0.310700E+03  0.320378E+03  0.000000E+00  0.000000E+00  0.273973E+03  0.274088E+03  0.181150E+01  0.437061E+00
2004  12  23   7.000  0.311700E+03  0.319517E+03  0.000000E+00  0.000000E+00  0.274312E+03  0.273885E+03  0.140611E+01  0.256840E+00
2004  12  23   8.000  0.316500E+03  0.319073E+03  0.380000E+01  0.173789E+00  0.274731E+03  0.273597E+03  0.118597E+01  0.237844E+00
2004  12  23   9.000  0.317500E+03  0.320546E+03  0.355000E+02  0.161863E+01  0.274624E+03  0.273775E+03  0.120738E+01  0.227504E+00
2004  12  23  10.000  0.281800E+03  0.329729E+03  0.137300E+03  0.623396E+01  0.275512E+03  0.275905E+03  0.229353E+01  0.536493E+00
2004  12  23  11.000  0.310700E+03  0.334405E+03  0.196700E+03  0.879824E+01  0.276002E+03  0.276420E+03  0.200025E+01  0.434229E+00
2004  12  23  12.000  0.281600E+03  0.332954E+03  0.225300E+03  0.986488E+01  0.275774E+03  0.276382E+03  0.227231E+01  0.531602E+00
2004  12  23  13.000  0.294700E+03  0.340853E+03  0.278900E+03  0.120126E+02  0.276729E+03  0.277495E+03  0.202595E+01  0.437308E+00
2004  12  23  14.000  0.309100E+03  0.339194E+03  0.166600E+03  0.716290E+01  0.276000E+03  0.276996E+03  0.176088E+01  0.387406E+00
2004  12  23  15.000  0.321700E+03  0.334014E+03  0.453000E+02  0.194471E+01  0.275333E+03  0.276099E+03  0.193708E+01  0.446970E+00
2004  12  23  16.000  0.323900E+03  0.331757E+03  0.000000E+00  0.000000E+00  0.275405E+03  0.275780E+03  0.173843E+01  0.363380E+00
2004  12  23  17.000  0.324300E+03  0.331651E+03  0.000000E+00  0.000000E+00  0.275456E+03  0.275761E+03  0.178434E+01  0.366154E+00
2004  12  23  18.000  0.324300E+03  0.330433E+03  0.000000E+00  0.000000E+00  0.276157E+03  0.275186E+03  0.137881E+01  0.153054E+00
2004  12  23  19.000  0.324100E+03  0.329689E+03  0.000000E+00  0.000000E+00  0.276265E+03  0.274662E+03  0.132730E+01  0.168502E+00
2004  12  23  20.000  0.320800E+03  0.328851E+03  0.000000E+00  0.000000E+00  0.276053E+03  0.274607E+03  0.133287E+01  0.169727E+00
2004  12  23  21.000  0.295600E+03  0.325599E+03  0.000000E+00  0.000000E+00  0.275560E+03  0.274346E+03  0.150893E+01  0.194903E+00
2004  12  23  22.000  0.279300E+03  0.322054E+03  0.000000E+00  0.000000E+00  0.275384E+03  0.274095E+03  0.111465E+01  0.122810E+00
2004  12  23  23.000  0.291200E+03  0.321196E+03  0.000000E+00  0.000000E+00  0.275455E+03  0.273944E+03  0.111470E+01  0.121394E+00
2004  12  24   0.000  0.269800E+03  0.318403E+03  0.000000E+00  0.000000E+00  0.274841E+03  0.273731E+03  0.119427E+01  0.133296E+00
2004  12  24   1.000  0.270500E+03  0.316370E+03  0.000000E+00  0.000000E+00  0.274543E+03  0.273519E+03  0.143321E+01  0.146115E+00
2004  12  24   2.000  0.282400E+03  0.316106E+03  0.000000E+00  0.000000E+00  0.274825E+03  0.273486E+03  0.796088E+00  0.778676E-01
2004  12  24   3.000  0.300000E+03  0.318454E+03  0.000000E+00  0.000000E+00  0.275058E+03  0.273538E+03  0.125937E+01  0.189266E+00
2004  12  24   4.000  0.306000E+03  0.322218E+03  0.000000E+00  0.000000E+00  0.274575E+03  0.274326E+03  0.147924E+01  0.259264E+00
2004  12  24   5.000  0.286900E+03  0.320131E+03  0.000000E+00  0.000000E+00  0.274052E+03  0.274030E+03  0.156654E+01  0.180557E+00
2004  12  24   6.000  0.280200E+03  0.319105E+03  0.000000E+00  0.000000E+00  0.274332E+03  0.273720E+03  0.164576E+01  0.213567E+00
2004  12  24   7.000  0.297100E+03  0.321281E+03  0.000000E+00  0.000000E+00  0.274374E+03  0.274186E+03  0.147590E+01  0.218846E+00
2004  12  24   8.000  0.259300E+03  0.322544E+03  0.100000E+02  0.426166E+00  0.273390E+03  0.274754E+03  0.219373E+01  0.389051E+00
2004  12  24   9.000  0.276100E+03  0.326639E+03  0.873000E+02  0.371819E+01  0.275003E+03  0.275198E+03  0.158714E+01  0.298842E+00
2004  12  24  10.000  0.287400E+03  0.329897E+03  0.100500E+03  0.427736E+01  0.275513E+03  0.275598E+03  0.140339E+01  0.238968E+00
2004  12  24  11.000  0.270500E+03  0.332955E+03  0.178800E+03  0.760407E+01  0.275637E+03  0.276138E+03  0.172300E+01  0.335381E+00
2004  12  24  12.000  0.271700E+03  0.337851E+03  0.226300E+03  0.961294E+01  0.276183E+03  0.277534E+03  0.174102E+01  0.326170E+00
2004  12  24  13.000  0.284200E+03  0.340316E+03  0.218000E+03  0.925490E+01  0.276852E+03  0.278009E+03  0.149290E+01  0.232364E+00
2004  12  24  14.000  0.279100E+03  0.336938E+03  0.155400E+03  0.659730E+01  0.276564E+03  0.277392E+03  0.135363E+01  0.199540E+00
2004  12  24  15.000  0.274800E+03  0.332800E+03  0.622000E+02  0.264062E+01  0.275451E+03  0.276911E+03  0.172632E+01  0.294081E+00
2004  12  24  16.000  0.274800E+03  0.330291E+03  0.910000E+01  0.386329E+00  0.274941E+03  0.276559E+03  0.195102E+01  0.329535E+00
2004  12  24  17.000  0.271700E+03  0.328338E+03  0.000000E+00  0.000000E+00  0.274955E+03  0.276221E+03  0.186136E+01  0.262793E+00
2004  12  24  18.000  0.269700E+03  0.326673E+03  0.000000E+00  0.000000E+00  0.275411E+03  0.275898E+03  0.183480E+01  0.196550E+00
2004  12  24  19.000  0.273300E+03  0.323703E+03  0.000000E+00  0.000000E+00  0.274806E+03  0.275334E+03  0.796049E+00  0.856803E-01
2004  12  24  20.000  0.267300E+03  0.320569E+03  0.000000E+00  0.000000E+00  0.274738E+03  0.274852E+03  0.716360E+00  0.691056E-01
2004  12  24  21.000  0.270300E+03  0.319286E+03  0.000000E+00  0.000000E+00  0.274844E+03  0.274629E+03  0.796039E+00  0.761713E-01
2004  12  24  22.000  0.265000E+03  0.318453E+03  0.000000E+00  0.000000E+00  0.274908E+03  0.274533E+03  0.875670E+00  0.843774E-01
2004  12  24  23.000  0.253100E+03  0.314720E+03  0.000000E+00  0.000000E+00  0.275000E+03  0.274022E+03  0.716274E+00  0.642044E-01
2004  12  25   0.000  0.252100E+03  0.315440E+03  0.000000E+00  0.000000E+00  0.275983E+03  0.274146E+03  0.103491E+01  0.923232E-01
2004  12  25   1.000  0.244600E+03  0.318438E+03  0.000000E+00  0.000000E+00  0.276633E+03  0.274677E+03  0.795864E+00  0.134054E+00
2004  12  25   2.000  0.246200E+03  0.320569E+03  0.000000E+00  0.000000E+00  0.276685E+03  0.274975E+03  0.795873E+00  0.135226E+00
2004  12  25   3.000  0.246400E+03  0.320251E+03  0.000000E+00  0.000000E+00  0.277238E+03  0.274922E+03  0.103487E+01  0.923464E-01
2004  12  25   4.000  0.243700E+03  0.320631E+03  0.000000E+00  0.000000E+00  0.276575E+03  0.274980E+03  0.716175E+00  0.118849E+00
2004  12  25   5.000  0.236400E+03  0.315592E+03  0.000000E+00  0.000000E+00  0.274739E+03  0.274177E+03  0.795880E+00  0.710578E-01
2004  12  25   6.000  0.235800E+03  0.314360E+03  0.000000E+00  0.000000E+00  0.274841E+03  0.274046E+03  0.143313E+01  0.143841E+00
2004  12  25   7.000  0.235000E+03  0.317141E+03  0.000000E+00  0.000000E+00  0.275279E+03  0.274446E+03  0.175169E+01  0.252884E+00
2004  12  25   8.000  0.230900E+03  0.312963E+03  0.170000E+01  0.721713E-01  0.273958E+03  0.273752E+03  0.875549E+00  0.781247E-01
2004  12  25   9.000  0.229400E+03  0.309867E+03  0.159000E+02  0.675014E+00  0.272835E+03  0.273288E+03  0.477109E+00  0.758122E-01
2004  12  25  10.000  0.231900E+03  0.315365E+03  0.117200E+03  0.497747E+01  0.274060E+03  0.274165E+03  0.477294E+00  0.797950E-01
2004  12  25  11.000  0.239400E+03  0.330280E+03  0.308800E+03  0.131097E+02  0.275906E+03  0.276652E+03  0.716550E+00  0.109550E+00
2004  12  25  12.000  0.243900E+03  0.333564E+03  0.284300E+03  0.120696E+02  0.275988E+03  0.276960E+03  0.111474E+01  0.168777E+00
2004  12  25  13.000  0.254700E+03  0.331348E+03  0.178500E+03  0.757798E+01  0.275461E+03  0.276582E+03  0.136669E+01  0.211167E+00
2004  12  25  14.000  0.271800E+03  0.330458E+03  0.115300E+03  0.489491E+01  0.275412E+03  0.276383E+03  0.557208E+00  0.857755E-01
2004  12  25  15.000  0.280400E+03  0.327601E+03  0.388000E+02  0.164720E+01  0.274669E+03  0.275884E+03  0.238284E+00  0.288114E-01
2004  12  25  16.000  0.290400E+03  0.324734E+03  0.350000E+01  0.148588E+00  0.274849E+03  0.275366E+03  0.557167E+00  0.497112E-01
2004  12  25  17.000  0.293200E+03  0.322151E+03  0.000000E+00  0.000000E+00  0.274606E+03  0.274953E+03  0.397831E+00  0.355200E-01
2004  12  25  18.000  0.311800E+03  0.320318E+03  0.000000E+00  0.000000E+00  0.273745E+03  0.274280E+03  0.706244E+00  0.115863E+00
2004  12  25  19.000  0.324000E+03  0.316773E+03  0.000000E+00  0.000000E+00  0.272845E+03  0.273315E+03  0.856861E+00  0.131221E+00
2004  12  25  20.000  0.319400E+03  0.314348E+03  0.000000E+00  0.000000E+00  0.272420E+03  0.272908E+03  0.194786E+00  0.276662E-01
2004  12  25  21.000  0.319200E+03  0.313876E+03  0.000000E+00  0.000000E+00  0.272210E+03  0.272848E+03  0.653887E-01  0.105128E-01
2004  12  25  22.000  0.317200E+03  0.313261E+03  0.000000E+00  0.000000E+00  0.272071E+03  0.272870E+03  0.654536E-01  0.105571E-01
2004  12  25  23.000  0.315100E+03  0.312320E+03  0.000000E+00  0.000000E+00  0.271807E+03  0.272633E+03  0.654913E-01  0.106362E-01
2004  12  26   0.000  0.314200E+03  0.309970E+03  0.000000E+00  0.000000E+00  0.271540E+03  0.272055E+03  0.259670E+00  0.387550E-01
2004  12  26   1.000  0.313400E+03  0.309254E+03  0.000000E+00  0.000000E+00  0.271543E+03  0.272246E+03  0.194844E+00  0.279591E-01
2004  12  26   2.000  0.312700E+03  0.307975E+03  0.000000E+00  0.000000E+00  0.271489E+03  0.271559E+03  0.259651E+00  0.476105E-01
2004  12  26   3.000  0.312800E+03  0.307005E+03  0.000000E+00  0.000000E+00  0.271345E+03  0.271333E+03  0.259672E+00  0.479542E-01
2004  12  26   4.000  0.312500E+03  0.306107E+03  0.000000E+00  0.000000E+00  0.271179E+03  0.271124E+03  0.259684E+00  0.489595E-01
2004  12  26   5.000  0.316600E+03  0.305815E+03  0.000000E+00  0.000000E+00  0.271282E+03  0.271006E+03  0.259755E+00  0.485769E-01
2004  12  26   6.000  0.308700E+03  0.305007E+03  0.000000E+00  0.000000E+00  0.270876E+03  0.270959E+03  0.331133E+00  0.619958E-01
2004  12  26   7.000  0.308400E+03  0.304537E+03  0.000000E+00  0.000000E+00  0.270755E+03  0.270889E+03  0.487720E+00  0.849705E-01
2004  12  26   8.000  0.305800E+03  0.304217E+03  0.200000E+00  0.862850E-02  0.270572E+03  0.270895E+03  0.927090E+00  0.138989E+00
2004  12  26   9.000  0.310100E+03  0.304737E+03  0.141000E+02  0.608529E+00  0.270828E+03  0.270921E+03  0.794909E+00  0.130608E+00
2004  12  26  10.000  0.313300E+03  0.306466E+03  0.385000E+02  0.166218E+01  0.271361E+03  0.271215E+03  0.615289E+00  0.110630E+00
2004  12  26  11.000  0.314100E+03  0.306535E+03  0.396000E+02  0.171028E+01  0.271264E+03  0.271141E+03  0.693332E+00  0.122157E+00
2004  12  26  12.000  0.311300E+03  0.306343E+03  0.393000E+02  0.169788E+01  0.271099E+03  0.271139E+03  0.786832E+00  0.133510E+00
2004  12  26  13.000  0.313400E+03  0.306356E+03  0.355000E+02  0.153425E+01  0.271083E+03  0.271137E+03  0.947938E+00  0.155562E+00
2004  12  26  14.000  0.312200E+03  0.305699E+03  0.230000E+02  0.995045E+00  0.270871E+03  0.271009E+03  0.963038E+00  0.155020E+00
2004  12  26  15.000  0.310200E+03  0.305310E+03  0.144000E+02  0.623209E+00  0.270885E+03  0.270967E+03  0.720880E+00  0.120910E+00
2004  12  26  16.000  0.310400E+03  0.304668E+03  0.400000E+00  0.173237E-01  0.270776E+03  0.270828E+03  0.563668E+00  0.974379E-01
2004  12  26  17.000  0.311400E+03  0.304574E+03  0.000000E+00  0.000000E+00  0.270876E+03  0.270817E+03  0.475671E+00  0.860658E-01
2004  12  26  18.000  0.315200E+03  0.304787E+03  0.000000E+00  0.000000E+00  0.270977E+03  0.270827E+03  0.544705E+00  0.977863E-01
2004  12  26  19.000  0.316700E+03  0.305203E+03  0.000000E+00  0.000000E+00  0.271242E+03  0.270823E+03  0.194981E+00  0.339745E-01
2004  12  26  20.000  0.316900E+03  0.304377E+03  0.000000E+00  0.000000E+00  0.270962E+03  0.270612E+03  0.389427E+00  0.774872E-01
2004  12  26  21.000  0.317200E+03  0.303848E+03  0.000000E+00  0.000000E+00  0.270876E+03  0.270513E+03  0.455737E+00  0.877397E-01
2004  12  26  22.000  0.316700E+03  0.304006E+03  0.000000E+00  0.000000E+00  0.270976E+03  0.270586E+03  0.389431E+00  0.768734E-01
2004  12  26  23.000  0.316600E+03  0.303558E+03  0.000000E+00  0.000000E+00  0.270889E+03  0.270402E+03  0.259793E+00  0.508333E-01
2004  12  27   0.000  0.312500E+03  0.303425E+03  0.000000E+00  0.000000E+00  0.270738E+03  0.270452E+03  0.194934E+00  0.333548E-01
2004  12  27   1.000  0.302900E+03  0.303134E+03  0.000000E+00  0.000000E+00  0.270352E+03  0.270811E+03  0.652110E-01  0.101528E-01
2004  12  27   2.000  0.306300E+03  0.303669E+03  0.000000E+00  0.000000E+00  0.270604E+03  0.270897E+03  0.653843E-01  0.101435E-01
2004  12  27   3.000  0.310500E+03  0.303954E+03  0.000000E+00  0.000000E+00  0.270815E+03  0.270649E+03  0.396098E+00  0.757550E-01
2004  12  27   4.000  0.306700E+03  0.303401E+03  0.000000E+00  0.000000E+00  0.270420E+03  0.270574E+03  0.749658E+00  0.120947E+00
2004  12  27   5.000  0.310100E+03  0.302941E+03  0.000000E+00  0.000000E+00  0.270602E+03  0.270382E+03  0.390268E+00  0.756279E-01
2004  12  27   6.000  0.314900E+03  0.303106E+03  0.000000E+00  0.000000E+00  0.270732E+03  0.270397E+03  0.458100E+00  0.883678E-01
2004  12  27   7.000  0.315400E+03  0.302800E+03  0.000000E+00  0.000000E+00  0.270501E+03  0.270319E+03  0.620273E+00  0.111551E+00
2004  12  27   8.000  0.316100E+03  0.303119E+03  0.700000E+00  0.305669E-01  0.270824E+03  0.270392E+03  0.389442E+00  0.775009E-01
2004  12  27   9.000  0.316400E+03  0.303478E+03  0.163000E+02  0.711791E+00  0.270756E+03  0.270441E+03  0.609285E+00  0.113093E+00
2004  12  27  10.000  0.315000E+03  0.304275E+03  0.249000E+02  0.108734E+01  0.271014E+03  0.270633E+03  0.529363E+00  0.102146E+00
2004  12  27  11.000  0.310500E+03  0.304164E+03  0.228000E+02  0.995640E+00  0.270909E+03  0.270606E+03  0.389415E+00  0.777482E-01
2004  12  27  12.000  0.306100E+03  0.303466E+03  0.192000E+02  0.838432E+00  0.270425E+03  0.270528E+03  0.729287E+00  0.124091E+00
2004  12  27  13.000  0.300900E+03  0.302896E+03  0.138000E+02  0.602617E+00  0.270266E+03  0.270501E+03  0.929445E+00  0.145176E+00
2004  12  27  14.000  0.299500E+03  0.302408E+03  0.134000E+02  0.585153E+00  0.270179E+03  0.270405E+03  0.842713E+00  0.133890E+00
2004  12  27  15.000  0.301300E+03  0.301916E+03  0.280000E+01  0.122271E+00  0.270105E+03  0.270289E+03  0.672749E+00  0.110387E+00
2004  12  27  16.000  0.301000E+03  0.301683E+03  0.000000E+00  0.000000E+00  0.270071E+03  0.270275E+03  0.764238E+00  0.120227E+00
2004  12  27  17.000  0.300900E+03  0.301320E+03  0.000000E+00  0.000000E+00  0.269985E+03  0.270185E+03  0.759287E+00  0.120794E+00
2004  12  27  18.000  0.302500E+03  0.301686E+03  0.000000E+00  0.000000E+00  0.270287E+03  0.270209E+03  0.129959E+00  0.250534E-01
2004  12  27  19.000  0.304200E+03  0.301846E+03  0.000000E+00  0.000000E+00  0.270298E+03  0.270252E+03  0.329158E+00  0.638280E-01
2004  12  27  20.000  0.302400E+03  0.302060E+03  0.000000E+00  0.000000E+00  0.270348E+03  0.270301E+03  0.129932E+00  0.256930E-01
2004  12  27  21.000  0.299300E+03  0.301380E+03  0.000000E+00  0.000000E+00  0.270048E+03  0.270137E+03  0.194705E+00  0.378660E-01
2004  12  27  22.000  0.300600E+03  0.301254E+03  0.000000E+00  0.000000E+00  0.270045E+03  0.270164E+03  0.424373E+00  0.752660E-01
2004  12  27  23.000  0.301000E+03  0.301231E+03  0.000000E+00  0.000000E+00  0.270085E+03  0.270156E+03  0.340547E+00  0.634646E-01
2004  12  28   0.000  0.304300E+03  0.301747E+03  0.000000E+00  0.000000E+00  0.270299E+03  0.270303E+03  0.130035E+00  0.211370E-01
2004  12  28   1.000  0.299200E+03  0.301622E+03  0.000000E+00  0.000000E+00  0.270069E+03  0.270533E+03  0.651075E-01  0.100483E-01
2004  12  28   2.000  0.306600E+03  0.302484E+03  0.000000E+00  0.000000E+00  0.270427E+03  0.270634E+03  0.655154E-01  0.102933E-01
2004  12  28   3.000  0.305700E+03  0.300887E+03  0.000000E+00  0.000000E+00  0.269997E+03  0.269903E+03  0.397292E+00  0.770021E-01
2004  12  28   4.000  0.305800E+03  0.301348E+03  0.000000E+00  0.000000E+00  0.270220E+03  0.270351E+03  0.130115E+00  0.202630E-01
2004  12  28   5.000  0.303200E+03  0.300756E+03  0.000000E+00  0.000000E+00  0.269965E+03  0.269979E+03  0.408817E+00  0.761219E-01
2004  12  28   6.000  0.300500E+03  0.299475E+03  0.000000E+00  0.000000E+00  0.269470E+03  0.269728E+03  0.117337E+01  0.179804E+00
2004  12  28   7.000  0.295900E+03  0.299213E+03  0.000000E+00  0.000000E+00  0.269600E+03  0.269767E+03  0.275486E+00  0.516817E-01
2004  12  28   8.000  0.290500E+03  0.299056E+03  0.130000E+01  0.567722E-01  0.269464E+03  0.269893E+03  0.503853E+00  0.876786E-01
2004  12  28   9.000  0.286300E+03  0.299703E+03  0.264000E+02  0.115292E+01  0.269601E+03  0.269983E+03  0.700692E+00  0.165071E+00
2004  12  28  10.000  0.258100E+03  0.298961E+03  0.568000E+02  0.248049E+01  0.269198E+03  0.270077E+03  0.111474E+01  0.165238E+00
2004  12  28  11.000  0.245400E+03  0.299595E+03  0.110600E+03  0.482992E+01  0.269323E+03  0.270267E+03  0.119438E+01  0.182729E+00
2004  12  28  12.000  0.277400E+03  0.303737E+03  0.805000E+02  0.351528E+01  0.270487E+03  0.270860E+03  0.318468E+00  0.519303E-01
2004  12  28  13.000  0.283200E+03  0.304273E+03  0.658000E+02  0.287330E+01  0.270487E+03  0.270913E+03  0.839780E+00  0.205154E+00
2004  12  28  14.000  0.281300E+03  0.305805E+03  0.753000E+02  0.328793E+01  0.270878E+03  0.271275E+03  0.557376E+00  0.889446E-01
2004  12  28  15.000  0.287300E+03  0.305687E+03  0.394000E+02  0.172032E+01  0.270733E+03  0.271143E+03  0.318443E+00  0.516172E-01
2004  12  28  16.000  0.302400E+03  0.305831E+03  0.280000E+01  0.122251E+00  0.270651E+03  0.271282E+03  0.650842E-01  0.106071E-01
2004  12  28  17.000  0.316800E+03  0.305933E+03  0.000000E+00  0.000000E+00  0.270969E+03  0.271138E+03  0.130336E+00  0.202043E-01
2004  12  28  18.000  0.316500E+03  0.304425E+03  0.000000E+00  0.000000E+00  0.270619E+03  0.270613E+03  0.795961E+00  0.136904E+00
2004  12  28  19.000  0.305200E+03  0.302904E+03  0.000000E+00  0.000000E+00  0.270233E+03  0.270439E+03  0.190928E+01  0.302297E+00
2004  12  28  20.000  0.300300E+03  0.300555E+03  0.000000E+00  0.000000E+00  0.269733E+03  0.269894E+03  0.341947E+01  0.550957E+00
2004  12  28  21.000  0.301000E+03  0.299303E+03  0.000000E+00  0.000000E+00  0.269488E+03  0.269672E+03  0.260687E+01  0.403921E+00
2004  12  28  22.000  0.300300E+03  0.299049E+03  0.000000E+00  0.000000E+00  0.269477E+03  0.269663E+03  0.211364E+01  0.323306E+00
2004  12  28  23.000  0.295100E+03  0.297952E+03  0.000000E+00  0.000000E+00  0.269201E+03  0.269403E+03  0.300977E+01  0.493188E+00
2004  12  29   0.000  0.294000E+03  0.298070E+03  0.000000E+00  0.000000E+00  0.269330E+03  0.269484E+03  0.320746E+01  0.514573E+00
2004  12  29   1.000  0.295800E+03  0.298214E+03  0.000000E+00  0.000000E+00  0.269341E+03  0.269506E+03  0.267737E+01  0.423919E+00
2004  12  29   2.000  0.308500E+03  0.299072E+03  0.000000E+00  0.000000E+00  0.269452E+03  0.269595E+03  0.204339E+01  0.301878E+00
2004  12  29   3.000  0.311000E+03  0.298359E+03  0.000000E+00  0.000000E+00  0.269152E+03  0.269359E+03  0.188437E+01  0.282854E+00
2004  12  29   4.000  0.308400E+03  0.296688E+03  0.000000E+00  0.000000E+00  0.268745E+03  0.268981E+03  0.217869E+01  0.328643E+00
2004  12  29   5.000  0.310500E+03  0.296402E+03  0.000000E+00  0.000000E+00  0.269292E+03  0.268909E+03  0.525006E+00  0.102021E+00
2004  12  29   6.000  0.311700E+03  0.296002E+03  0.000000E+00  0.000000E+00  0.269303E+03  0.268698E+03  0.259869E+00  0.511702E-01
2004  12  29   7.000  0.310000E+03  0.295381E+03  0.000000E+00  0.000000E+00  0.269102E+03  0.268598E+03  0.324650E+00  0.650517E-01
2004  12  29   8.000  0.303500E+03  0.293753E+03  0.100000E+00  0.436266E-02  0.268264E+03  0.268359E+03  0.790223E+00  0.137626E+00
2004  12  29   9.000  0.305400E+03  0.295143E+03  0.364000E+02  0.158789E+01  0.268795E+03  0.268697E+03  0.100543E+01  0.172474E+00
2004  12  29  10.000  0.314400E+03  0.299340E+03  0.868000E+02  0.378622E+01  0.269722E+03  0.269538E+03  0.139326E+01  0.232055E+00
2004  12  29  11.000  0.313000E+03  0.301467E+03  0.130100E+03  0.567439E+01  0.269757E+03  0.269915E+03  0.198967E+01  0.314143E+00
2004  12  29  12.000  0.316200E+03  0.304698E+03  0.153200E+03  0.668070E+01  0.270751E+03  0.270363E+03  0.454363E+00  0.909431E-01
2004  12  29  13.000  0.316000E+03  0.309981E+03  0.154200E+03  0.672308E+01  0.270890E+03  0.271822E+03  0.259863E+00  0.397146E-01
2004  12  29  14.000  0.314600E+03  0.309178E+03  0.125000E+03  0.544907E+01  0.270890E+03  0.271292E+03  0.389506E+00  0.635360E-01
2004  12  29  15.000  0.312700E+03  0.309846E+03  0.654000E+02  0.285031E+01  0.270819E+03  0.271788E+03  0.130428E+00  0.211734E-01
2004  12  29  16.000  0.300400E+03  0.304540E+03  0.730000E+01  0.318117E+00  0.269654E+03  0.270779E+03  0.194850E+00  0.302053E-01
2004  12  29  17.000  0.289300E+03  0.297171E+03  0.000000E+00  0.000000E+00  0.268619E+03  0.269036E+03  0.626532E+00  0.105576E+00
2004  12  29  18.000  0.288100E+03  0.296136E+03  0.000000E+00  0.000000E+00  0.268820E+03  0.269161E+03  0.781383E+00  0.122987E+00
2004  12  29  19.000  0.280500E+03  0.294200E+03  0.000000E+00  0.000000E+00  0.268276E+03  0.268757E+03  0.519178E+00  0.876615E-01
2004  12  29  20.000  0.260700E+03  0.291491E+03  0.000000E+00  0.000000E+00  0.267712E+03  0.268919E+03  0.477599E+00  0.723617E-01
2004  12  29  21.000  0.240500E+03  0.287815E+03  0.000000E+00  0.000000E+00  0.267082E+03  0.268591E+03  0.796111E+00  0.111106E+00
2004  12  29  22.000  0.275200E+03  0.289326E+03  0.000000E+00  0.000000E+00  0.268091E+03  0.268213E+03  0.159070E+00  0.282092E-01
2004  12  29  23.000  0.298500E+03  0.292038E+03  0.000000E+00  0.000000E+00  0.268911E+03  0.268648E+03  0.656981E-01  0.141826E-01
2004  12  30   0.000  0.290800E+03  0.292770E+03  0.000000E+00  0.000000E+00  0.268145E+03  0.268466E+03  0.110203E+01  0.160693E+00
2004  12  30   1.000  0.283900E+03  0.292015E+03  0.000000E+00  0.000000E+00  0.267932E+03  0.268303E+03  0.122056E+01  0.189193E+00
2004  12  30   2.000  0.279800E+03  0.290209E+03  0.000000E+00  0.000000E+00  0.267425E+03  0.267818E+03  0.458860E+00  0.770066E-01
2004  12  30   3.000  0.278400E+03  0.290201E+03  0.000000E+00  0.000000E+00  0.267508E+03  0.268036E+03  0.610468E+00  0.139049E+00
2004  12  30   4.000  0.277900E+03  0.289912E+03  0.000000E+00  0.000000E+00  0.267383E+03  0.267931E+03  0.708469E+00  0.164481E+00
2004  12  30   5.000  0.276300E+03  0.288326E+03  0.000000E+00  0.000000E+00  0.266939E+03  0.267456E+03  0.384328E+00  0.882355E-01
2004  12  30   6.000  0.275000E+03  0.287814E+03  0.000000E+00  0.000000E+00  0.266848E+03  0.267486E+03  0.604722E+00  0.132196E+00
2004  12  30   7.000  0.275400E+03  0.287427E+03  0.000000E+00  0.000000E+00  0.266775E+03  0.267390E+03  0.669603E+00  0.154896E+00
2004  12  30   8.000  0.275600E+03  0.287425E+03  0.410000E+01  0.178528E+00  0.266815E+03  0.267401E+03  0.607061E+00  0.143599E+00
2004  12  30   9.000  0.279300E+03  0.290656E+03  0.301000E+02  0.131060E+01  0.267854E+03  0.268238E+03  0.101591E+01  0.137250E+00
2004  12  30  10.000  0.286700E+03  0.299578E+03  0.127100E+03  0.553402E+01  0.270024E+03  0.270018E+03  0.134473E+01  0.216394E+00
2004  12  30  11.000  0.300100E+03  0.314661E+03  0.392900E+03  0.171063E+02  0.271099E+03  0.272480E+03  0.389484E+00  0.615509E-01
2004  12  30  12.000  0.241600E+03  0.316592E+03  0.356700E+03  0.155194E+02  0.271377E+03  0.273049E+03  0.324613E+00  0.498653E-01
2004  12  30  13.000  0.229800E+03  0.315281E+03  0.301700E+03  0.130958E+02  0.271487E+03  0.273121E+03  0.295161E+00  0.633456E-01
2004  12  30  14.000  0.232400E+03  0.312584E+03  0.227300E+03  0.984660E+01  0.270702E+03  0.272770E+03  0.398041E+00  0.503699E-01
2004  12  30  15.000  0.231400E+03  0.306777E+03  0.899000E+02  0.389238E+01  0.270309E+03  0.271778E+03  0.716428E+00  0.116239E+00
2004  12  30  16.000  0.230500E+03  0.300712E+03  0.139000E+02  0.601748E+00  0.268926E+03  0.270693E+03  0.397581E+00  0.636696E-01
2004  12  30  17.000  0.226300E+03  0.295064E+03  0.000000E+00  0.000000E+00  0.268364E+03  0.270074E+03  0.875673E+00  0.102533E+00
2004  12  30  18.000  0.226200E+03  0.292217E+03  0.000000E+00  0.000000E+00  0.269137E+03  0.269365E+03  0.795978E+00  0.776667E-01
2004  12  30  19.000  0.223400E+03  0.291431E+03  0.000000E+00  0.000000E+00  0.269409E+03  0.269595E+03  0.119423E+01  0.172508E+00
2004  12  30  20.000  0.218800E+03  0.291147E+03  0.000000E+00  0.000000E+00  0.269546E+03  0.269576E+03  0.127385E+01  0.183304E+00
2004  12  30  21.000  0.219400E+03  0.292136E+03  0.000000E+00  0.000000E+00  0.269733E+03  0.269415E+03  0.111455E+01  0.114994E+00
2004  12  30  22.000  0.219500E+03  0.293246E+03  0.000000E+00  0.000000E+00  0.269965E+03  0.269638E+03  0.111454E+01  0.115653E+00
2004  12  30  23.000  0.220300E+03  0.290550E+03  0.000000E+00  0.000000E+00  0.269658E+03  0.269206E+03  0.795893E+00  0.778074E-01
2004  12  31   0.000  0.251300E+03  0.294445E+03  0.000000E+00  0.000000E+00  0.270568E+03  0.269654E+03  0.103499E+01  0.103321E+00
2004  12  31   1.000  0.236300E+03  0.292596E+03  0.000000E+00  0.000000E+00  0.270347E+03  0.269486E+03  0.795946E+00  0.778027E-01
2004  12  31   2.000  0.225600E+03  0.290775E+03  0.000000E+00  0.000000E+00  0.270000E+03  0.269173E+03  0.795901E+00  0.776844E-01
2004  12  31   3.000  0.224400E+03  0.290319E+03  0.000000E+00  0.000000E+00  0.270110E+03  0.269055E+03  0.955228E+00  0.932289E-01
2004  12  31   4.000  0.222300E+03  0.290886E+03  0.000000E+00  0.000000E+00  0.269904E+03  0.269179E+03  0.636500E+00  0.110794E+00
2004  12  31   5.000  0.217700E+03  0.290715E+03  0.000000E+00  0.000000E+00  0.269685E+03  0.269169E+03  0.636473E+00  0.110957E+00
2004  12  31   6.000  0.215200E+03  0.289595E+03  0.000000E+00  0.000000E+00  0.269309E+03  0.268979E+03  0.556743E+00  0.959688E-01
2004  12  31   7.000  0.212400E+03  0.288829E+03  0.000000E+00  0.000000E+00  0.269001E+03  0.268831E+03  0.636453E+00  0.111222E+00
2004  12  31   8.000  0.213300E+03  0.288631E+03  0.280000E+01  0.121361E+00  0.268730E+03  0.269002E+03  0.135347E+01  0.161587E+00
2004  12  31   9.000  0.214500E+03  0.291377E+03  0.176000E+02  0.762912E+00  0.269348E+03  0.269496E+03  0.159241E+01  0.239596E+00
2004  12  31  10.000  0.219600E+03  0.300311E+03  0.105200E+03  0.456079E+01  0.271716E+03  0.271161E+03  0.111457E+01  0.169803E+00
2004  12  31  11.000  0.228400E+03  0.319751E+03  0.328400E+03  0.142393E+02  0.274396E+03  0.273899E+03  0.636881E+00  0.921618E-01
2004  12  31  12.000  0.232400E+03  0.324905E+03  0.359100E+03  0.155041E+02  0.274599E+03  0.275150E+03  0.122022E+01  0.246816E+00
2004  12  31  13.000  0.239000E+03  0.325026E+03  0.339000E+03  0.144644E+02  0.274563E+03  0.275058E+03  0.557322E+00  0.908371E-01
2004  12  31  14.000  0.253500E+03  0.325434E+03  0.229800E+03  0.980041E+01  0.274236E+03  0.274921E+03  0.796196E+00  0.131401E+00
2004  12  31  15.000  0.265200E+03  0.321793E+03  0.100300E+03  0.427564E+01  0.273485E+03  0.274394E+03  0.103506E+01  0.164404E+00
2004  12  31  16.000  0.304600E+03  0.320428E+03  0.105000E+02  0.447477E+00  0.273422E+03  0.273985E+03  0.129544E+01  0.265441E+00
2004  12  31  17.000  0.300600E+03  0.318135E+03  0.000000E+00  0.000000E+00  0.272867E+03  0.273668E+03  0.141722E+01  0.267333E+00
2004  12  31  18.000  0.303500E+03  0.319065E+03  0.000000E+00  0.000000E+00  0.273352E+03  0.273831E+03  0.148634E+01  0.288398E+00
2004  12  31  19.000  0.277500E+03  0.317257E+03  0.000000E+00  0.000000E+00  0.272445E+03  0.273729E+03  0.179884E+01  0.308357E+00
2004  12  31  20.000  0.299900E+03  0.318045E+03  0.000000E+00  0.000000E+00  0.273166E+03  0.273681E+03  0.165881E+01  0.351578E+00
2004  12  31  21.000  0.311300E+03  0.319060E+03  0.000000E+00  0.000000E+00  0.273533E+03  0.273763E+03  0.160909E+01  0.351773E+00
2004  12  31  22.000  0.318300E+03  0.317467E+03  0.000000E+00  0.000000E+00  0.273310E+03  0.273396E+03  0.186912E+01  0.351401E+00
2004  12  31  23.000  0.323500E+03  0.320528E+03  0.000000E+00  0.000000E+00  0.273858E+03  0.273930E+03  0.160456E+01  0.346523E+00
2005   1   1   0.000  0.326700E+03  0.321526E+03  0.000000E+00  0.000000E+00  0.273957E+03  0.274039E+03  0.118358E+01  0.234270E+00
2005   1   1   1.000  0.322700E+03  0.320697E+03  0.000000E+00  0.000000E+00  0.273874E+03  0.273920E+03  0.771802E+00  0.133967E+00
2005   1   1   2.000  0.326400E+03  0.321766E+03  0.000000E+00  0.000000E+00  0.274259E+03  0.274004E+03  0.996928E+00  0.134467E+00
2005   1   1   3.000  0.326300E+03  0.322709E+03  0.000000E+00  0.000000E+00  0.274637E+03  0.273846E+03  0.109806E+01  0.148720E+00
2005   1   1   4.000  0.325900E+03  0.322859E+03  0.000000E+00  0.000000E+00  0.274598E+03  0.273860E+03  0.986203E+00  0.120189E+00
2005   1   1   5.000  0.324800E+03  0.323695E+03  0.000000E+00  0.000000E+00  0.274351E+03  0.274392E+03  0.128506E+01  0.235852E+00
2005   1   1   6.000  0.325500E+03  0.323377E+03  0.000000E+00  0.000000E+00  0.274289E+03  0.274318E+03  0.107769E+01  0.185203E+00
2005   1   1   7.000  0.321500E+03  0.323012E+03  0.000000E+00  0.000000E+00  0.274238E+03  0.274294E+03  0.118724E+01  0.216002E+00
2005   1   1   8.000  0.321100E+03  0.322641E+03  0.120000E+01  0.510078E-01  0.274414E+03  0.274167E+03  0.953178E+00  0.120852E+00
2005   1   1   9.000  0.316000E+03  0.324184E+03  0.465000E+02  0.197626E+01  0.274325E+03  0.274500E+03  0.116121E+01  0.218713E+00
2005   1   1  10.000  0.309400E+03  0.327181E+03  0.118100E+03  0.501767E+01  0.274519E+03  0.274956E+03  0.143081E+01  0.291186E+00
2005   1   1  11.000  0.311500E+03  0.330602E+03  0.155700E+03  0.661143E+01  0.274878E+03  0.275801E+03  0.132005E+01  0.252404E+00
2005   1   1  12.000  0.279900E+03  0.329642E+03  0.157600E+03  0.669070E+01  0.274927E+03  0.275936E+03  0.136518E+01  0.261657E+00
2005   1   1  13.000  0.264900E+03  0.329272E+03  0.160000E+03  0.679259E+01  0.274930E+03  0.276050E+03  0.168677E+01  0.342838E+00
2005   1   1  14.000  0.307200E+03  0.332153E+03  0.123500E+03  0.524303E+01  0.275175E+03  0.276282E+03  0.147428E+01  0.281071E+00
2005   1   1  15.000  0.271600E+03  0.328099E+03  0.100500E+03  0.426660E+01  0.274704E+03  0.275840E+03  0.152659E+01  0.288555E+00
2005   1   1  16.000  0.280300E+03  0.324517E+03  0.134000E+02  0.568879E+00  0.273838E+03  0.275234E+03  0.190474E+01  0.359569E+00
2005   1   1  17.000  0.305000E+03  0.326151E+03  0.000000E+00  0.000000E+00  0.274700E+03  0.275449E+03  0.183105E+01  0.363524E+00
2005   1   1  18.000  0.293400E+03  0.324656E+03  0.000000E+00  0.000000E+00  0.274236E+03  0.275210E+03  0.161112E+01  0.273866E+00
2005   1   1  19.000  0.268500E+03  0.322189E+03  0.000000E+00  0.000000E+00  0.273230E+03  0.274999E+03  0.219877E+01  0.417014E+00
2005   1   1  20.000  0.288400E+03  0.325332E+03  0.000000E+00  0.000000E+00  0.274533E+03  0.275522E+03  0.212349E+01  0.424766E+00
2005   1   1  21.000  0.295000E+03  0.328902E+03  0.000000E+00  0.000000E+00  0.275179E+03  0.276173E+03  0.202499E+01  0.388500E+00
2005   1   1  22.000  0.273500E+03  0.327984E+03  0.000000E+00  0.000000E+00  0.274384E+03  0.276150E+03  0.229572E+01  0.436126E+00
2005   1   1  23.000  0.293400E+03  0.330837E+03  0.000000E+00  0.000000E+00  0.275410E+03  0.276573E+03  0.201576E+01  0.378699E+00
2005   1   2   0.000  0.305600E+03  0.332613E+03  0.000000E+00  0.000000E+00  0.275474E+03  0.276860E+03  0.255179E+01  0.526441E+00
2005   1   2   1.000  0.324000E+03  0.336713E+03  0.000000E+00  0.000000E+00  0.276085E+03  0.277497E+03  0.213085E+01  0.404145E+00
2005   1   2   2.000  0.332500E+03  0.333723E+03  0.000000E+00  0.000000E+00  0.275468E+03  0.276665E+03  0.162571E+01  0.303977E+00
2005   1   2   3.000  0.330000E+03  0.333755E+03  0.000000E+00  0.000000E+00  0.275530E+03  0.276861E+03  0.195608E+01  0.379652E+00
2005   1   2   4.000  0.329000E+03  0.337922E+03  0.000000E+00  0.000000E+00  0.276160E+03  0.277783E+03  0.230391E+01  0.448578E+00
2005   1   2   5.000  0.330300E+03  0.337121E+03  0.000000E+00  0.000000E+00  0.276002E+03  0.277477E+03  0.200025E+01  0.380229E+00
2005   1   2   6.000  0.332300E+03  0.334132E+03  0.000000E+00  0.000000E+00  0.275541E+03  0.276828E+03  0.163386E+01  0.303859E+00
2005   1   2   7.000  0.331100E+03  0.333543E+03  0.000000E+00  0.000000E+00  0.275910E+03  0.276796E+03  0.141683E+01  0.220301E+00
2005   1   2   8.000  0.330800E+03  0.334121E+03  0.130000E+01  0.551898E-01  0.275870E+03  0.276941E+03  0.155646E+01  0.259127E+00
2005   1   2   9.000  0.331300E+03  0.332452E+03  0.179000E+02  0.759921E+00  0.275171E+03  0.276534E+03  0.179575E+01  0.357606E+00
2005   1   2  10.000  0.318900E+03  0.331147E+03  0.853000E+02  0.362425E+01  0.275293E+03  0.276322E+03  0.253812E+01  0.530629E+00
2005   1   2  11.000  0.320200E+03  0.333630E+03  0.663000E+02  0.281468E+01  0.275340E+03  0.276989E+03  0.219279E+01  0.451404E+00
2005   1   2  12.000  0.320100E+03  0.333347E+03  0.433000E+02  0.183824E+01  0.275445E+03  0.276791E+03  0.166261E+01  0.315564E+00
2005   1   2  13.000  0.321200E+03  0.329528E+03  0.690000E+01  0.292930E+00  0.274848E+03  0.276035E+03  0.151327E+01  0.296343E+00
2005   1   2  14.000  0.317400E+03  0.322056E+03  0.151000E+02  0.641051E+00  0.273622E+03  0.274476E+03  0.185943E+01  0.417005E+00
2005   1   2  15.000  0.313600E+03  0.317141E+03  0.680000E+01  0.292787E+00  0.273444E+03  0.273429E+03  0.224424E+01  0.417778E+00
2005   1   2  16.000  0.313100E+03  0.316656E+03  0.900000E+00  0.390819E-01  0.273381E+03  0.273356E+03  0.209743E+01  0.388850E+00
2005   1   2  17.000  0.312400E+03  0.314931E+03  0.000000E+00  0.000000E+00  0.272934E+03  0.273051E+03  0.297102E+01  0.511354E+00
2005   1   2  18.000  0.315600E+03  0.314376E+03  0.000000E+00  0.000000E+00  0.272842E+03  0.272925E+03  0.226620E+01  0.358365E+00
2005   1   2  19.000  0.317200E+03  0.311907E+03  0.000000E+00  0.000000E+00  0.272161E+03  0.272275E+03  0.229726E+01  0.367800E+00
2005   1   2  20.000  0.313700E+03  0.310102E+03  0.000000E+00  0.000000E+00  0.271845E+03  0.271929E+03  0.302574E+01  0.498166E+00
2005   1   2  21.000  0.309000E+03  0.307667E+03  0.000000E+00  0.000000E+00  0.271286E+03  0.271388E+03  0.437552E+01  0.746035E+00
2005   1   2  22.000  0.309600E+03  0.307512E+03  0.000000E+00  0.000000E+00  0.271378E+03  0.271479E+03  0.197582E+01  0.310057E+00
2005   1   2  23.000  0.309400E+03  0.306861E+03  0.000000E+00  0.000000E+00  0.271157E+03  0.271301E+03  0.146675E+01  0.230552E+00
2005   1   3   0.000  0.308500E+03  0.306606E+03  0.000000E+00  0.000000E+00  0.271159E+03  0.271258E+03  0.202006E+01  0.322054E+00
2005   1   3   1.000  0.308700E+03  0.305590E+03  0.000000E+00  0.000000E+00  0.270872E+03  0.270999E+03  0.196869E+01  0.313100E+00
2005   1   3   2.000  0.311100E+03  0.304817E+03  0.000000E+00  0.000000E+00  0.270706E+03  0.270793E+03  0.235174E+01  0.372568E+00
2005   1   3   3.000  0.311100E+03  0.305633E+03  0.000000E+00  0.000000E+00  0.271000E+03  0.271034E+03  0.241374E+01  0.382127E+00
2005   1   3   4.000  0.311700E+03  0.305864E+03  0.000000E+00  0.000000E+00  0.270993E+03  0.271059E+03  0.192397E+01  0.301649E+00
2005   1   3   5.000  0.312800E+03  0.305643E+03  0.000000E+00  0.000000E+00  0.270903E+03  0.270975E+03  0.200311E+01  0.315692E+00
2005   1   3   6.000  0.311900E+03  0.307140E+03  0.000000E+00  0.000000E+00  0.271388E+03  0.271385E+03  0.212522E+01  0.334008E+00
2005   1   3   7.000  0.312100E+03  0.307826E+03  0.000000E+00  0.000000E+00  0.271474E+03  0.271500E+03  0.197116E+01  0.313231E+00
2005   1   3   8.000  0.314200E+03  0.309419E+03  0.190000E+01  0.871172E-01  0.271889E+03  0.271874E+03  0.184935E+01  0.285980E+00
2005   1   3   9.000  0.315800E+03  0.310470E+03  0.428000E+02  0.196211E+01  0.271942E+03  0.272026E+03  0.196441E+01  0.308229E+00
2005   1   3  10.000  0.314100E+03  0.311620E+03  0.108100E+03  0.495436E+01  0.272062E+03  0.272258E+03  0.232971E+01  0.372074E+00
2005   1   3  11.000  0.292500E+03  0.314513E+03  0.293700E+03  0.134553E+02  0.272494E+03  0.272877E+03  0.171511E+01  0.283646E+00
2005   1   3  12.000  0.297300E+03  0.314227E+03  0.270500E+03  0.123693E+02  0.272258E+03  0.272663E+03  0.114694E+01  0.199036E+00
2005   1   3  13.000  0.286500E+03  0.313023E+03  0.131600E+03  0.600809E+01  0.272362E+03  0.272770E+03  0.127644E+01  0.266324E+00
2005   1   3  14.000  0.268700E+03  0.312662E+03  0.150300E+03  0.685734E+01  0.271872E+03  0.272886E+03  0.147202E+01  0.346202E+00
2005   1   3  15.000  0.260500E+03  0.311979E+03  0.119500E+03  0.544818E+01  0.271518E+03  0.272842E+03  0.141012E+01  0.273535E+00
2005   1   3  16.000  0.265800E+03  0.309598E+03  0.308000E+02  0.140372E+01  0.270798E+03  0.272256E+03  0.161376E+01  0.314068E+00
2005   1   3  17.000  0.274700E+03  0.308145E+03  0.000000E+00  0.000000E+00  0.270644E+03  0.271908E+03  0.174724E+01  0.380634E+00
2005   1   3  18.000  0.278300E+03  0.308368E+03  0.000000E+00  0.000000E+00  0.270959E+03  0.272002E+03  0.146506E+01  0.271258E+00
2005   1   3  19.000  0.265400E+03  0.307429E+03  0.000000E+00  0.000000E+00  0.270691E+03  0.271903E+03  0.162858E+01  0.264706E+00
2005   1   3  20.000  0.271800E+03  0.307659E+03  0.000000E+00  0.000000E+00  0.270685E+03  0.271892E+03  0.160038E+01  0.309654E+00
2005   1   3  21.000  0.265900E+03  0.306634E+03  0.000000E+00  0.000000E+00  0.270669E+03  0.271724E+03  0.156451E+01  0.239567E+00
2005   1   3  22.000  0.226100E+03  0.305320E+03  0.000000E+00  0.000000E+00  0.270096E+03  0.271848E+03  0.215552E+01  0.319645E+00
2005   1   3  23.000  0.227000E+03  0.302426E+03  0.000000E+00  0.000000E+00  0.270728E+03  0.271271E+03  0.143315E+01  0.221435E+00
2005   1   4   0.000  0.223100E+03  0.299271E+03  0.000000E+00  0.000000E+00  0.270436E+03  0.270719E+03  0.111455E+01  0.159063E+00
2005   1   4   1.000  0.222100E+03  0.297878E+03  0.000000E+00  0.000000E+00  0.270222E+03  0.270445E+03  0.167206E+01  0.246816E+00
2005   1   4   2.000  0.221700E+03  0.295972E+03  0.000000E+00  0.000000E+00  0.270197E+03  0.270054E+03  0.135348E+01  0.153335E+00
2005   1   4   3.000  0.222500E+03  0.295977E+03  0.000000E+00  0.000000E+00  0.270087E+03  0.270063E+03  0.183133E+01  0.226517E+00
2005   1   4   4.000  0.222000E+03  0.294789E+03  0.000000E+00  0.000000E+00  0.269704E+03  0.269827E+03  0.143312E+01  0.169275E+00
2005   1   4   5.000  0.219800E+03  0.294813E+03  0.000000E+00  0.000000E+00  0.269569E+03  0.269814E+03  0.151276E+01  0.237879E+00
2005   1   4   6.000  0.218300E+03  0.293114E+03  0.000000E+00  0.000000E+00  0.269283E+03  0.269558E+03  0.119417E+01  0.179739E+00
2005   1   4   7.000  0.219500E+03  0.293454E+03  0.000000E+00  0.000000E+00  0.270161E+03  0.269642E+03  0.119415E+01  0.183496E+00
2005   1   4   8.000  0.219100E+03  0.292154E+03  0.260000E+01  0.118845E+00  0.269764E+03  0.269217E+03  0.955176E+00  0.993432E-01
2005   1   4   9.000  0.221500E+03  0.293388E+03  0.191000E+02  0.873232E+00  0.269778E+03  0.269457E+03  0.716164E+00  0.129843E+00
2005   1   4  10.000  0.225200E+03  0.300198E+03  0.102300E+03  0.467816E+01  0.272523E+03  0.271022E+03  0.556779E+00  0.998007E-01
2005   1   4  11.000  0.232300E+03  0.317060E+03  0.329300E+03  0.150628E+02  0.274979E+03  0.273928E+03  0.477389E+00  0.861266E-01
2005   1   4  12.000  0.237100E+03  0.328401E+03  0.356000E+03  0.162380E+02  0.276567E+03  0.275467E+03  0.317935E+00  0.569881E-01
2005   1   4  13.000  0.239700E+03  0.334603E+03  0.342600E+03  0.155077E+02  0.278141E+03  0.275772E+03  0.192689E+01  0.292472E+00
2005   1   4  14.000  0.238000E+03  0.332088E+03  0.274300E+03  0.122534E+02  0.277908E+03  0.275525E+03  0.191675E+01  0.282982E+00
2005   1   4  15.000  0.241400E+03  0.323289E+03  0.147300E+03  0.648651E+01  0.277352E+03  0.274887E+03  0.103491E+01  0.110057E+00
2005   1   4  16.000  0.238500E+03  0.314795E+03  0.110000E+01  0.479531E-01  0.276095E+03  0.273718E+03  0.119414E+01  0.127321E+00
2005   1   4  17.000  0.233000E+03  0.314215E+03  0.000000E+00  0.000000E+00  0.275481E+03  0.273506E+03  0.143309E+01  0.221936E+00
2005   1   4  18.000  0.232700E+03  0.310417E+03  0.000000E+00  0.000000E+00  0.275103E+03  0.272887E+03  0.955145E+00  0.101811E+00
2005   1   4  19.000  0.232100E+03  0.313150E+03  0.000000E+00  0.000000E+00  0.275284E+03  0.273395E+03  0.151273E+01  0.230666E+00
2005   1   4  20.000  0.229200E+03  0.314429E+03  0.000000E+00  0.000000E+00  0.275534E+03  0.273552E+03  0.151272E+01  0.231173E+00
2005   1   4  21.000  0.231500E+03  0.315878E+03  0.000000E+00  0.000000E+00  0.275539E+03  0.273981E+03  0.127377E+01  0.145183E+00
2005   1   4  22.000  0.232700E+03  0.313454E+03  0.000000E+00  0.000000E+00  0.275682E+03  0.273498E+03  0.103479E+01  0.109814E+00
2005   1   4  23.000  0.233000E+03  0.315142E+03  0.000000E+00  0.000000E+00  0.275444E+03  0.273774E+03  0.795760E+00  0.144982E+00
2005   1   5   0.000  0.233900E+03  0.315953E+03  0.000000E+00  0.000000E+00  0.275282E+03  0.273883E+03  0.795766E+00  0.145084E+00
2005   1   5   1.000  0.232600E+03  0.315885E+03  0.000000E+00  0.000000E+00  0.275611E+03  0.273726E+03  0.127377E+01  0.160911E+00
2005   1   5   2.000  0.228800E+03  0.319158E+03  0.000000E+00  0.000000E+00  0.275923E+03  0.274087E+03  0.207020E+01  0.323903E+00
2005   1   5   3.000  0.227700E+03  0.313294E+03  0.000000E+00  0.000000E+00  0.274069E+03  0.273432E+03  0.795762E+00  0.836252E-01
2005   1   5   4.000  0.245400E+03  0.311149E+03  0.000000E+00  0.000000E+00  0.274363E+03  0.272938E+03  0.795848E+00  0.836177E-01
2005   1   5   5.000  0.238400E+03  0.308801E+03  0.000000E+00  0.000000E+00  0.273346E+03  0.272549E+03  0.397145E+00  0.639448E-01
2005   1   5   6.000  0.233200E+03  0.308670E+03  0.000000E+00  0.000000E+00  0.273301E+03  0.272578E+03  0.716116E+00  0.129939E+00
2005   1   5   7.000  0.227800E+03  0.309466E+03  0.000000E+00  0.000000E+00  0.273197E+03  0.272819E+03  0.111447E+01  0.126575E+00
2005   1   5   8.000  0.225000E+03  0.309393E+03  0.440000E+01  0.189356E+00  0.272889E+03  0.272734E+03  0.167202E+01  0.260349E+00
2005   1   5   9.000  0.225800E+03  0.309058E+03  0.261000E+02  0.112387E+01  0.273130E+03  0.272714E+03  0.556658E+00  0.100081E+00
2005   1   5  10.000  0.224900E+03  0.312173E+03  0.880000E+02  0.379055E+01  0.272891E+03  0.273280E+03  0.636481E+00  0.115739E+00
2005   1   5  11.000  0.229500E+03  0.324830E+03  0.321900E+03  0.138551E+02  0.274130E+03  0.275284E+03  0.557111E+00  0.967596E-01
2005   1   5  12.000  0.235200E+03  0.331591E+03  0.353200E+03  0.151361E+02  0.275262E+03  0.276247E+03  0.716482E+00  0.122978E+00
2005   1   5  13.000  0.238100E+03  0.337570E+03  0.336500E+03  0.144069E+02  0.276530E+03  0.277295E+03  0.875755E+00  0.149854E+00
2005   1   5  14.000  0.241300E+03  0.339556E+03  0.262800E+03  0.112379E+02  0.276763E+03  0.277733E+03  0.716386E+00  0.121849E+00
2005   1   5  15.000  0.237800E+03  0.331821E+03  0.148900E+03  0.635970E+01  0.274753E+03  0.276376E+03  0.636629E+00  0.106964E+00
2005   1   5  16.000  0.236400E+03  0.324094E+03  0.300000E+01  0.128031E+00  0.274866E+03  0.274366E+03  0.167204E+01  0.223171E+00
2005   1   5  17.000  0.273700E+03  0.326210E+03  0.000000E+00  0.000000E+00  0.276198E+03  0.274465E+03  0.193069E+01  0.277125E+00
2005   1   5  18.000  0.298100E+03  0.331451E+03  0.000000E+00  0.000000E+00  0.277966E+03  0.274768E+03  0.177745E+01  0.286137E+00
2005   1   5  19.000  0.301700E+03  0.333712E+03  0.000000E+00  0.000000E+00  0.277530E+03  0.275292E+03  0.198187E+01  0.265361E+00
2005   1   5  20.000  0.275500E+03  0.331868E+03  0.000000E+00  0.000000E+00  0.277378E+03  0.274966E+03  0.200755E+01  0.265433E+00
2005   1   5  21.000  0.311400E+03  0.329100E+03  0.000000E+00  0.000000E+00  0.275658E+03  0.275310E+03  0.111475E+01  0.146463E+00
2005   1   5  22.000  0.316700E+03  0.329000E+03  0.000000E+00  0.000000E+00  0.276646E+03  0.274550E+03  0.135363E+01  0.144461E+00
2005   1   5  23.000  0.290500E+03  0.329187E+03  0.000000E+00  0.000000E+00  0.276531E+03  0.274684E+03  0.183517E+01  0.249268E+00
2005   1   6   0.000  0.288600E+03  0.331399E+03  0.000000E+00  0.000000E+00  0.276267E+03  0.275724E+03  0.188776E+01  0.264423E+00
2005   1   6   1.000  0.311100E+03  0.333044E+03  0.000000E+00  0.000000E+00  0.277318E+03  0.275105E+03  0.164197E+01  0.228419E+00
2005   1   6   2.000  0.326700E+03  0.335692E+03  0.000000E+00  0.000000E+00  0.276118E+03  0.277182E+03  0.181177E+01  0.313249E+00
2005   1   6   3.000  0.326300E+03  0.334507E+03  0.000000E+00  0.000000E+00  0.275734E+03  0.276824E+03  0.181280E+01  0.335566E+00
2005   1   6   4.000  0.330800E+03  0.332239E+03  0.000000E+00  0.000000E+00  0.275153E+03  0.276406E+03  0.217648E+01  0.448735E+00
2005   1   6   5.000  0.329000E+03  0.328104E+03  0.000000E+00  0.000000E+00  0.274985E+03  0.275202E+03  0.264864E+01  0.580832E+00
2005   1   6   6.000  0.326800E+03  0.328754E+03  0.000000E+00  0.000000E+00  0.275357E+03  0.275301E+03  0.210852E+01  0.407947E+00
2005   1   6   7.000  0.331100E+03  0.328938E+03  0.000000E+00  0.000000E+00  0.275302E+03  0.275376E+03  0.164686E+01  0.278262E+00
2005   1   6   8.000  0.332700E+03  0.324783E+03  0.000000E+00  0.000000E+00  0.275478E+03  0.274440E+03  0.151087E+01  0.223148E+00
2005   1   6   9.000  0.331700E+03  0.328173E+03  0.200000E+01  0.849326E-01  0.275284E+03  0.275706E+03  0.168498E+01  0.278287E+00
2005   1   6  10.000  0.332600E+03  0.328367E+03  0.127000E+02  0.539297E+00  0.275156E+03  0.275600E+03  0.139511E+01  0.219063E+00
2005   1   6  11.000  0.333800E+03  0.324031E+03  0.382000E+02  0.162454E+01  0.275127E+03  0.274198E+03  0.142960E+01  0.175729E+00
2005   1   6  12.000  0.334900E+03  0.325716E+03  0.631000E+02  0.269011E+01  0.275441E+03  0.274055E+03  0.132221E+01  0.195699E+00
2005   1   6  13.000  0.336100E+03  0.329125E+03  0.783000E+02  0.332919E+01  0.275380E+03  0.275098E+03  0.124399E+01  0.172375E+00
2005   1   6  14.000  0.334900E+03  0.329331E+03  0.370000E+02  0.157155E+01  0.275354E+03  0.275668E+03  0.120630E+01  0.172519E+00
2005   1   6  15.000  0.326900E+03  0.325633E+03  0.123000E+02  0.522365E+00  0.275637E+03  0.274701E+03  0.121278E+01  0.135974E+00
2005   1   6  16.000  0.321300E+03  0.328975E+03  0.510000E+01  0.216514E+00  0.275434E+03  0.275907E+03  0.146774E+01  0.218764E+00
2005   1   6  17.000  0.321600E+03  0.329424E+03  0.000000E+00  0.000000E+00  0.275661E+03  0.275884E+03  0.128213E+01  0.159137E+00
2005   1   6  18.000  0.312800E+03  0.329327E+03  0.000000E+00  0.000000E+00  0.275146E+03  0.276067E+03  0.166974E+01  0.309756E+00
2005   1   6  19.000  0.281700E+03  0.325841E+03  0.000000E+00  0.000000E+00  0.275678E+03  0.275343E+03  0.159249E+01  0.186693E+00
2005   1   6  20.000  0.244400E+03  0.317930E+03  0.000000E+00  0.000000E+00  0.273553E+03  0.274464E+03  0.795916E+00  0.877324E-01
2005   1   6  21.000  0.239800E+03  0.313529E+03  0.000000E+00  0.000000E+00  0.273627E+03  0.273812E+03  0.127386E+01  0.114052E+00
2005   1   6  22.000  0.236900E+03  0.310861E+03  0.000000E+00  0.000000E+00  0.273132E+03  0.273577E+03  0.111455E+01  0.151197E+00
2005   1   6  23.000  0.235800E+03  0.308518E+03  0.000000E+00  0.000000E+00  0.273129E+03  0.273090E+03  0.135350E+01  0.127664E+00
2005   1   7   0.000  0.236200E+03  0.308348E+03  0.000000E+00  0.000000E+00  0.273120E+03  0.272969E+03  0.716217E+00  0.119931E+00
2005   1   7   1.000  0.235900E+03  0.309836E+03  0.000000E+00  0.000000E+00  0.272963E+03  0.273108E+03  0.111456E+01  0.190187E+00
2005   1   7   2.000  0.233700E+03  0.308082E+03  0.000000E+00  0.000000E+00  0.272944E+03  0.272932E+03  0.167207E+01  0.160625E+00
2005   1   7   3.000  0.232800E+03  0.307243E+03  0.000000E+00  0.000000E+00  0.272458E+03  0.272649E+03  0.955238E+00  0.923123E-01
2005   1   7   4.000  0.232600E+03  0.306773E+03  0.000000E+00  0.000000E+00  0.272542E+03  0.272746E+03  0.111455E+01  0.161041E+00
2005   1   7   5.000  0.232800E+03  0.310363E+03  0.000000E+00  0.000000E+00  0.273943E+03  0.273250E+03  0.175170E+01  0.250971E+00
2005   1   7   6.000  0.230800E+03  0.311067E+03  0.000000E+00  0.000000E+00  0.273863E+03  0.273304E+03  0.111452E+01  0.106402E+00
2005   1   7   7.000  0.234400E+03  0.309040E+03  0.000000E+00  0.000000E+00  0.274638E+03  0.272943E+03  0.875531E+00  0.784073E-01
2005   1   7   8.000  0.234400E+03  0.308420E+03  0.310000E+01  0.131975E+00  0.274307E+03  0.272820E+03  0.397204E+00  0.632636E-01
2005   1   7   9.000  0.237900E+03  0.309760E+03  0.276000E+02  0.117521E+01  0.274263E+03  0.273035E+03  0.477091E+00  0.752633E-01
2005   1   7  10.000  0.245400E+03  0.319998E+03  0.122700E+03  0.522533E+01  0.276645E+03  0.274651E+03  0.556918E+00  0.867757E-01
2005   1   7  11.000  0.253900E+03  0.338373E+03  0.305400E+03  0.129654E+02  0.279936E+03  0.277596E+03  0.238050E+00  0.414336E-01
2005   1   7  12.000  0.256400E+03  0.355238E+03  0.353500E+03  0.150074E+02  0.279278E+03  0.280044E+03  0.317945E+00  0.360147E-01
2005   1   7  13.000  0.259700E+03  0.370300E+03  0.338800E+03  0.143833E+02  0.280744E+03  0.282642E+03  0.770758E-01  0.106466E-01
2005   1   7  14.000  0.264400E+03  0.376371E+03  0.279100E+03  0.118488E+02  0.282152E+03  0.283277E+03  0.157642E+00  0.200142E-01
2005   1   7  15.000  0.270500E+03  0.368786E+03  0.170500E+03  0.723835E+01  0.281088E+03  0.282372E+03  0.397558E+00  0.467345E-01
2005   1   7  16.000  0.260800E+03  0.353708E+03  0.163000E+02  0.691995E+00  0.279135E+03  0.280981E+03  0.716191E+00  0.105206E+00
2005   1   7  17.000  0.259300E+03  0.345140E+03  0.000000E+00  0.000000E+00  0.278901E+03  0.279098E+03  0.716184E+00  0.124365E+00
2005   1   7  18.000  0.251300E+03  0.336860E+03  0.000000E+00  0.000000E+00  0.278026E+03  0.277858E+03  0.716169E+00  0.639160E-01
2005   1   7  19.000  0.247400E+03  0.334328E+03  0.000000E+00  0.000000E+00  0.278378E+03  0.277648E+03  0.103485E+01  0.979209E-01
2005   1   7  20.000  0.247400E+03  0.334265E+03  0.000000E+00  0.000000E+00  0.279192E+03  0.277350E+03  0.143310E+01  0.165840E+00
2005   1   7  21.000  0.246600E+03  0.333422E+03  0.000000E+00  0.000000E+00  0.278800E+03  0.277399E+03  0.716108E+00  0.119738E+00
2005   1   7  22.000  0.242800E+03  0.329057E+03  0.000000E+00  0.000000E+00  0.278506E+03  0.276712E+03  0.875469E+00  0.783589E-01
2005   1   7  23.000  0.243400E+03  0.331357E+03  0.000000E+00  0.000000E+00  0.278937E+03  0.277122E+03  0.795766E+00  0.133860E+00
2005   1   8   0.000  0.242600E+03  0.329819E+03  0.000000E+00  0.000000E+00  0.278860E+03  0.276870E+03  0.103479E+01  0.923432E-01
2005   1   8   1.000  0.242400E+03  0.330172E+03  0.000000E+00  0.000000E+00  0.279398E+03  0.276951E+03  0.111444E+01  0.994358E-01
2005   1   8   2.000  0.242200E+03  0.329837E+03  0.000000E+00  0.000000E+00  0.278911E+03  0.276841E+03  0.556571E+00  0.877101E-01
2005   1   8   3.000  0.241900E+03  0.334156E+03  0.000000E+00  0.000000E+00  0.279337E+03  0.277582E+03  0.955100E+00  0.164616E+00
2005   1   8   4.000  0.240200E+03  0.329839E+03  0.000000E+00  0.000000E+00  0.278872E+03  0.276785E+03  0.875418E+00  0.784387E-01
2005   1   8   5.000  0.244100E+03  0.333552E+03  0.000000E+00  0.000000E+00  0.280092E+03  0.277543E+03  0.127375E+01  0.113666E+00
2005   1   8   6.000  0.239600E+03  0.330364E+03  0.000000E+00  0.000000E+00  0.278586E+03  0.276936E+03  0.396907E+00  0.646603E-01
2005   1   8   7.000  0.237900E+03  0.330620E+03  0.000000E+00  0.000000E+00  0.278140E+03  0.276980E+03  0.795730E+00  0.135344E+00
2005   1   8   8.000  0.240800E+03  0.331688E+03  0.280000E+01  0.118870E+00  0.278861E+03  0.276892E+03  0.127376E+01  0.175464E+00
2005   1   8   9.000  0.244300E+03  0.336880E+03  0.171000E+02  0.725958E+00  0.280293E+03  0.277590E+03  0.151271E+01  0.204761E+00
2005   1   8  10.000  0.251300E+03  0.351668E+03  0.992000E+02  0.421141E+01  0.283929E+03  0.280013E+03  0.214985E+01  0.209262E+00
2005   1   8  11.000  0.256600E+03  0.374841E+03  0.337000E+03  0.143069E+02  0.284380E+03  0.284717E+03  0.183130E+01  0.190481E+00
2005   1   8  12.000  0.257600E+03  0.374364E+03  0.366800E+03  0.155720E+02  0.282323E+03  0.284447E+03  0.795956E+00  0.121896E+00
2005   1   8  13.000  0.259000E+03  0.375447E+03  0.344400E+03  0.146211E+02  0.282569E+03  0.284756E+03  0.636601E+00  0.966636E-01
2005   1   8  14.000  0.256700E+03  0.377451E+03  0.273200E+03  0.115983E+02  0.282156E+03  0.284110E+03  0.237790E+00  0.284524E-01
2005   1   8  15.000  0.253800E+03  0.365233E+03  0.158400E+03  0.672466E+01  0.281496E+03  0.283265E+03  0.127388E+01  0.189499E+00
2005   1   8  16.000  0.249300E+03  0.354287E+03  0.720000E+01  0.305667E+00  0.279990E+03  0.281440E+03  0.159238E+01  0.183694E+00
2005   1   8  17.000  0.255200E+03  0.345181E+03  0.000000E+00  0.000000E+00  0.279074E+03  0.279650E+03  0.151277E+01  0.136216E+00
2005   1   8  18.000  0.261300E+03  0.340472E+03  0.000000E+00  0.000000E+00  0.278662E+03  0.278923E+03  0.151279E+01  0.161669E+00
2005   1   8  19.000  0.251300E+03  0.336414E+03  0.000000E+00  0.000000E+00  0.278098E+03  0.278386E+03  0.175169E+01  0.200771E+00
2005   1   8  20.000  0.246900E+03  0.333931E+03  0.000000E+00  0.000000E+00  0.277784E+03  0.278025E+03  0.207024E+01  0.234831E+00
2005   1   8  21.000  0.251400E+03  0.335148E+03  0.000000E+00  0.000000E+00  0.278613E+03  0.278137E+03  0.214988E+01  0.272708E+00
2005   1   8  22.000  0.292900E+03  0.336897E+03  0.000000E+00  0.000000E+00  0.278842E+03  0.278109E+03  0.151285E+01  0.149277E+00
2005   1   8  23.000  0.313100E+03  0.338406E+03  0.000000E+00  0.000000E+00  0.278785E+03  0.278151E+03  0.955379E+00  0.130575E+00
2005   1   9   0.000  0.312500E+03  0.337866E+03  0.000000E+00  0.000000E+00  0.278292E+03  0.278038E+03  0.716451E+00  0.111019E+00
2005   1   9   1.000  0.283600E+03  0.332112E+03  0.000000E+00  0.000000E+00  0.276696E+03  0.277323E+03  0.477338E+00  0.426859E-01
2005   1   9   2.000  0.295100E+03  0.330631E+03  0.000000E+00  0.000000E+00  0.276563E+03  0.277119E+03  0.875760E+00  0.122178E+00
2005   1   9   3.000  0.287200E+03  0.328075E+03  0.000000E+00  0.000000E+00  0.276319E+03  0.276600E+03  0.636755E+00  0.568401E-01
2005   1   9   4.000  0.307000E+03  0.328557E+03  0.000000E+00  0.000000E+00  0.276688E+03  0.276580E+03  0.318118E+00  0.484416E-01
2005   1   9   5.000  0.312000E+03  0.330514E+03  0.000000E+00  0.000000E+00  0.276976E+03  0.276883E+03  0.135362E+01  0.174724E+00
2005   1   9   6.000  0.314500E+03  0.332268E+03  0.000000E+00  0.000000E+00  0.277634E+03  0.277061E+03  0.103506E+01  0.115366E+00
2005   1   9   7.000  0.313200E+03  0.332889E+03  0.000000E+00  0.000000E+00  0.277222E+03  0.277104E+03  0.103507E+01  0.149413E+00
2005   1   9   8.000  0.314600E+03  0.332731E+03  0.400000E+01  0.169815E+00  0.277140E+03  0.277061E+03  0.636848E+00  0.865720E-01
2005   1   9   9.000  0.299500E+03  0.336918E+03  0.564000E+02  0.239439E+01  0.277973E+03  0.277751E+03  0.164294E+01  0.179855E+00
2005   1   9  10.000  0.285100E+03  0.342886E+03  0.110100E+03  0.467415E+01  0.278208E+03  0.279164E+03  0.172975E+01  0.229279E+00
2005   1   9  11.000  0.310100E+03  0.348057E+03  0.113200E+03  0.480576E+01  0.278785E+03  0.279828E+03  0.135358E+01  0.190324E+00
2005   1   9  12.000  0.324000E+03  0.349337E+03  0.845000E+02  0.358734E+01  0.278785E+03  0.279920E+03  0.127394E+01  0.183361E+00
2005   1   9  13.000  0.326500E+03  0.350646E+03  0.129600E+03  0.550200E+01  0.278703E+03  0.280026E+03  0.875736E+00  0.133270E+00
2005   1   9  14.000  0.292800E+03  0.348902E+03  0.213800E+03  0.907660E+01  0.278374E+03  0.279866E+03  0.167213E+01  0.244281E+00
2005   1   9  15.000  0.274400E+03  0.347236E+03  0.126100E+03  0.535341E+01  0.278063E+03  0.279602E+03  0.318022E+00  0.374528E-01
2005   1   9  16.000  0.262400E+03  0.338389E+03  0.205000E+02  0.870301E+00  0.276838E+03  0.278457E+03  0.103496E+01  0.145284E+00
2005   1   9  17.000  0.256300E+03  0.330469E+03  0.000000E+00  0.000000E+00  0.275826E+03  0.277256E+03  0.795984E+00  0.749701E-01
2005   1   9  18.000  0.249900E+03  0.325303E+03  0.000000E+00  0.000000E+00  0.275640E+03  0.276586E+03  0.111459E+01  0.113935E+00
2005   1   9  19.000  0.249400E+03  0.322041E+03  0.000000E+00  0.000000E+00  0.275499E+03  0.276185E+03  0.955291E+00  0.134536E+00
2005   1   9  20.000  0.253500E+03  0.320673E+03  0.000000E+00  0.000000E+00  0.275563E+03  0.275857E+03  0.119425E+01  0.128500E+00
2005   1   9  21.000  0.250400E+03  0.319866E+03  0.000000E+00  0.000000E+00  0.275427E+03  0.275432E+03  0.955295E+00  0.910041E-01
2005   1   9  22.000  0.248800E+03  0.317170E+03  0.000000E+00  0.000000E+00  0.275526E+03  0.275062E+03  0.795966E+00  0.710996E-01
2005   1   9  23.000  0.261100E+03  0.320101E+03  0.000000E+00  0.000000E+00  0.275923E+03  0.275344E+03  0.103497E+01  0.100592E+00
2005   1  10   0.000  0.259300E+03  0.324316E+03  0.000000E+00  0.000000E+00  0.276601E+03  0.276017E+03  0.119425E+01  0.196956E+00
2005   1  10   1.000  0.254800E+03  0.321380E+03  0.000000E+00  0.000000E+00  0.276263E+03  0.275569E+03  0.397435E+00  0.661620E-01
2005   1  10   2.000  0.252300E+03  0.320660E+03  0.000000E+00  0.000000E+00  0.276137E+03  0.275451E+03  0.636606E+00  0.106125E+00
2005   1  10   3.000  0.276300E+03  0.322100E+03  0.000000E+00  0.000000E+00  0.276623E+03  0.275523E+03  0.477287E+00  0.736880E-01
2005   1  10   4.000  0.279200E+03  0.323312E+03  0.000000E+00  0.000000E+00  0.276737E+03  0.275662E+03  0.556991E+00  0.895761E-01
2005   1  10   5.000  0.256600E+03  0.321227E+03  0.000000E+00  0.000000E+00  0.276092E+03  0.275449E+03  0.556879E+00  0.892524E-01
2005   1  10   6.000  0.238600E+03  0.317904E+03  0.000000E+00  0.000000E+00  0.275256E+03  0.275021E+03  0.556794E+00  0.887339E-01
2005   1  10   7.000  0.241500E+03  0.319419E+03  0.000000E+00  0.000000E+00  0.275716E+03  0.275205E+03  0.111453E+01  0.106741E+00
2005   1  10   8.000  0.239700E+03  0.316334E+03  0.520000E+01  0.220759E+00  0.275624E+03  0.274731E+03  0.795861E+00  0.713010E-01
2005   1  10   9.000  0.237400E+03  0.316515E+03  0.203000E+02  0.861810E+00  0.275741E+03  0.274777E+03  0.477002E+00  0.764060E-01
2005   1  10  10.000  0.240800E+03  0.321291E+03  0.103200E+03  0.438122E+01  0.277763E+03  0.275499E+03  0.157070E+00  0.265207E-01
2005   1  10  11.000  0.250200E+03  0.346693E+03  0.337900E+03  0.143451E+02  0.280184E+03  0.279425E+03  0.477340E+00  0.817329E-01
2005   1  10  12.000  0.255000E+03  0.362035E+03  0.369200E+03  0.156739E+02  0.280924E+03  0.282579E+03  0.477295E+00  0.717175E-01
2005   1  10  13.000  0.253500E+03  0.368570E+03  0.353700E+03  0.150159E+02  0.280677E+03  0.282808E+03  0.477310E+00  0.574848E-01
2005   1  10  14.000  0.255100E+03  0.365487E+03  0.279000E+03  0.118446E+02  0.281089E+03  0.282988E+03  0.636667E+00  0.966861E-01
2005   1  10  15.000  0.251300E+03  0.360446E+03  0.163100E+03  0.692420E+01  0.280475E+03  0.282401E+03  0.397518E+00  0.528772E-01
2005   1  10  16.000  0.244400E+03  0.348250E+03  0.550000E+01  0.233495E+00  0.279144E+03  0.279510E+03  0.103486E+01  0.141352E+00
2005   1  10  17.000  0.239300E+03  0.338327E+03  0.000000E+00  0.000000E+00  0.278562E+03  0.278534E+03  0.636464E+00  0.568810E-01
2005   1  10  18.000  0.238000E+03  0.331756E+03  0.000000E+00  0.000000E+00  0.277851E+03  0.277579E+03  0.795869E+00  0.710177E-01
2005   1  10  19.000  0.236200E+03  0.327358E+03  0.000000E+00  0.000000E+00  0.277126E+03  0.276918E+03  0.556790E+00  0.896287E-01
2005   1  10  20.000  0.235500E+03  0.321180E+03  0.000000E+00  0.000000E+00  0.276056E+03  0.275969E+03  0.636523E+00  0.571871E-01
2005   1  10  21.000  0.236400E+03  0.322728E+03  0.000000E+00  0.000000E+00  0.275864E+03  0.276114E+03  0.111453E+01  0.158885E+00
2005   1  10  22.000  0.239100E+03  0.323567E+03  0.000000E+00  0.000000E+00  0.276952E+03  0.276345E+03  0.135346E+01  0.183484E+00
2005   1  10  23.000  0.234200E+03  0.321305E+03  0.000000E+00  0.000000E+00  0.275467E+03  0.275761E+03  0.955199E+00  0.919016E-01
2005   1  11   0.000  0.231700E+03  0.316015E+03  0.000000E+00  0.000000E+00  0.274852E+03  0.275002E+03  0.716168E+00  0.641859E-01
2005   1  11   1.000  0.227800E+03  0.313539E+03  0.000000E+00  0.000000E+00  0.274396E+03  0.274603E+03  0.556727E+00  0.875106E-01
2005   1  11   2.000  0.225000E+03  0.310689E+03  0.000000E+00  0.000000E+00  0.274327E+03  0.274098E+03  0.875497E+00  0.782676E-01
2005   1  11   3.000  0.225400E+03  0.308658E+03  0.000000E+00  0.000000E+00  0.273450E+03  0.273756E+03  0.476969E+00  0.745202E-01
2005   1  11   4.000  0.228100E+03  0.308807E+03  0.000000E+00  0.000000E+00  0.273519E+03  0.273687E+03  0.636445E+00  0.103993E+00
2005   1  11   5.000  0.231300E+03  0.307911E+03  0.000000E+00  0.000000E+00  0.273486E+03  0.273496E+03  0.476980E+00  0.752655E-01
2005   1  11   6.000  0.230800E+03  0.306498E+03  0.000000E+00  0.000000E+00  0.272918E+03  0.273163E+03  0.397202E+00  0.584978E-01
2005   1  11   7.000  0.228400E+03  0.304144E+03  0.000000E+00  0.000000E+00  0.272841E+03  0.272806E+03  0.795842E+00  0.712567E-01
2005   1  11   8.000  0.224900E+03  0.302508E+03  0.250000E+01  0.106319E+00  0.272387E+03  0.272466E+03  0.875520E+00  0.782301E-01
2005   1  11   9.000  0.226200E+03  0.306196E+03  0.178000E+02  0.757119E+00  0.273053E+03  0.272993E+03  0.795845E+00  0.135781E+00
2005   1  11  10.000  0.231600E+03  0.313869E+03  0.104700E+03  0.445467E+01  0.275095E+03  0.274213E+03  0.397305E+00  0.595421E-01
2005   1  11  11.000  0.237700E+03  0.334726E+03  0.337600E+03  0.143437E+02  0.277091E+03  0.277782E+03  0.127397E+01  0.174635E+00
2005   1  11  12.000  0.242200E+03  0.344822E+03  0.369200E+03  0.156739E+02  0.277963E+03  0.279221E+03  0.875761E+00  0.135803E+00
2005   1  11  13.000  0.242200E+03  0.344812E+03  0.353000E+03  0.149862E+02  0.277551E+03  0.278948E+03  0.103506E+01  0.159686E+00
2005   1  11  14.000  0.240400E+03  0.343119E+03  0.282800E+03  0.120059E+02  0.277387E+03  0.278764E+03  0.716488E+00  0.109367E+00
2005   1  11  15.000  0.238000E+03  0.338002E+03  0.166900E+03  0.708552E+01  0.276368E+03  0.278042E+03  0.477417E+00  0.681321E-01
2005   1  11  16.000  0.234100E+03  0.327733E+03  0.580000E+01  0.246231E+00  0.274783E+03  0.276528E+03  0.317592E+00  0.553369E-01
2005   1  11  17.000  0.229600E+03  0.321307E+03  0.000000E+00  0.000000E+00  0.274295E+03  0.275583E+03  0.103491E+01  0.148356E+00
2005   1  11  18.000  0.227200E+03  0.314071E+03  0.000000E+00  0.000000E+00  0.273545E+03  0.274505E+03  0.556837E+00  0.498551E-01
2005   1  11  19.000  0.227100E+03  0.310998E+03  0.000000E+00  0.000000E+00  0.273423E+03  0.274004E+03  0.556806E+00  0.909755E-01
2005   1  11  20.000  0.226500E+03  0.309166E+03  0.000000E+00  0.000000E+00  0.273544E+03  0.273593E+03  0.955208E+00  0.852235E-01
2005   1  11  21.000  0.227400E+03  0.308956E+03  0.000000E+00  0.000000E+00  0.273955E+03  0.273527E+03  0.103485E+01  0.923246E-01
2005   1  11  22.000  0.228300E+03  0.309915E+03  0.000000E+00  0.000000E+00  0.273812E+03  0.273894E+03  0.143311E+01  0.154506E+00
2005   1  11  23.000  0.228100E+03  0.312301E+03  0.000000E+00  0.000000E+00  0.273705E+03  0.273928E+03  0.119416E+01  0.207370E+00
2005   1  12   0.000  0.228400E+03  0.308006E+03  0.000000E+00  0.000000E+00  0.273599E+03  0.273295E+03  0.716155E+00  0.643249E-01
2005   1  12   1.000  0.230700E+03  0.311907E+03  0.000000E+00  0.000000E+00  0.274376E+03  0.274116E+03  0.191095E+01  0.265498E+00
2005   1  12   2.000  0.233200E+03  0.309872E+03  0.000000E+00  0.000000E+00  0.274367E+03  0.273475E+03  0.795832E+00  0.711607E-01
2005   1  12   3.000  0.243800E+03  0.310323E+03  0.000000E+00  0.000000E+00  0.274610E+03  0.273484E+03  0.955204E+00  0.853152E-01
2005   1  12   4.000  0.236700E+03  0.312398E+03  0.000000E+00  0.000000E+00  0.274281E+03  0.273750E+03  0.111451E+01  0.105917E+00
2005   1  12   5.000  0.233000E+03  0.309545E+03  0.000000E+00  0.000000E+00  0.273953E+03  0.273362E+03  0.875517E+00  0.782291E-01
2005   1  12   6.000  0.233100E+03  0.311093E+03  0.000000E+00  0.000000E+00  0.273990E+03  0.273580E+03  0.795835E+00  0.136591E+00
2005   1  12   7.000  0.236400E+03  0.312723E+03  0.000000E+00  0.000000E+00  0.274153E+03  0.273798E+03  0.111451E+01  0.107039E+00
2005   1  12   8.000  0.240300E+03  0.315539E+03  0.260000E+01  0.110611E+00  0.274912E+03  0.274223E+03  0.183131E+01  0.254752E+00
2005   1  12   9.000  0.241700E+03  0.315727E+03  0.169000E+02  0.717467E+00  0.275218E+03  0.274319E+03  0.135347E+01  0.183566E+00
2005   1  12  10.000  0.242600E+03  0.323070E+03  0.999000E+02  0.424112E+01  0.277315E+03  0.275456E+03  0.397285E+00  0.611210E-01
2005   1  12  11.000  0.248900E+03  0.345259E+03  0.335800E+03  0.142559E+02  0.278868E+03  0.279540E+03  0.716428E+00  0.101315E+00
2005   1  12  12.000  0.252500E+03  0.353554E+03  0.370300E+03  0.157206E+02  0.279279E+03  0.280723E+03  0.875717E+00  0.136034E+00
2005   1  12  13.000  0.254400E+03  0.356502E+03  0.354700E+03  0.150583E+02  0.279608E+03  0.281197E+03  0.111464E+01  0.169730E+00
2005   1  12  14.000  0.256600E+03  0.356749E+03  0.284800E+03  0.120908E+02  0.279855E+03  0.281377E+03  0.103499E+01  0.157636E+00
2005   1  12  15.000  0.253300E+03  0.348494E+03  0.155100E+03  0.658457E+01  0.278618E+03  0.279960E+03  0.796072E+00  0.122882E+00
2005   1  12  16.000  0.258100E+03  0.339098E+03  0.219000E+02  0.929736E+00  0.276131E+03  0.278209E+03  0.768866E-01  0.104443E-01
2005   1  12  17.000  0.293300E+03  0.335092E+03  0.000000E+00  0.000000E+00  0.276528E+03  0.277519E+03  0.557138E+00  0.787700E-01
2005   1  12  18.000  0.312000E+03  0.334455E+03  0.000000E+00  0.000000E+00  0.277305E+03  0.277283E+03  0.557183E+00  0.532057E-01
2005   1  12  19.000  0.311100E+03  0.332292E+03  0.000000E+00  0.000000E+00  0.277065E+03  0.276920E+03  0.780961E-01  0.133662E-01
2005   1  12  20.000  0.318100E+03  0.331411E+03  0.000000E+00  0.000000E+00  0.276725E+03  0.276736E+03  0.783410E-01  0.135055E-01
2005   1  12  21.000  0.321300E+03  0.330765E+03  0.000000E+00  0.000000E+00  0.276152E+03  0.276606E+03  0.238509E+00  0.213492E-01
2005   1  12  22.000  0.331800E+03  0.327813E+03  0.000000E+00  0.000000E+00  0.274791E+03  0.275694E+03  0.101917E+01  0.163835E+00
2005   1  12  23.000  0.328700E+03  0.323231E+03  0.000000E+00  0.000000E+00  0.274482E+03  0.274370E+03  0.159317E+01  0.290472E+00
2005   1  13   0.000  0.328300E+03  0.326384E+03  0.000000E+00  0.000000E+00  0.274820E+03  0.275785E+03  0.159156E+01  0.285919E+00
2005   1  13   1.000  0.325100E+03  0.325654E+03  0.000000E+00  0.000000E+00  0.275330E+03  0.275729E+03  0.875851E+00  0.120695E+00
2005   1  13   2.000  0.325300E+03  0.326403E+03  0.000000E+00  0.000000E+00  0.275330E+03  0.275894E+03  0.636933E+00  0.901115E-01
2005   1  13   3.000  0.327200E+03  0.324607E+03  0.000000E+00  0.000000E+00  0.274425E+03  0.275039E+03  0.398050E+00  0.612304E-01
2005   1  13   4.000  0.328000E+03  0.320979E+03  0.000000E+00  0.000000E+00  0.273849E+03  0.274510E+03  0.159125E+00  0.190512E-01
2005   1  13   5.000  0.325400E+03  0.317233E+03  0.000000E+00  0.000000E+00  0.273602E+03  0.273560E+03  0.794563E-01  0.138697E-01
2005   1  13   6.000  0.324700E+03  0.317153E+03  0.000000E+00  0.000000E+00  0.273438E+03  0.273621E+03  0.159204E+00  0.143521E-01
2005   1  13   7.000  0.323000E+03  0.316809E+03  0.000000E+00  0.000000E+00  0.273250E+03  0.273492E+03  0.306735E+00  0.585589E-01
2005   1  13   8.000  0.321200E+03  0.315744E+03  0.000000E+00  0.000000E+00  0.273028E+03  0.273140E+03  0.295161E+00  0.490242E-01
2005   1  13   9.000  0.317600E+03  0.314615E+03  0.870000E+01  0.372731E+00  0.272735E+03  0.272982E+03  0.347726E+00  0.614109E-01
2005   1  13  10.000  0.314200E+03  0.316358E+03  0.495000E+02  0.212053E+01  0.272955E+03  0.273339E+03  0.285488E+00  0.456345E-01
2005   1  13  11.000  0.307300E+03  0.317923E+03  0.100300E+03  0.429591E+01  0.273106E+03  0.273574E+03  0.393350E+00  0.591208E-01
2005   1  13  12.000  0.303900E+03  0.319983E+03  0.183100E+03  0.783683E+01  0.273301E+03  0.273869E+03  0.490691E+00  0.111351E+00
2005   1  13  13.000  0.305800E+03  0.323685E+03  0.179100E+03  0.765134E+01  0.273438E+03  0.274415E+03  0.318491E+00  0.364496E-01
2005   1  13  14.000  0.282400E+03  0.318883E+03  0.104600E+03  0.444341E+01  0.273327E+03  0.273811E+03  0.159105E+00  0.187213E-01
2005   1  13  15.000  0.278200E+03  0.318826E+03  0.633000E+02  0.268732E+01  0.273001E+03  0.274327E+03  0.238592E+00  0.274501E-01
2005   1  13  16.000  0.243400E+03  0.312301E+03  0.164000E+02  0.696240E+00  0.271700E+03  0.273402E+03  0.636724E+00  0.843263E-01
2005   1  13  17.000  0.255600E+03  0.309081E+03  0.000000E+00  0.000000E+00  0.271707E+03  0.272976E+03  0.477422E+00  0.770652E-01
2005   1  13  18.000  0.276900E+03  0.308151E+03  0.000000E+00  0.000000E+00  0.271943E+03  0.272672E+03  0.158590E+00  0.271586E-01
2005   1  13  19.000  0.281500E+03  0.307344E+03  0.000000E+00  0.000000E+00  0.272125E+03  0.272515E+03  0.158661E+00  0.276108E-01
2005   1  13  20.000  0.289100E+03  0.307854E+03  0.000000E+00  0.000000E+00  0.272226E+03  0.272638E+03  0.318306E+00  0.507496E-01
2005   1  13  21.000  0.278100E+03  0.306218E+03  0.000000E+00  0.000000E+00  0.271909E+03  0.272445E+03  0.397900E+00  0.356377E-01
2005   1  13  22.000  0.229200E+03  0.299986E+03  0.000000E+00  0.000000E+00  0.270561E+03  0.271604E+03  0.636669E+00  0.568144E-01
2005   1  13  23.000  0.218300E+03  0.295489E+03  0.000000E+00  0.000000E+00  0.269786E+03  0.271030E+03  0.397497E+00  0.612609E-01
2005   1  14   0.000  0.227900E+03  0.292871E+03  0.000000E+00  0.000000E+00  0.269795E+03  0.270322E+03  0.237937E+00  0.414274E-01
2005   1  14   1.000  0.290500E+03  0.298194E+03  0.000000E+00  0.000000E+00  0.271101E+03  0.270948E+03  0.318429E+00  0.508696E-01
2005   1  14   2.000  0.224400E+03  0.294218E+03  0.000000E+00  0.000000E+00  0.269805E+03  0.271127E+03  0.111461E+01  0.145410E+00
2005   1  14   3.000  0.209600E+03  0.289199E+03  0.000000E+00  0.000000E+00  0.268534E+03  0.269880E+03  0.636593E+00  0.569663E-01
2005   1  14   4.000  0.204700E+03  0.285430E+03  0.000000E+00  0.000000E+00  0.268141E+03  0.269290E+03  0.716233E+00  0.641686E-01
2005   1  14   5.000  0.203300E+03  0.283566E+03  0.000000E+00  0.000000E+00  0.267958E+03  0.268785E+03  0.875557E+00  0.781529E-01
2005   1  14   6.000  0.201700E+03  0.282127E+03  0.000000E+00  0.000000E+00  0.267205E+03  0.268604E+03  0.556788E+00  0.891956E-01
2005   1  14   7.000  0.214000E+03  0.282865E+03  0.000000E+00  0.000000E+00  0.267957E+03  0.268440E+03  0.955232E+00  0.852276E-01
2005   1  14   8.000  0.216800E+03  0.284426E+03  0.570000E+01  0.242412E+00  0.268072E+03  0.268776E+03  0.636534E+00  0.104698E+00
2005   1  14   9.000  0.201200E+03  0.282760E+03  0.199000E+02  0.846460E+00  0.267654E+03  0.268367E+03  0.317335E+00  0.553631E-01
2005   1  14  10.000  0.202100E+03  0.292327E+03  0.141600E+03  0.602364E+01  0.269561E+03  0.270243E+03  0.556884E+00  0.913401E-01
2005   1  14  11.000  0.210600E+03  0.316533E+03  0.449900E+03  0.191410E+02  0.272043E+03  0.273800E+03  0.318448E+00  0.361661E-01
2005   1  14  12.000  0.217700E+03  0.325232E+03  0.389700E+03  0.165442E+02  0.272348E+03  0.274735E+03  0.398058E+00  0.452906E-01
2005   1  14  13.000  0.219500E+03  0.327448E+03  0.371000E+03  0.157503E+02  0.272421E+03  0.274919E+03  0.557362E+00  0.650350E-01
2005   1  14  14.000  0.218600E+03  0.327582E+03  0.299900E+03  0.127319E+02  0.272674E+03  0.275084E+03  0.477591E+00  0.545394E-01
2005   1  14  15.000  0.216600E+03  0.323160E+03  0.182000E+03  0.772657E+01  0.271368E+03  0.274479E+03  0.238159E+00  0.290149E-01
2005   1  14  16.000  0.210500E+03  0.309447E+03  0.100000E+02  0.424537E+00  0.269388E+03  0.272525E+03  0.237528E+00  0.269674E-01
2005   1  14  17.000  0.205900E+03  0.300703E+03  0.000000E+00  0.000000E+00  0.269151E+03  0.271388E+03  0.397236E+00  0.679867E-01
2005   1  14  18.000  0.203700E+03  0.293937E+03  0.000000E+00  0.000000E+00  0.269299E+03  0.270473E+03  0.556715E+00  0.501220E-01
2005   1  14  19.000  0.203000E+03  0.291649E+03  0.000000E+00  0.000000E+00  0.269906E+03  0.270068E+03  0.476888E+00  0.763732E-01
2005   1  14  20.000  0.204000E+03  0.292253E+03  0.000000E+00  0.000000E+00  0.270659E+03  0.270069E+03  0.111445E+01  0.994236E-01
2005   1  14  21.000  0.204000E+03  0.293556E+03  0.000000E+00  0.000000E+00  0.271153E+03  0.270411E+03  0.636315E+00  0.995569E-01
2005   1  14  22.000  0.203400E+03  0.293969E+03  0.000000E+00  0.000000E+00  0.270842E+03  0.270461E+03  0.636312E+00  0.999242E-01
2005   1  14  23.000  0.203700E+03  0.293547E+03  0.000000E+00  0.000000E+00  0.270804E+03  0.270270E+03  0.476774E+00  0.787743E-01
2005   1  15   0.000  0.204000E+03  0.295662E+03  0.000000E+00  0.000000E+00  0.271029E+03  0.270692E+03  0.795714E+00  0.133734E+00
2005   1  15   1.000  0.204000E+03  0.298054E+03  0.000000E+00  0.000000E+00  0.271306E+03  0.271046E+03  0.875393E+00  0.150282E+00
2005   1  15   2.000  0.204000E+03  0.295975E+03  0.000000E+00  0.000000E+00  0.271193E+03  0.270666E+03  0.396877E+00  0.652903E-01
2005   1  15   3.000  0.206000E+03  0.296096E+03  0.000000E+00  0.000000E+00  0.271009E+03  0.270766E+03  0.636283E+00  0.100147E+00
2005   1  15   4.000  0.205100E+03  0.297503E+03  0.000000E+00  0.000000E+00  0.271146E+03  0.270960E+03  0.795699E+00  0.134555E+00
2005   1  15   5.000  0.204700E+03  0.298145E+03  0.000000E+00  0.000000E+00  0.271427E+03  0.271087E+03  0.715981E+00  0.117162E+00
2005   1  15   6.000  0.206200E+03  0.294157E+03  0.000000E+00  0.000000E+00  0.271245E+03  0.270387E+03  0.236733E+00  0.409183E-01
2005   1  15   7.000  0.209500E+03  0.300144E+03  0.000000E+00  0.000000E+00  0.272013E+03  0.271351E+03  0.103474E+01  0.178926E+00
2005   1  15   8.000  0.217300E+03  0.307374E+03  0.480000E+01  0.204584E+00  0.273674E+03  0.272608E+03  0.135338E+01  0.130758E+00
2005   1  15   9.000  0.218700E+03  0.306691E+03  0.210000E+02  0.895384E+00  0.273320E+03  0.272333E+03  0.396930E+00  0.635248E-01
2005   1  15  10.000  0.219000E+03  0.308820E+03  0.111800E+03  0.476755E+01  0.273776E+03  0.272687E+03  0.750897E-01  0.106565E-01
2005   1  15  11.000  0.228000E+03  0.331294E+03  0.365200E+03  0.155738E+02  0.275641E+03  0.276293E+03  0.775985E-01  0.100157E-01
2005   1  15  12.000  0.240500E+03  0.340139E+03  0.327100E+03  0.138866E+02  0.275629E+03  0.277550E+03  0.780329E-01  0.106466E-01
2005   1  15  13.000  0.233200E+03  0.345980E+03  0.320400E+03  0.136022E+02  0.276473E+03  0.278050E+03  0.318024E+00  0.367609E-01
2005   1  15  14.000  0.235000E+03  0.348874E+03  0.301300E+03  0.127913E+02  0.276842E+03  0.278443E+03  0.318011E+00  0.369079E-01
2005   1  15  15.000  0.231000E+03  0.337168E+03  0.184900E+03  0.784969E+01  0.275037E+03  0.277284E+03  0.557013E+00  0.725726E-01
2005   1  15  16.000  0.224300E+03  0.324267E+03  0.108000E+02  0.458500E+00  0.273204E+03  0.275457E+03  0.556751E+00  0.817507E-01
2005   1  15  17.000  0.221000E+03  0.314256E+03  0.000000E+00  0.000000E+00  0.271826E+03  0.273592E+03  0.397202E+00  0.686092E-01
2005   1  15  18.000  0.220500E+03  0.308417E+03  0.000000E+00  0.000000E+00  0.273468E+03  0.272770E+03  0.716091E+00  0.642980E-01
2005   1  15  19.000  0.220600E+03  0.307373E+03  0.000000E+00  0.000000E+00  0.273744E+03  0.272658E+03  0.556614E+00  0.866238E-01
2005   1  15  20.000  0.219700E+03  0.300746E+03  0.000000E+00  0.000000E+00  0.272768E+03  0.271590E+03  0.747578E-01  0.106467E-01
2005   1  15  21.000  0.219600E+03  0.302416E+03  0.000000E+00  0.000000E+00  0.273555E+03  0.271849E+03  0.476798E+00  0.720259E-01
2005   1  15  22.000  0.221300E+03  0.304094E+03  0.000000E+00  0.000000E+00  0.273937E+03  0.272116E+03  0.556563E+00  0.896341E-01
2005   1  15  23.000  0.222700E+03  0.308840E+03  0.000000E+00  0.000000E+00  0.274380E+03  0.272844E+03  0.875411E+00  0.148504E+00
2005   1  16   0.000  0.220900E+03  0.306604E+03  0.000000E+00  0.000000E+00  0.273478E+03  0.272424E+03  0.396950E+00  0.641729E-01
2005   1  16   1.000  0.220900E+03  0.306640E+03  0.000000E+00  0.000000E+00  0.273884E+03  0.272476E+03  0.556550E+00  0.876676E-01
2005   1  16   2.000  0.222400E+03  0.308572E+03  0.000000E+00  0.000000E+00  0.274594E+03  0.272786E+03  0.119408E+01  0.106555E+00
2005   1  16   3.000  0.223300E+03  0.309944E+03  0.000000E+00  0.000000E+00  0.274284E+03  0.272966E+03  0.716018E+00  0.116737E+00
2005   1  16   4.000  0.222400E+03  0.303215E+03  0.000000E+00  0.000000E+00  0.273580E+03  0.271873E+03  0.744419E-01  0.106516E-01
2005   1  16   5.000  0.222100E+03  0.303349E+03  0.000000E+00  0.000000E+00  0.273868E+03  0.271875E+03  0.396914E+00  0.691998E-01
2005   1  16   6.000  0.223100E+03  0.303815E+03  0.000000E+00  0.000000E+00  0.274125E+03  0.271941E+03  0.396901E+00  0.691834E-01
2005   1  16   7.000  0.223500E+03  0.306372E+03  0.000000E+00  0.000000E+00  0.274269E+03  0.272401E+03  0.636284E+00  0.995706E-01
2005   1  16   8.000  0.223200E+03  0.310734E+03  0.360000E+01  0.153432E+00  0.274211E+03  0.273089E+03  0.955087E+00  0.164762E+00
2005   1  16   9.000  0.224600E+03  0.311249E+03  0.182000E+02  0.775926E+00  0.274467E+03  0.273131E+03  0.556572E+00  0.869254E-01
2005   1  16  10.000  0.227100E+03  0.313876E+03  0.111800E+03  0.476728E+01  0.276219E+03  0.273482E+03  0.749325E-01  0.106604E-01
2005   1  16  11.000  0.234300E+03  0.335957E+03  0.361600E+03  0.154056E+02  0.277792E+03  0.276552E+03  0.557105E+00  0.807353E-01
2005   1  16  12.000  0.238800E+03  0.349436E+03  0.393800E+03  0.167183E+02  0.278538E+03  0.279746E+03  0.397743E+00  0.482634E-01
2005   1  16  13.000  0.239300E+03  0.350785E+03  0.380100E+03  0.161366E+02  0.278456E+03  0.279921E+03  0.796096E+00  0.121892E+00
2005   1  16  14.000  0.240000E+03  0.352708E+03  0.304900E+03  0.129441E+02  0.279197E+03  0.280561E+03  0.636753E+00  0.975610E-01
2005   1  16  15.000  0.235700E+03  0.349192E+03  0.190800E+03  0.810016E+01  0.277939E+03  0.279657E+03  0.397569E+00  0.482458E-01
2005   1  16  16.000  0.231300E+03  0.337142E+03  0.118000E+02  0.500954E+00  0.276565E+03  0.277275E+03  0.795835E+00  0.115315E+00
2005   1  16  17.000  0.224800E+03  0.326524E+03  0.000000E+00  0.000000E+00  0.274733E+03  0.276085E+03  0.556712E+00  0.967089E-01
2005   1  16  18.000  0.221800E+03  0.317788E+03  0.000000E+00  0.000000E+00  0.274718E+03  0.274762E+03  0.556659E+00  0.504368E-01
2005   1  16  19.000  0.220300E+03  0.316579E+03  0.000000E+00  0.000000E+00  0.275229E+03  0.274655E+03  0.135342E+01  0.184337E+00
2005   1  16  20.000  0.217800E+03  0.314367E+03  0.000000E+00  0.000000E+00  0.274474E+03  0.274247E+03  0.716056E+00  0.119942E+00
2005   1  16  21.000  0.218000E+03  0.310309E+03  0.000000E+00  0.000000E+00  0.274458E+03  0.273581E+03  0.795743E+00  0.711858E-01
2005   1  16  22.000  0.219100E+03  0.309373E+03  0.000000E+00  0.000000E+00  0.274637E+03  0.273394E+03  0.103477E+01  0.923935E-01
2005   1  16  23.000  0.220200E+03  0.308994E+03  0.000000E+00  0.000000E+00  0.274761E+03  0.273290E+03  0.955095E+00  0.852351E-01
2005   1  17   0.000  0.221700E+03  0.308976E+03  0.000000E+00  0.000000E+00  0.274303E+03  0.273276E+03  0.556580E+00  0.871389E-01
2005   1  17   1.000  0.223800E+03  0.312627E+03  0.000000E+00  0.000000E+00  0.274684E+03  0.273824E+03  0.127375E+01  0.121093E+00
2005   1  17   2.000  0.224600E+03  0.310880E+03  0.000000E+00  0.000000E+00  0.273955E+03  0.273365E+03  0.636345E+00  0.102496E+00
2005   1  17   3.000  0.223100E+03  0.308477E+03  0.000000E+00  0.000000E+00  0.273607E+03  0.273033E+03  0.396995E+00  0.621933E-01
2005   1  17   4.000  0.222600E+03  0.306916E+03  0.000000E+00  0.000000E+00  0.273645E+03  0.272758E+03  0.396974E+00  0.643669E-01
2005   1  17   5.000  0.221400E+03  0.305241E+03  0.000000E+00  0.000000E+00  0.273635E+03  0.272510E+03  0.955104E+00  0.854385E-01
2005   1  17   6.000  0.221000E+03  0.305315E+03  0.000000E+00  0.000000E+00  0.272951E+03  0.272509E+03  0.636341E+00  0.100717E+00
2005   1  17   7.000  0.222100E+03  0.304957E+03  0.000000E+00  0.000000E+00  0.273614E+03  0.272417E+03  0.127376E+01  0.114281E+00
2005   1  17   8.000  0.224000E+03  0.307170E+03  0.340000E+01  0.144689E+00  0.273668E+03  0.272733E+03  0.716053E+00  0.117204E+00
2005   1  17   9.000  0.222600E+03  0.307116E+03  0.176000E+02  0.749192E+00  0.273137E+03  0.272705E+03  0.556635E+00  0.866419E-01
2005   1  17  10.000  0.227000E+03  0.313899E+03  0.117100E+03  0.498559E+01  0.275244E+03  0.273774E+03  0.317321E+00  0.552939E-01
2005   1  17  11.000  0.238100E+03  0.337368E+03  0.372400E+03  0.158360E+02  0.277585E+03  0.277852E+03  0.397792E+00  0.537266E-01
2005   1  17  12.000  0.243400E+03  0.347528E+03  0.343000E+03  0.145616E+02  0.277551E+03  0.278813E+03  0.397815E+00  0.458906E-01
2005   1  17  13.000  0.242400E+03  0.349339E+03  0.379300E+03  0.161027E+02  0.277963E+03  0.279566E+03  0.636810E+00  0.934597E-01
2005   1  17  14.000  0.237900E+03  0.344976E+03  0.308200E+03  0.130842E+02  0.277469E+03  0.278861E+03  0.716485E+00  0.108891E+00
2005   1  17  15.000  0.238600E+03  0.340887E+03  0.188200E+03  0.798978E+01  0.276808E+03  0.278479E+03  0.477400E+00  0.665791E-01
2005   1  17  16.000  0.233600E+03  0.329817E+03  0.114000E+02  0.483972E+00  0.274711E+03  0.276307E+03  0.317475E+00  0.360574E-01
2005   1  17  17.000  0.229400E+03  0.322924E+03  0.000000E+00  0.000000E+00  0.274375E+03  0.275519E+03  0.103487E+01  0.148360E+00
2005   1  17  18.000  0.227800E+03  0.320229E+03  0.000000E+00  0.000000E+00  0.274758E+03  0.275146E+03  0.103484E+01  0.179409E+00
2005   1  17  19.000  0.228000E+03  0.313996E+03  0.000000E+00  0.000000E+00  0.274514E+03  0.274181E+03  0.636424E+00  0.572265E-01
2005   1  17  20.000  0.226900E+03  0.311794E+03  0.000000E+00  0.000000E+00  0.273657E+03  0.273802E+03  0.636431E+00  0.105340E+00
2005   1  17  21.000  0.225800E+03  0.308642E+03  0.000000E+00  0.000000E+00  0.273422E+03  0.273251E+03  0.875495E+00  0.781689E-01
2005   1  17  22.000  0.227000E+03  0.309841E+03  0.000000E+00  0.000000E+00  0.273858E+03  0.273632E+03  0.135344E+01  0.184710E+00
2005   1  17  23.000  0.227600E+03  0.310662E+03  0.000000E+00  0.000000E+00  0.273817E+03  0.273653E+03  0.127379E+01  0.180887E+00
2005   1  18   0.000  0.227600E+03  0.310456E+03  0.000000E+00  0.000000E+00  0.273194E+03  0.273388E+03  0.103483E+01  0.997724E-01
2005   1  18   1.000  0.229500E+03  0.311955E+03  0.000000E+00  0.000000E+00  0.273848E+03  0.273635E+03  0.111448E+01  0.107458E+00
2005   1  18   2.000  0.250200E+03  0.316527E+03  0.000000E+00  0.000000E+00  0.274796E+03  0.274223E+03  0.167205E+01  0.241619E+00
2005   1  18   3.000  0.252700E+03  0.311134E+03  0.000000E+00  0.000000E+00  0.273837E+03  0.273325E+03  0.716221E+00  0.641920E-01
2005   1  18   4.000  0.252300E+03  0.312033E+03  0.000000E+00  0.000000E+00  0.273761E+03  0.273434E+03  0.716226E+00  0.122794E+00
2005   1  18   5.000  0.262800E+03  0.313218E+03  0.000000E+00  0.000000E+00  0.274574E+03  0.273548E+03  0.955257E+00  0.852204E-01
2005   1  18   6.000  0.276300E+03  0.315228E+03  0.000000E+00  0.000000E+00  0.274506E+03  0.273769E+03  0.636640E+00  0.107739E+00
2005   1  18   7.000  0.294900E+03  0.316452E+03  0.000000E+00  0.000000E+00  0.275297E+03  0.273841E+03  0.796049E+00  0.711502E-01
2005   1  18   8.000  0.281900E+03  0.316376E+03  0.790000E+01  0.335384E+00  0.274781E+03  0.273905E+03  0.397577E+00  0.620446E-01
2005   1  18   9.000  0.288100E+03  0.323688E+03  0.682000E+02  0.289534E+01  0.276212E+03  0.275054E+03  0.636775E+00  0.109022E+00
2005   1  18  10.000  0.303600E+03  0.330743E+03  0.897000E+02  0.380810E+01  0.276729E+03  0.275836E+03  0.636867E+00  0.662872E-01
2005   1  18  11.000  0.314800E+03  0.334541E+03  0.760000E+02  0.322648E+01  0.275965E+03  0.276982E+03  0.149439E+01  0.249537E+00
2005   1  18  12.000  0.314300E+03  0.335046E+03  0.980000E+02  0.416046E+01  0.275492E+03  0.277013E+03  0.186970E+01  0.372418E+00
2005   1  18  13.000  0.303200E+03  0.335929E+03  0.116600E+03  0.495010E+01  0.275714E+03  0.277309E+03  0.185103E+01  0.361841E+00
2005   1  18  14.000  0.289400E+03  0.337935E+03  0.146200E+03  0.620673E+01  0.276487E+03  0.277791E+03  0.155361E+01  0.258338E+00
2005   1  18  15.000  0.302900E+03  0.334551E+03  0.498000E+02  0.211419E+01  0.276317E+03  0.277013E+03  0.103509E+01  0.152864E+00
2005   1  18  16.000  0.308200E+03  0.323188E+03  0.140000E+01  0.594352E-01  0.273629E+03  0.274664E+03  0.147941E+01  0.325445E+00
2005   1  18  17.000  0.313900E+03  0.315255E+03  0.000000E+00  0.000000E+00  0.272724E+03  0.273110E+03  0.223273E+01  0.341685E+00
2005   1  18  18.000  0.315200E+03  0.311131E+03  0.000000E+00  0.000000E+00  0.271869E+03  0.272126E+03  0.168959E+01  0.256172E+00
2005   1  18  19.000  0.307600E+03  0.307502E+03  0.000000E+00  0.000000E+00  0.271131E+03  0.271359E+03  0.121848E+01  0.195608E+00
2005   1  18  20.000  0.302000E+03  0.305569E+03  0.000000E+00  0.000000E+00  0.270848E+03  0.270993E+03  0.293150E+01  0.519035E+00
2005   1  18  21.000  0.301400E+03  0.303129E+03  0.000000E+00  0.000000E+00  0.270298E+03  0.270408E+03  0.321066E+01  0.553972E+00
2005   1  18  22.000  0.293500E+03  0.299591E+03  0.000000E+00  0.000000E+00  0.269330E+03  0.269624E+03  0.190878E+01  0.431572E+00
2005   1  18  23.000  0.292600E+03  0.298908E+03  0.000000E+00  0.000000E+00  0.269466E+03  0.269576E+03  0.246737E+01  0.464927E+00
2005   1  19   0.000  0.270500E+03  0.297023E+03  0.000000E+00  0.000000E+00  0.268209E+03  0.269363E+03  0.151078E+01  0.307256E+00
2005   1  19   1.000  0.244100E+03  0.294704E+03  0.000000E+00  0.000000E+00  0.267946E+03  0.269111E+03  0.182206E+01  0.273846E+00
2005   1  19   2.000  0.239400E+03  0.293781E+03  0.000000E+00  0.000000E+00  0.267586E+03  0.268961E+03  0.187827E+01  0.296993E+00
2005   1  19   3.000  0.278400E+03  0.297238E+03  0.000000E+00  0.000000E+00  0.268914E+03  0.269427E+03  0.170230E+01  0.417623E+00
2005   1  19   4.000  0.282700E+03  0.298457E+03  0.000000E+00  0.000000E+00  0.268885E+03  0.269627E+03  0.149442E+01  0.342163E+00
2005   1  19   5.000  0.275000E+03  0.299121E+03  0.000000E+00  0.000000E+00  0.268954E+03  0.269883E+03  0.147072E+01  0.277532E+00
2005   1  19   6.000  0.292000E+03  0.299593E+03  0.000000E+00  0.000000E+00  0.269495E+03  0.269741E+03  0.149479E+01  0.378056E+00
2005   1  19   7.000  0.292500E+03  0.301257E+03  0.000000E+00  0.000000E+00  0.269844E+03  0.270231E+03  0.115292E+01  0.238171E+00
2005   1  19   8.000  0.295100E+03  0.302511E+03  0.100000E+00  0.479744E-02  0.270304E+03  0.270485E+03  0.102503E+01  0.178891E+00
2005   1  19   9.000  0.305700E+03  0.304731E+03  0.175000E+02  0.839764E+00  0.270889E+03  0.270861E+03  0.133041E+01  0.210494E+00
2005   1  19  10.000  0.314800E+03  0.307360E+03  0.544000E+02  0.261102E+01  0.271435E+03  0.271328E+03  0.111488E+01  0.200085E+00
2005   1  19  11.000  0.314100E+03  0.308377E+03  0.793000E+02  0.380356E+01  0.271429E+03  0.271497E+03  0.145738E+01  0.252796E+00
2005   1  19  12.000  0.317000E+03  0.309693E+03  0.126400E+03  0.605768E+01  0.271650E+03  0.271708E+03  0.103226E+01  0.193354E+00
2005   1  19  13.000  0.316200E+03  0.308945E+03  0.774000E+02  0.370587E+01  0.271559E+03  0.271529E+03  0.111150E+01  0.203978E+00
2005   1  19  14.000  0.300800E+03  0.306584E+03  0.496000E+02  0.237276E+01  0.270939E+03  0.271171E+03  0.246451E+01  0.486393E+00
2005   1  19  15.000  0.295200E+03  0.305579E+03  0.407000E+02  0.194557E+01  0.270910E+03  0.271065E+03  0.233620E+01  0.421834E+00
2005   1  19  16.000  0.293300E+03  0.304662E+03  0.103000E+02  0.492054E+00  0.270384E+03  0.270893E+03  0.114767E+01  0.280873E+00
2005   1  19  17.000  0.297300E+03  0.303559E+03  0.000000E+00  0.000000E+00  0.270435E+03  0.270582E+03  0.191745E+01  0.394055E+00
2005   1  19  18.000  0.273300E+03  0.301204E+03  0.000000E+00  0.000000E+00  0.269692E+03  0.270342E+03  0.127399E+01  0.185561E+00
2005   1  19  19.000  0.267000E+03  0.299444E+03  0.000000E+00  0.000000E+00  0.269752E+03  0.270119E+03  0.127398E+01  0.173762E+00
2005   1  19  20.000  0.287600E+03  0.300812E+03  0.000000E+00  0.000000E+00  0.270228E+03  0.270245E+03  0.116439E+01  0.175746E+00
2005   1  19  21.000  0.293300E+03  0.302542E+03  0.000000E+00  0.000000E+00  0.270182E+03  0.270520E+03  0.110265E+01  0.223802E+00
2005   1  19  22.000  0.281700E+03  0.303243E+03  0.000000E+00  0.000000E+00  0.269820E+03  0.270760E+03  0.152685E+01  0.326544E+00
2005   1  19  23.000  0.277200E+03  0.304482E+03  0.000000E+00  0.000000E+00  0.270033E+03  0.271105E+03  0.161370E+01  0.335896E+00
2005   1  20   0.000  0.241500E+03  0.302754E+03  0.000000E+00  0.000000E+00  0.269285E+03  0.271015E+03  0.203021E+01  0.340452E+00
2005   1  20   1.000  0.259900E+03  0.303005E+03  0.000000E+00  0.000000E+00  0.269278E+03  0.270878E+03  0.195863E+01  0.435391E+00
2005   1  20   2.000  0.278000E+03  0.304365E+03  0.000000E+00  0.000000E+00  0.269953E+03  0.271032E+03  0.192523E+01  0.463289E+00
2005   1  20   3.000  0.290700E+03  0.307907E+03  0.000000E+00  0.000000E+00  0.271059E+03  0.271791E+03  0.183122E+01  0.446105E+00
2005   1  20   4.000  0.296200E+03  0.308569E+03  0.000000E+00  0.000000E+00  0.271165E+03  0.271766E+03  0.197680E+01  0.505547E+00
2005   1  20   5.000  0.301300E+03  0.313737E+03  0.000000E+00  0.000000E+00  0.272524E+03  0.272949E+03  0.189265E+01  0.468874E+00
2005   1  20   6.000  0.304700E+03  0.312844E+03  0.000000E+00  0.000000E+00  0.272069E+03  0.272620E+03  0.164734E+01  0.419689E+00
2005   1  20   7.000  0.310600E+03  0.314086E+03  0.000000E+00  0.000000E+00  0.272922E+03  0.272915E+03  0.323742E+01  0.582074E+00
2005   1  20   8.000  0.322100E+03  0.321854E+03  0.200000E+01  0.958704E-01  0.274195E+03  0.274280E+03  0.199945E+01  0.487939E+00
2005   1  20   9.000  0.325300E+03  0.323982E+03  0.113000E+02  0.539722E+00  0.274421E+03  0.274618E+03  0.219983E+01  0.542663E+00
2005   1  20  10.000  0.329300E+03  0.326993E+03  0.394000E+02  0.187520E+01  0.274924E+03  0.275108E+03  0.202575E+01  0.469642E+00
2005   1  20  11.000  0.328200E+03  0.331703E+03  0.761000E+02  0.358935E+01  0.275560E+03  0.275933E+03  0.238382E+01  0.560905E+00
2005   1  20  12.000  0.331700E+03  0.328907E+03  0.436000E+02  0.202785E+01  0.275153E+03  0.275418E+03  0.217648E+01  0.507948E+00
2005   1  20  13.000  0.328500E+03  0.328018E+03  0.524000E+02  0.243387E+01  0.274954E+03  0.275285E+03  0.229044E+01  0.554893E+00
2005   1  20  14.000  0.327100E+03  0.326136E+03  0.340000E+02  0.156996E+01  0.274641E+03  0.274968E+03  0.248775E+01  0.623966E+00
2005   1  20  15.000  0.326500E+03  0.326793E+03  0.234000E+02  0.109152E+01  0.274749E+03  0.275108E+03  0.267632E+01  0.680048E+00
2005   1  20  16.000  0.327100E+03  0.328108E+03  0.690000E+01  0.320977E+00  0.274982E+03  0.275353E+03  0.269330E+01  0.677580E+00
2005   1  20  17.000  0.329100E+03  0.327949E+03  0.000000E+00  0.000000E+00  0.275080E+03  0.275315E+03  0.225724E+01  0.540362E+00
2005   1  20  18.000  0.330200E+03  0.328280E+03  0.000000E+00  0.000000E+00  0.275311E+03  0.275354E+03  0.201933E+01  0.448758E+00
2005   1  20  19.000  0.330200E+03  0.329203E+03  0.000000E+00  0.000000E+00  0.275258E+03  0.275529E+03  0.231584E+01  0.553753E+00
2005   1  20  20.000  0.328900E+03  0.331015E+03  0.000000E+00  0.000000E+00  0.275381E+03  0.275856E+03  0.290042E+01  0.729539E+00
2005   1  20  21.000  0.327300E+03  0.331543E+03  0.000000E+00  0.000000E+00  0.275425E+03  0.275951E+03  0.312802E+01  0.792085E+00
2005   1  20  22.000  0.326900E+03  0.329872E+03  0.000000E+00  0.000000E+00  0.275203E+03  0.275641E+03  0.293346E+01  0.730567E+00
2005   1  20  23.000  0.323000E+03  0.334815E+03  0.000000E+00  0.000000E+00  0.275724E+03  0.276415E+03  0.305692E+01  0.750921E+00
2005   1  21   0.000  0.322500E+03  0.337230E+03  0.000000E+00  0.000000E+00  0.276041E+03  0.276765E+03  0.289966E+01  0.686952E+00
2005   1  21   1.000  0.322700E+03  0.337818E+03  0.000000E+00  0.000000E+00  0.276134E+03  0.276802E+03  0.268713E+01  0.610474E+00
2005   1  21   2.000  0.322700E+03  0.337491E+03  0.000000E+00  0.000000E+00  0.276059E+03  0.276699E+03  0.276910E+01  0.619290E+00
2005   1  21   3.000  0.325000E+03  0.336015E+03  0.000000E+00  0.000000E+00  0.275810E+03  0.276388E+03  0.279603E+01  0.613449E+00
2005   1  21   4.000  0.324900E+03  0.333402E+03  0.000000E+00  0.000000E+00  0.275409E+03  0.276264E+03  0.259095E+01  0.552377E+00
2005   1  21   5.000  0.322300E+03  0.333276E+03  0.000000E+00  0.000000E+00  0.275409E+03  0.276928E+03  0.259095E+01  0.539849E+00
2005   1  21   6.000  0.323800E+03  0.331526E+03  0.000000E+00  0.000000E+00  0.275153E+03  0.276318E+03  0.217648E+01  0.446177E+00
2005   1  21   7.000  0.323500E+03  0.328036E+03  0.100000E+00  0.424580E-02  0.274658E+03  0.275677E+03  0.222076E+01  0.469764E+00
2005   1  21   8.000  0.323100E+03  0.330251E+03  0.200000E+01  0.849116E-01  0.275066E+03  0.276271E+03  0.238787E+01  0.495472E+00
2005   1  21   9.000  0.325300E+03  0.332033E+03  0.440000E+01  0.186796E+00  0.275242E+03  0.276574E+03  0.244600E+01  0.507624E+00
2005   1  21  10.000  0.325100E+03  0.328035E+03  0.880000E+01  0.373592E+00  0.274512E+03  0.275642E+03  0.284121E+01  0.621010E+00
2005   1  21  11.000  0.317400E+03  0.316026E+03  0.159000E+02  0.680648E+00  0.273111E+03  0.273172E+03  0.157976E+01  0.250350E+00
2005   1  21  12.000  0.317600E+03  0.315595E+03  0.128000E+02  0.558227E+00  0.273025E+03  0.273099E+03  0.127499E+01  0.200660E+00
2005   1  21  13.000  0.311600E+03  0.316358E+03  0.580000E+01  0.256566E+00  0.273333E+03  0.273311E+03  0.397978E+01  0.683947E+00
2005   1  21  14.000  0.309000E+03  0.315124E+03  0.280000E+01  0.123849E+00  0.272959E+03  0.273112E+03  0.377387E+01  0.672883E+00
2005   1  21  15.000  0.306300E+03  0.314603E+03  0.480000E+01  0.212173E+00  0.272924E+03  0.273043E+03  0.475287E+01  0.811035E+00
2005   1  21  16.000  0.302300E+03  0.313542E+03  0.110000E+01  0.486271E-01  0.272569E+03  0.272830E+03  0.429679E+01  0.776235E+00
2005   1  21  17.000  0.303500E+03  0.312730E+03  0.000000E+00  0.000000E+00  0.272496E+03  0.272651E+03  0.405196E+01  0.706500E+00
2005   1  21  18.000  0.303400E+03  0.312617E+03  0.000000E+00  0.000000E+00  0.272426E+03  0.272652E+03  0.349017E+01  0.636276E+00
2005   1  21  19.000  0.303500E+03  0.311497E+03  0.000000E+00  0.000000E+00  0.272148E+03  0.272369E+03  0.323217E+01  0.590735E+00
2005   1  21  20.000  0.307300E+03  0.310523E+03  0.000000E+00  0.000000E+00  0.271973E+03  0.272137E+03  0.220318E+01  0.386028E+00
2005   1  21  21.000  0.313600E+03  0.311025E+03  0.000000E+00  0.000000E+00  0.272177E+03  0.272212E+03  0.238657E+01  0.375619E+00
2005   1  21  22.000  0.306600E+03  0.310637E+03  0.000000E+00  0.000000E+00  0.271933E+03  0.272162E+03  0.245749E+01  0.482648E+00
2005   1  21  23.000  0.304900E+03  0.308863E+03  0.000000E+00  0.000000E+00  0.271492E+03  0.271745E+03  0.136542E+01  0.302247E+00
2005   1  22   0.000  0.309700E+03  0.308772E+03  0.000000E+00  0.000000E+00  0.271663E+03  0.271713E+03  0.216290E+01  0.349721E+00
2005   1  22   1.000  0.302000E+03  0.306921E+03  0.000000E+00  0.000000E+00  0.270945E+03  0.271328E+03  0.132709E+01  0.328689E+00
2005   1  22   2.000  0.314700E+03  0.306800E+03  0.000000E+00  0.000000E+00  0.271203E+03  0.271205E+03  0.129956E+01  0.214123E+00
2005   1  22   3.000  0.313100E+03  0.304223E+03  0.000000E+00  0.000000E+00  0.270381E+03  0.270545E+03  0.156274E+01  0.254786E+00
2005   1  22   4.000  0.309500E+03  0.302152E+03  0.000000E+00  0.000000E+00  0.270008E+03  0.270090E+03  0.148773E+01  0.254862E+00
2005   1  22   5.000  0.311600E+03  0.302179E+03  0.000000E+00  0.000000E+00  0.270178E+03  0.270137E+03  0.130504E+01  0.237033E+00
2005   1  22   6.000  0.314700E+03  0.302728E+03  0.000000E+00  0.000000E+00  0.270766E+03  0.270227E+03  0.389428E+00  0.914354E-01
2005   1  22   7.000  0.317000E+03  0.302343E+03  0.000000E+00  0.000000E+00  0.270661E+03  0.270059E+03  0.389451E+00  0.905303E-01
2005   1  22   8.000  0.317200E+03  0.302306E+03  0.000000E+00  0.000000E+00  0.270757E+03  0.270054E+03  0.259817E+00  0.614320E-01
2005   1  22   9.000  0.316800E+03  0.302720E+03  0.920000E+01  0.500023E+00  0.270874E+03  0.270155E+03  0.259823E+00  0.618094E-01
2005   1  22  10.000  0.285500E+03  0.301874E+03  0.618000E+02  0.335901E+01  0.269894E+03  0.270263E+03  0.679101E+00  0.135723E+00
2005   1  22  11.000  0.290800E+03  0.303566E+03  0.743000E+02  0.403368E+01  0.270503E+03  0.270575E+03  0.275006E+00  0.611307E-01
2005   1  22  12.000  0.272200E+03  0.305803E+03  0.233700E+03  0.126727E+02  0.270936E+03  0.271169E+03  0.907913E+00  0.182705E+00
2005   1  22  13.000  0.250000E+03  0.306567E+03  0.215400E+03  0.116624E+02  0.270286E+03  0.271475E+03  0.397926E+00  0.693920E-01
2005   1  22  14.000  0.247200E+03  0.307473E+03  0.121200E+03  0.654018E+01  0.269814E+03  0.271848E+03  0.775230E-01  0.132283E-01
2005   1  22  15.000  0.226100E+03  0.304130E+03  0.130800E+03  0.703758E+01  0.269314E+03  0.271251E+03  0.477242E+00  0.924010E-01
2005   1  22  16.000  0.213000E+03  0.298752E+03  0.248000E+02  0.133280E+01  0.268275E+03  0.270225E+03  0.167204E+01  0.280972E+00
2005   1  22  17.000  0.205800E+03  0.292297E+03  0.300000E+00  0.161084E-01  0.267056E+03  0.268826E+03  0.111447E+01  0.190748E+00
2005   1  22  18.000  0.204000E+03  0.288226E+03  0.000000E+00  0.000000E+00  0.266287E+03  0.267985E+03  0.955145E+00  0.142344E+00
2005   1  22  19.000  0.211900E+03  0.285647E+03  0.000000E+00  0.000000E+00  0.266300E+03  0.267303E+03  0.875513E+00  0.168197E+00
2005   1  22  20.000  0.211900E+03  0.282787E+03  0.000000E+00  0.000000E+00  0.266529E+03  0.266706E+03  0.875501E+00  0.110546E+00
2005   1  22  21.000  0.201700E+03  0.279165E+03  0.000000E+00  0.000000E+00  0.265999E+03  0.265964E+03  0.875446E+00  0.110316E+00
2005   1  22  22.000  0.203300E+03  0.275985E+03  0.000000E+00  0.000000E+00  0.265729E+03  0.265231E+03  0.795774E+00  0.100152E+00
2005   1  22  23.000  0.204800E+03  0.274448E+03  0.000000E+00  0.000000E+00  0.266030E+03  0.264890E+03  0.955136E+00  0.120183E+00
2005   1  23   0.000  0.206700E+03  0.275539E+03  0.000000E+00  0.000000E+00  0.266471E+03  0.265172E+03  0.119413E+01  0.150847E+00
2005   1  23   1.000  0.235400E+03  0.281504E+03  0.000000E+00  0.000000E+00  0.267886E+03  0.266379E+03  0.127387E+01  0.172200E+00
2005   1  23   2.000  0.264200E+03  0.286528E+03  0.000000E+00  0.000000E+00  0.269337E+03  0.267232E+03  0.111467E+01  0.141067E+00
2005   1  23   3.000  0.279100E+03  0.293607E+03  0.000000E+00  0.000000E+00  0.270411E+03  0.268766E+03  0.150140E+01  0.303557E+00
2005   1  23   4.000  0.280500E+03  0.295449E+03  0.000000E+00  0.000000E+00  0.270092E+03  0.269069E+03  0.103507E+01  0.178491E+00
2005   1  23   5.000  0.288000E+03  0.296786E+03  0.000000E+00  0.000000E+00  0.270035E+03  0.269250E+03  0.716554E+00  0.907872E-01
2005   1  23   6.000  0.307900E+03  0.299100E+03  0.000000E+00  0.000000E+00  0.270167E+03  0.269645E+03  0.579189E+00  0.977254E-01
2005   1  23   7.000  0.316100E+03  0.300828E+03  0.000000E+00  0.000000E+00  0.270338E+03  0.269862E+03  0.657197E-01  0.131483E-01
2005   1  23   8.000  0.317000E+03  0.299612E+03  0.000000E+00  0.000000E+00  0.269485E+03  0.269417E+03  0.960612E+00  0.191028E+00
2005   1  23   9.000  0.315700E+03  0.299004E+03  0.370000E+01  0.204279E+00  0.269581E+03  0.269307E+03  0.778478E+00  0.164450E+00
2005   1  23  10.000  0.313600E+03  0.297233E+03  0.215000E+02  0.119099E+01  0.268803E+03  0.268861E+03  0.162562E+01  0.306881E+00
2005   1  23  11.000  0.315900E+03  0.297541E+03  0.414000E+02  0.229320E+01  0.268984E+03  0.268952E+03  0.201808E+01  0.375424E+00
2005   1  23  12.000  0.317000E+03  0.297466E+03  0.481000E+02  0.266439E+01  0.269032E+03  0.268891E+03  0.150528E+01  0.293619E+00
2005   1  23  13.000  0.314400E+03  0.298610E+03  0.694000E+02  0.384375E+01  0.269666E+03  0.269184E+03  0.913074E+00  0.194504E+00
2005   1  23  14.000  0.315400E+03  0.298425E+03  0.308000E+02  0.170542E+01  0.269222E+03  0.269143E+03  0.127791E+01  0.250586E+00
2005   1  23  15.000  0.311200E+03  0.297610E+03  0.141000E+02  0.779906E+00  0.269088E+03  0.269012E+03  0.120230E+01  0.235329E+00
2005   1  23  16.000  0.310000E+03  0.296659E+03  0.370000E+01  0.204453E+00  0.268989E+03  0.268802E+03  0.867079E+00  0.178722E+00
2005   1  23  17.000  0.307400E+03  0.294668E+03  0.000000E+00  0.000000E+00  0.268549E+03  0.268324E+03  0.702583E+00  0.150451E+00
2005   1  23  18.000  0.300600E+03  0.294353E+03  0.000000E+00  0.000000E+00  0.268384E+03  0.268421E+03  0.656737E-01  0.134388E-01
2005   1  23  19.000  0.290800E+03  0.291189E+03  0.000000E+00  0.000000E+00  0.267512E+03  0.267624E+03  0.351204E+00  0.778609E-01
2005   1  23  20.000  0.284800E+03  0.289137E+03  0.000000E+00  0.000000E+00  0.267091E+03  0.267277E+03  0.511962E+00  0.134846E+00
2005   1  23  21.000  0.284400E+03  0.288076E+03  0.000000E+00  0.000000E+00  0.266910E+03  0.267045E+03  0.470043E+00  0.906591E-01
2005   1  23  22.000  0.294300E+03  0.289601E+03  0.000000E+00  0.000000E+00  0.267865E+03  0.267555E+03  0.820163E+00  0.152613E+00
2005   1  23  23.000  0.294900E+03  0.290409E+03  0.000000E+00  0.000000E+00  0.267606E+03  0.267573E+03  0.996987E+00  0.180228E+00
2005   1  24   0.000  0.292800E+03  0.290564E+03  0.000000E+00  0.000000E+00  0.267660E+03  0.267612E+03  0.500617E+00  0.103047E+00
2005   1  24   1.000  0.297600E+03  0.291745E+03  0.000000E+00  0.000000E+00  0.267916E+03  0.267859E+03  0.132087E+01  0.236699E+00
2005   1  24   2.000  0.297900E+03  0.291212E+03  0.000000E+00  0.000000E+00  0.267681E+03  0.267670E+03  0.978542E+00  0.190907E+00
2005   1  24   3.000  0.295800E+03  0.291169E+03  0.000000E+00  0.000000E+00  0.267676E+03  0.267701E+03  0.190646E+01  0.354533E+00
2005   1  24   4.000  0.294000E+03  0.290394E+03  0.000000E+00  0.000000E+00  0.267474E+03  0.267507E+03  0.252188E+01  0.481657E+00
2005   1  24   5.000  0.297200E+03  0.289666E+03  0.000000E+00  0.000000E+00  0.267362E+03  0.267300E+03  0.883517E+00  0.177793E+00
2005   1  24   6.000  0.302800E+03  0.289776E+03  0.000000E+00  0.000000E+00  0.267383E+03  0.267281E+03  0.120296E+01  0.233011E+00
2005   1  24   7.000  0.302300E+03  0.289961E+03  0.000000E+00  0.000000E+00  0.267344E+03  0.267333E+03  0.172220E+01  0.314476E+00
2005   1  24   8.000  0.300800E+03  0.289879E+03  0.000000E+00  0.000000E+00  0.267330E+03  0.267317E+03  0.209746E+01  0.383996E+00
2005   1  24   9.000  0.299000E+03  0.288768E+03  0.200000E+01  0.111010E+00  0.267026E+03  0.267027E+03  0.264876E+01  0.497276E+00
2005   1  24  10.000  0.298900E+03  0.285993E+03  0.177000E+02  0.982706E+00  0.266220E+03  0.266321E+03  0.178518E+01  0.335767E+00
2005   1  24  11.000  0.298900E+03  0.285212E+03  0.205000E+02  0.113798E+01  0.266216E+03  0.266171E+03  0.144064E+01  0.278359E+00
2005   1  24  12.000  0.300900E+03  0.285283E+03  0.303000E+02  0.168230E+01  0.266287E+03  0.266168E+03  0.142987E+01  0.278410E+00
2005   1  24  13.000  0.308000E+03  0.287206E+03  0.747000E+02  0.414702E+01  0.267177E+03  0.266525E+03  0.105559E+01  0.223485E+00
2005   1  24  14.000  0.305900E+03  0.285249E+03  0.334000E+02  0.185396E+01  0.266000E+03  0.266027E+03  0.160572E+01  0.308766E+00
2005   1  24  15.000  0.297000E+03  0.282316E+03  0.171000E+02  0.949061E+00  0.265444E+03  0.265415E+03  0.135497E+01  0.266122E+00
2005   1  24  16.000  0.295600E+03  0.281092E+03  0.142000E+02  0.787264E+00  0.265352E+03  0.265172E+03  0.109892E+01  0.222704E+00
2005   1  24  17.000  0.297400E+03  0.280852E+03  0.000000E+00  0.000000E+00  0.265935E+03  0.265091E+03  0.324692E+00  0.779624E-01
2005   1  24  18.000  0.294900E+03  0.279635E+03  0.000000E+00  0.000000E+00  0.264963E+03  0.264834E+03  0.102941E+01  0.207578E+00
2005   1  24  19.000  0.292700E+03  0.279555E+03  0.000000E+00  0.000000E+00  0.265216E+03  0.264880E+03  0.774601E+00  0.163684E+00
2005   1  24  20.000  0.293900E+03  0.280184E+03  0.000000E+00  0.000000E+00  0.265270E+03  0.265043E+03  0.102862E+01  0.203525E+00
2005   1  24  21.000  0.290100E+03  0.279410E+03  0.000000E+00  0.000000E+00  0.264821E+03  0.264850E+03  0.202108E+01  0.371852E+00
2005   1  24  22.000  0.289500E+03  0.279260E+03  0.000000E+00  0.000000E+00  0.264866E+03  0.264840E+03  0.171595E+01  0.315129E+00
2005   1  24  23.000  0.289400E+03  0.278602E+03  0.000000E+00  0.000000E+00  0.264634E+03  0.264656E+03  0.196196E+01  0.358162E+00
2005   1  25   0.000  0.288500E+03  0.278423E+03  0.000000E+00  0.000000E+00  0.264665E+03  0.264639E+03  0.163427E+01  0.301316E+00
2005   1  25   1.000  0.289200E+03  0.278185E+03  0.000000E+00  0.000000E+00  0.264689E+03  0.264563E+03  0.112051E+01  0.219154E+00
2005   1  25   2.000  0.288800E+03  0.277474E+03  0.000000E+00  0.000000E+00  0.264396E+03  0.264376E+03  0.146317E+01  0.275600E+00
2005   1  25   3.000  0.289000E+03  0.277032E+03  0.000000E+00  0.000000E+00  0.264346E+03  0.264272E+03  0.137124E+01  0.261355E+00
2005   1  25   4.000  0.287800E+03  0.276510E+03  0.000000E+00  0.000000E+00  0.264146E+03  0.264154E+03  0.180326E+01  0.330225E+00
2005   1  25   5.000  0.287500E+03  0.276392E+03  0.000000E+00  0.000000E+00  0.264184E+03  0.264140E+03  0.162951E+01  0.301499E+00
2005   1  25   6.000  0.287200E+03  0.275751E+03  0.000000E+00  0.000000E+00  0.263967E+03  0.263964E+03  0.171566E+01  0.316872E+00
2005   1  25   7.000  0.286600E+03  0.275562E+03  0.000000E+00  0.000000E+00  0.263966E+03  0.263939E+03  0.171591E+01  0.315473E+00
2005   1  25   8.000  0.286300E+03  0.274923E+03  0.120000E+01  0.666555E-01  0.263760E+03  0.263763E+03  0.179932E+01  0.330836E+00
2005   1  25   9.000  0.288300E+03  0.275361E+03  0.131000E+02  0.727610E+00  0.263946E+03  0.263865E+03  0.169740E+01  0.316635E+00
2005   1  25  10.000  0.292000E+03  0.276565E+03  0.379000E+02  0.210496E+01  0.264217E+03  0.264108E+03  0.184741E+01  0.346405E+00
2005   1  25  11.000  0.291500E+03  0.277609E+03  0.112700E+03  0.625872E+01  0.264441E+03  0.264274E+03  0.173349E+01  0.338383E+00
2005   1  25  12.000  0.297700E+03  0.278825E+03  0.117200E+03  0.650640E+01  0.264683E+03  0.264497E+03  0.180968E+01  0.353000E+00
2005   1  25  13.000  0.296500E+03  0.278688E+03  0.940000E+02  0.521217E+01  0.264552E+03  0.264474E+03  0.182626E+01  0.352381E+00
2005   1  25  14.000  0.298900E+03  0.279517E+03  0.101700E+03  0.563729E+01  0.264824E+03  0.264671E+03  0.189806E+01  0.366136E+00
2005   1  25  15.000  0.298000E+03  0.278601E+03  0.651000E+02  0.360755E+01  0.264526E+03  0.264445E+03  0.174868E+01  0.337651E+00
2005   1  25  16.000  0.290700E+03  0.276268E+03  0.185000E+02  0.102661E+01  0.263945E+03  0.263975E+03  0.161592E+01  0.307691E+00
2005   1  25  17.000  0.287900E+03  0.274905E+03  0.700000E+00  0.388038E-01  0.263825E+03  0.263715E+03  0.119568E+01  0.235553E+00
2005   1  25  18.000  0.286800E+03  0.274836E+03  0.000000E+00  0.000000E+00  0.263942E+03  0.263754E+03  0.103203E+01  0.204991E+00
2005   1  25  19.000  0.288200E+03  0.274654E+03  0.000000E+00  0.000000E+00  0.264094E+03  0.263672E+03  0.689883E+00  0.149826E+00
2005   1  25  20.000  0.289700E+03  0.275506E+03  0.000000E+00  0.000000E+00  0.264223E+03  0.263915E+03  0.942026E+00  0.188754E+00
2005   1  25  21.000  0.289400E+03  0.275701E+03  0.000000E+00  0.000000E+00  0.264171E+03  0.263941E+03  0.102832E+01  0.204589E+00
2005   1  25  22.000  0.287700E+03  0.275065E+03  0.000000E+00  0.000000E+00  0.263914E+03  0.263776E+03  0.111654E+01  0.220200E+00
2005   1  25  23.000  0.287400E+03  0.274611E+03  0.000000E+00  0.000000E+00  0.263805E+03  0.263673E+03  0.119876E+01  0.233882E+00
2005   1  26   0.000  0.286000E+03  0.274154E+03  0.000000E+00  0.000000E+00  0.263814E+03  0.263572E+03  0.863370E+00  0.177966E+00
2005   1  26   1.000  0.285700E+03  0.273728E+03  0.000000E+00  0.000000E+00  0.263606E+03  0.263473E+03  0.111768E+01  0.219841E+00
2005   1  26   2.000  0.284500E+03  0.272664E+03  0.000000E+00  0.000000E+00  0.263265E+03  0.263201E+03  0.128635E+01  0.248861E+00
2005   1  26   3.000  0.283900E+03  0.271821E+03  0.000000E+00  0.000000E+00  0.263140E+03  0.263002E+03  0.111271E+01  0.220801E+00
2005   1  26   4.000  0.284600E+03  0.271102E+03  0.000000E+00  0.000000E+00  0.263062E+03  0.262810E+03  0.937670E+00  0.192966E+00
2005   1  26   5.000  0.281400E+03  0.270133E+03  0.000000E+00  0.000000E+00  0.262703E+03  0.262606E+03  0.111800E+01  0.220782E+00
2005   1  26   6.000  0.280600E+03  0.269272E+03  0.000000E+00  0.000000E+00  0.262434E+03  0.262402E+03  0.145470E+01  0.276279E+00
2005   1  26   7.000  0.280200E+03  0.267859E+03  0.000000E+00  0.000000E+00  0.262014E+03  0.262031E+03  0.170398E+01  0.319151E+00
2005   1  26   8.000  0.279000E+03  0.267264E+03  0.260000E+01  0.142884E+00  0.262049E+03  0.261916E+03  0.119185E+01  0.234691E+00
2005   1  26   9.000  0.285900E+03  0.268509E+03  0.286000E+02  0.157034E+01  0.262732E+03  0.262146E+03  0.907111E+00  0.195223E+00
2005   1  26  10.000  0.289500E+03  0.269858E+03  0.545000E+02  0.298974E+01  0.263129E+03  0.262400E+03  0.895154E+00  0.197633E+00
2005   1  26  11.000  0.294800E+03  0.271131E+03  0.652000E+02  0.357328E+01  0.263349E+03  0.262640E+03  0.105019E+01  0.226162E+00
2005   1  26  12.000  0.298000E+03  0.272659E+03  0.885000E+02  0.484533E+01  0.263501E+03  0.262979E+03  0.137673E+01  0.281781E+00
2005   1  26  13.000  0.296000E+03  0.272303E+03  0.714000E+02  0.390495E+01  0.263203E+03  0.262887E+03  0.147354E+01  0.296555E+00
2005   1  26  14.000  0.296300E+03  0.272786E+03  0.618000E+02  0.337626E+01  0.263404E+03  0.263046E+03  0.147354E+01  0.295601E+00
2005   1  26  15.000  0.291400E+03  0.271662E+03  0.315000E+02  0.171915E+01  0.263097E+03  0.262814E+03  0.124321E+01  0.252446E+00
2005   1  26  16.000  0.287300E+03  0.269882E+03  0.153000E+02  0.834198E+00  0.262979E+03  0.262393E+03  0.748717E+00  0.166321E+00
2005   1  26  17.000  0.278200E+03  0.268309E+03  0.110000E+01  0.599179E-01  0.262671E+03  0.262088E+03  0.259831E+00  0.591052E-01
2005   1  26  18.000  0.273300E+03  0.267785E+03  0.000000E+00  0.000000E+00  0.262539E+03  0.262077E+03  0.194944E+00  0.446450E-01
2005   1  26  19.000  0.276500E+03  0.268015E+03  0.000000E+00  0.000000E+00  0.262645E+03  0.262152E+03  0.456311E+00  0.106628E+00
2005   1  26  20.000  0.275100E+03  0.267797E+03  0.000000E+00  0.000000E+00  0.262626E+03  0.262063E+03  0.194985E+00  0.454935E-01
2005   1  26  21.000  0.275500E+03  0.267939E+03  0.000000E+00  0.000000E+00  0.262533E+03  0.262196E+03  0.130331E+00  0.268367E-01
2005   1  26  22.000  0.277600E+03  0.267548E+03  0.000000E+00  0.000000E+00  0.262556E+03  0.261975E+03  0.389455E+00  0.920004E-01
2005   1  26  23.000  0.280300E+03  0.268833E+03  0.000000E+00  0.000000E+00  0.263104E+03  0.262409E+03  0.324627E+00  0.655453E-01
2005   1  27   0.000  0.283800E+03  0.269752E+03  0.000000E+00  0.000000E+00  0.262866E+03  0.262539E+03  0.937162E+00  0.189252E+00
2005   1  27   1.000  0.283800E+03  0.269151E+03  0.000000E+00  0.000000E+00  0.263070E+03  0.262289E+03  0.389507E+00  0.916723E-01
2005   1  27   2.000  0.286200E+03  0.268727E+03  0.000000E+00  0.000000E+00  0.263112E+03  0.262128E+03  0.259952E+00  0.614772E-01
2005   1  27   3.000  0.285500E+03  0.267827E+03  0.000000E+00  0.000000E+00  0.262762E+03  0.261926E+03  0.454372E+00  0.107203E+00
2005   1  27   4.000  0.283000E+03  0.266320E+03  0.000000E+00  0.000000E+00  0.262364E+03  0.261546E+03  0.454372E+00  0.106874E+00
2005   1  27   5.000  0.278500E+03  0.264283E+03  0.000000E+00  0.000000E+00  0.261786E+03  0.261062E+03  0.454356E+00  0.107516E+00
2005   1  27   6.000  0.277500E+03  0.263193E+03  0.000000E+00  0.000000E+00  0.261234E+03  0.260871E+03  0.842662E+00  0.179757E+00
2005   1  27   7.000  0.276700E+03  0.262042E+03  0.000000E+00  0.000000E+00  0.260982E+03  0.260581E+03  0.838948E+00  0.179757E+00
2005   1  27   8.000  0.274000E+03  0.260242E+03  0.350000E+01  0.188328E+00  0.260560E+03  0.260110E+03  0.755497E+00  0.165825E+00
2005   1  27   9.000  0.270900E+03  0.260866E+03  0.207000E+02  0.111289E+01  0.260800E+03  0.260423E+03  0.130682E+00  0.268463E-01
2005   1  27  10.000  0.274900E+03  0.264596E+03  0.825000E+02  0.443197E+01  0.261885E+03  0.261254E+03  0.131006E+00  0.268538E-01
2005   1  27  11.000  0.305300E+03  0.272755E+03  0.145100E+03  0.778857E+01  0.264309E+03  0.262807E+03  0.131868E+00  0.268739E-01
2005   1  27  12.000  0.312600E+03  0.273712E+03  0.128100E+03  0.687021E+01  0.264086E+03  0.262791E+03  0.390038E+00  0.823856E-01
2005   1  27  13.000  0.308700E+03  0.274681E+03  0.106200E+03  0.569391E+01  0.264411E+03  0.263172E+03  0.325250E+00  0.673636E-01
2005   1  27  14.000  0.308800E+03  0.274799E+03  0.100500E+03  0.538285E+01  0.264502E+03  0.263144E+03  0.389946E+00  0.825608E-01
2005   1  27  15.000  0.298800E+03  0.270208E+03  0.151100E+03  0.809101E+01  0.263730E+03  0.261917E+03  0.584319E+00  0.139878E+00
2005   1  27  16.000  0.287000E+03  0.266712E+03  0.534000E+02  0.285552E+01  0.262610E+03  0.261397E+03  0.454508E+00  0.108588E+00
2005   1  27  17.000  0.280200E+03  0.266743E+03  0.700000E+00  0.373935E-01  0.262220E+03  0.261824E+03  0.664308E-01  0.134561E-01
2005   1  27  18.000  0.281100E+03  0.266892E+03  0.000000E+00  0.000000E+00  0.262098E+03  0.261824E+03  0.664818E-01  0.134635E-01
2005   1  27  19.000  0.272200E+03  0.262859E+03  0.000000E+00  0.000000E+00  0.261119E+03  0.260728E+03  0.603860E+00  0.137592E+00
2005   1  27  20.000  0.259900E+03  0.259901E+03  0.000000E+00  0.000000E+00  0.260381E+03  0.260165E+03  0.466212E+00  0.107567E+00
2005   1  27  21.000  0.259100E+03  0.259703E+03  0.000000E+00  0.000000E+00  0.260198E+03  0.260268E+03  0.165233E+01  0.299205E+00
2005   1  27  22.000  0.258100E+03  0.259340E+03  0.000000E+00  0.000000E+00  0.260112E+03  0.260183E+03  0.140296E+01  0.258153E+00
2005   1  27  23.000  0.258400E+03  0.259929E+03  0.000000E+00  0.000000E+00  0.260406E+03  0.260386E+03  0.115951E+01  0.202940E+00
2005   1  28   0.000  0.261300E+03  0.260155E+03  0.000000E+00  0.000000E+00  0.260395E+03  0.260366E+03  0.974658E+00  0.187486E+00
2005   1  28   1.000  0.261900E+03  0.260715E+03  0.000000E+00  0.000000E+00  0.260846E+03  0.260740E+03  0.566170E+00  0.103644E+00
2005   1  28   2.000  0.271300E+03  0.262044E+03  0.000000E+00  0.000000E+00  0.261467E+03  0.260707E+03  0.130354E+00  0.311815E-01
2005   1  28   3.000  0.274900E+03  0.262368E+03  0.000000E+00  0.000000E+00  0.261478E+03  0.260685E+03  0.259871E+00  0.621496E-01
2005   1  28   4.000  0.278000E+03  0.264350E+03  0.000000E+00  0.000000E+00  0.262568E+03  0.261333E+03  0.324617E+00  0.769308E-01
2005   1  28   5.000  0.279300E+03  0.266836E+03  0.000000E+00  0.000000E+00  0.263383E+03  0.261943E+03  0.466488E+00  0.107705E+00
2005   1  28   6.000  0.280600E+03  0.268544E+03  0.000000E+00  0.000000E+00  0.263452E+03  0.262335E+03  0.324583E+00  0.769316E-01
2005   1  28   7.000  0.281900E+03  0.269586E+03  0.000000E+00  0.000000E+00  0.263326E+03  0.262487E+03  0.130388E+00  0.311832E-01
2005   1  28   8.000  0.284100E+03  0.270507E+03  0.570000E+01  0.301358E+00  0.263349E+03  0.262733E+03  0.130525E+00  0.268378E-01
2005   1  28   9.000  0.294200E+03  0.273635E+03  0.418000E+02  0.221052E+01  0.264289E+03  0.263337E+03  0.130945E+00  0.268465E-01
2005   1  28  10.000  0.293400E+03  0.275606E+03  0.130000E+03  0.687572E+01  0.264095E+03  0.263717E+03  0.138541E+01  0.282664E+00
2005   1  28  11.000  0.305100E+03  0.283166E+03  0.189900E+03  0.100337E+02  0.266576E+03  0.265318E+03  0.260508E+00  0.536745E-01
2005   1  28  12.000  0.316400E+03  0.296641E+03  0.255300E+03  0.134758E+02  0.267018E+03  0.268184E+03  0.669803E-01  0.135401E-01
2005   1  28  13.000  0.317100E+03  0.300403E+03  0.508600E+03  0.268212E+02  0.267344E+03  0.268476E+03  0.454673E+00  0.939238E-01
2005   1  28  14.000  0.276100E+03  0.291737E+03  0.393000E+03  0.206766E+02  0.267205E+03  0.266892E+03  0.584326E+00  0.120466E+00
2005   1  28  15.000  0.239100E+03  0.284395E+03  0.212700E+03  0.111658E+02  0.264275E+03  0.265928E+03  0.389435E+00  0.809914E-01
2005   1  28  16.000  0.210600E+03  0.278284E+03  0.521000E+02  0.273121E+01  0.262270E+03  0.265166E+03  0.780210E-01  0.134871E-01
2005   1  28  17.000  0.185800E+03  0.267982E+03  0.000000E+00  0.000000E+00  0.261007E+03  0.262997E+03  0.397483E+00  0.776928E-01
2005   1  28  18.000  0.184500E+03  0.261852E+03  0.000000E+00  0.000000E+00  0.260197E+03  0.261888E+03  0.157636E+00  0.279549E-01
2005   1  28  19.000  0.208900E+03  0.259634E+03  0.000000E+00  0.000000E+00  0.260978E+03  0.261103E+03  0.477398E+00  0.614391E-01
2005   1  28  20.000  0.246700E+03  0.261338E+03  0.000000E+00  0.000000E+00  0.262135E+03  0.261025E+03  0.238663E+00  0.450816E-01
2005   1  28  21.000  0.265200E+03  0.262977E+03  0.000000E+00  0.000000E+00  0.262605E+03  0.261273E+03  0.651608E-01  0.153837E-01
2005   1  28  22.000  0.260500E+03  0.263458E+03  0.000000E+00  0.000000E+00  0.262037E+03  0.261411E+03  0.290766E+00  0.615326E-01
2005   1  28  23.000  0.260600E+03  0.264031E+03  0.000000E+00  0.000000E+00  0.261926E+03  0.261687E+03  0.703054E+00  0.101966E+00
2005   1  29   0.000  0.264400E+03  0.264667E+03  0.000000E+00  0.000000E+00  0.262068E+03  0.261654E+03  0.129952E+00  0.307614E-01
2005   1  29   1.000  0.263800E+03  0.264922E+03  0.000000E+00  0.000000E+00  0.261813E+03  0.261861E+03  0.129983E+00  0.308015E-01
2005   1  29   2.000  0.252200E+03  0.262968E+03  0.000000E+00  0.000000E+00  0.260866E+03  0.261096E+03  0.238868E+00  0.450223E-01
2005   1  29   3.000  0.247300E+03  0.261296E+03  0.000000E+00  0.000000E+00  0.260443E+03  0.260798E+03  0.605261E+00  0.119177E+00
2005   1  29   4.000  0.244900E+03  0.258403E+03  0.000000E+00  0.000000E+00  0.259125E+03  0.260108E+03  0.215954E+00  0.402542E-01
2005   1  29   5.000  0.240600E+03  0.256444E+03  0.000000E+00  0.000000E+00  0.258481E+03  0.259711E+03  0.795942E-01  0.134517E-01
2005   1  29   6.000  0.244200E+03  0.252722E+03  0.000000E+00  0.000000E+00  0.258215E+03  0.258445E+03  0.508247E+00  0.109354E+00
2005   1  29   7.000  0.244500E+03  0.251360E+03  0.000000E+00  0.000000E+00  0.257836E+03  0.258362E+03  0.194802E+00  0.407172E-01
2005   1  29   8.000  0.237700E+03  0.250568E+03  0.700000E+01  0.363303E+00  0.257862E+03  0.258108E+03  0.274956E+00  0.616396E-01
2005   1  29   9.000  0.242700E+03  0.253725E+03  0.547000E+02  0.283727E+01  0.259140E+03  0.259263E+03  0.130005E+00  0.252155E-01
2005   1  29  10.000  0.259300E+03  0.266083E+03  0.248500E+03  0.128822E+02  0.262291E+03  0.261693E+03  0.131267E+00  0.268653E-01
2005   1  29  11.000  0.272300E+03  0.278407E+03  0.433200E+03  0.224406E+02  0.264209E+03  0.263967E+03  0.260849E+00  0.536962E-01
2005   1  29  12.000  0.241900E+03  0.274357E+03  0.290000E+03  0.150034E+02  0.261942E+03  0.263248E+03  0.389697E+00  0.805086E-01
2005   1  29  13.000  0.223200E+03  0.278043E+03  0.422700E+03  0.218389E+02  0.263138E+03  0.264307E+03  0.325039E+00  0.671013E-01
2005   1  29  14.000  0.211900E+03  0.269171E+03  0.401400E+03  0.207094E+02  0.262301E+03  0.262130E+03  0.656324E+00  0.154635E+00
2005   1  29  15.000  0.217600E+03  0.265618E+03  0.248900E+03  0.128193E+02  0.261353E+03  0.261613E+03  0.622938E+00  0.139676E+00
2005   1  29  16.000  0.243800E+03  0.263710E+03  0.460000E+02  0.236639E+01  0.260518E+03  0.261230E+03  0.335861E+00  0.680838E-01
2005   1  29  17.000  0.245900E+03  0.261579E+03  0.240000E+01  0.123374E+00  0.260179E+03  0.260923E+03  0.238876E+00  0.408553E-01
2005   1  29  18.000  0.252400E+03  0.260668E+03  0.000000E+00  0.000000E+00  0.260365E+03  0.260528E+03  0.194717E+00  0.409764E-01
2005   1  29  19.000  0.250800E+03  0.259932E+03  0.000000E+00  0.000000E+00  0.260179E+03  0.260524E+03  0.129815E+00  0.275580E-01
2005   1  29  20.000  0.248800E+03  0.259237E+03  0.000000E+00  0.000000E+00  0.260072E+03  0.260241E+03  0.159233E+00  0.310196E-01
2005   1  29  21.000  0.244000E+03  0.258191E+03  0.000000E+00  0.000000E+00  0.259756E+03  0.260087E+03  0.398094E+00  0.740093E-01
2005   1  29  22.000  0.213000E+03  0.254228E+03  0.000000E+00  0.000000E+00  0.258577E+03  0.259552E+03  0.557159E+00  0.952962E-01
2005   1  29  23.000  0.178100E+03  0.247996E+03  0.000000E+00  0.000000E+00  0.256985E+03  0.258309E+03  0.317622E+00  0.615309E-01
2005   1  30   0.000  0.176400E+03  0.243750E+03  0.000000E+00  0.000000E+00  0.256472E+03  0.257361E+03  0.556887E+00  0.717328E-01
2005   1  30   1.000  0.173300E+03  0.241092E+03  0.000000E+00  0.000000E+00  0.256615E+03  0.256625E+03  0.556819E+00  0.107683E+00
2005   1  30   2.000  0.172900E+03  0.237834E+03  0.000000E+00  0.000000E+00  0.256133E+03  0.255707E+03  0.237427E+00  0.461591E-01
2005   1  30   3.000  0.172800E+03  0.235610E+03  0.000000E+00  0.000000E+00  0.256073E+03  0.255113E+03  0.317383E+00  0.615466E-01
2005   1  30   4.000  0.173000E+03  0.234461E+03  0.000000E+00  0.000000E+00  0.256206E+03  0.254885E+03  0.397211E+00  0.731602E-01
2005   1  30   5.000  0.173200E+03  0.233029E+03  0.000000E+00  0.000000E+00  0.256284E+03  0.254434E+03  0.317298E+00  0.615459E-01
2005   1  30   6.000  0.173900E+03  0.230585E+03  0.000000E+00  0.000000E+00  0.255758E+03  0.253819E+03  0.156890E+00  0.307682E-01
2005   1  30   7.000  0.173200E+03  0.230756E+03  0.000000E+00  0.000000E+00  0.255705E+03  0.253906E+03  0.556734E+00  0.107671E+00
2005   1  30   8.000  0.176400E+03  0.230158E+03  0.540000E+01  0.275544E+00  0.256990E+03  0.253661E+03  0.237169E+00  0.461563E-01
2005   1  30   9.000  0.177200E+03  0.229658E+03  0.207000E+02  0.105580E+01  0.257037E+03  0.253530E+03  0.156800E+00  0.307661E-01
2005   1  30  10.000  0.185500E+03  0.241900E+03  0.247300E+03  0.126077E+02  0.261309E+03  0.256629E+03  0.766977E-01  0.153707E-01
2005   1  30  11.000  0.198700E+03  0.267991E+03  0.482400E+03  0.245818E+02  0.263858E+03  0.262860E+03  0.159128E+00  0.307732E-01
2005   1  30  12.000  0.203600E+03  0.286607E+03  0.469000E+03  0.238871E+02  0.265420E+03  0.266775E+03  0.238779E+00  0.402653E-01
2005   1  30  13.000  0.205100E+03  0.292083E+03  0.456500E+03  0.232312E+02  0.266054E+03  0.267872E+03  0.557369E+00  0.960081E-01
2005   1  30  14.000  0.203400E+03  0.288828E+03  0.387700E+03  0.197007E+02  0.266037E+03  0.267224E+03  0.636931E+00  0.122047E+00
2005   1  30  15.000  0.201500E+03  0.288214E+03  0.266400E+03  0.135151E+02  0.264664E+03  0.267165E+03  0.397804E+00  0.670879E-01
2005   1  30  16.000  0.195600E+03  0.278585E+03  0.420000E+02  0.212849E+01  0.261479E+03  0.265165E+03  0.157458E+00  0.268666E-01
2005   1  30  17.000  0.195200E+03  0.271901E+03  0.130000E+01  0.658355E-01  0.261844E+03  0.263981E+03  0.237406E+00  0.307483E-01
2005   1  30  18.000  0.195400E+03  0.266711E+03  0.000000E+00  0.000000E+00  0.262444E+03  0.262866E+03  0.476995E+00  0.631680E-01
2005   1  30  19.000  0.195500E+03  0.263600E+03  0.000000E+00  0.000000E+00  0.262429E+03  0.262102E+03  0.397169E+00  0.769284E-01
2005   1  30  20.000  0.196100E+03  0.260874E+03  0.000000E+00  0.000000E+00  0.262566E+03  0.261531E+03  0.795829E+00  0.102389E+00
2005   1  30  21.000  0.197200E+03  0.259318E+03  0.000000E+00  0.000000E+00  0.262594E+03  0.261154E+03  0.875506E+00  0.112659E+00
2005   1  30  22.000  0.197900E+03  0.260563E+03  0.000000E+00  0.000000E+00  0.262727E+03  0.261394E+03  0.795822E+00  0.153850E+00
2005   1  30  23.000  0.202000E+03  0.264631E+03  0.000000E+00  0.000000E+00  0.263891E+03  0.262431E+03  0.135344E+01  0.185990E+00
2005   1  31   0.000  0.211100E+03  0.270472E+03  0.000000E+00  0.000000E+00  0.265405E+03  0.263758E+03  0.135345E+01  0.189271E+00
2005   1  31   1.000  0.223200E+03  0.275138E+03  0.000000E+00  0.000000E+00  0.266312E+03  0.264616E+03  0.135347E+01  0.240104E+00
2005   1  31   2.000  0.236200E+03  0.275994E+03  0.000000E+00  0.000000E+00  0.266426E+03  0.264667E+03  0.955256E+00  0.122968E+00
2005   1  31   3.000  0.274300E+03  0.280387E+03  0.000000E+00  0.000000E+00  0.267031E+03  0.265348E+03  0.557129E+00  0.107681E+00
2005   1  31   4.000  0.252800E+03  0.282371E+03  0.000000E+00  0.000000E+00  0.267109E+03  0.266071E+03  0.103498E+01  0.146281E+00
2005   1  31   5.000  0.214100E+03  0.278604E+03  0.000000E+00  0.000000E+00  0.265752E+03  0.265441E+03  0.111452E+01  0.196283E+00
2005   1  31   6.000  0.231300E+03  0.278207E+03  0.000000E+00  0.000000E+00  0.266350E+03  0.265271E+03  0.875603E+00  0.112765E+00
2005   1  31   7.000  0.225500E+03  0.278174E+03  0.000000E+00  0.000000E+00  0.266231E+03  0.265341E+03  0.716228E+00  0.138470E+00
2005   1  31   8.000  0.252300E+03  0.282911E+03  0.247000E+02  0.124646E+01  0.267208E+03  0.266207E+03  0.796043E+00  0.153866E+00
2005   1  31   9.000  0.290000E+03  0.290857E+03  0.615000E+02  0.310288E+01  0.269109E+03  0.267651E+03  0.477629E+00  0.923001E-01
2005   1  31  10.000  0.290700E+03  0.298827E+03  0.113800E+03  0.573956E+01  0.269968E+03  0.269420E+03  0.398064E+00  0.769304E-01
2005   1  31  11.000  0.289600E+03  0.305762E+03  0.184100E+03  0.928111E+01  0.270927E+03  0.270942E+03  0.587032E+00  0.122823E+00
2005   1  31  12.000  0.294200E+03  0.314299E+03  0.227800E+03  0.114754E+02  0.271933E+03  0.272489E+03  0.194885E+00  0.402623E-01
2005   1  31  13.000  0.295400E+03  0.313833E+03  0.184300E+03  0.927591E+01  0.272001E+03  0.272449E+03  0.397220E+00  0.818486E-01
2005   1  31  14.000  0.289200E+03  0.318683E+03  0.294600E+03  0.148092E+02  0.272315E+03  0.273426E+03  0.404241E+00  0.827792E-01
2005   1  31  15.000  0.225500E+03  0.309699E+03  0.280100E+03  0.139664E+02  0.271277E+03  0.272246E+03  0.119437E+01  0.228563E+00
2005   1  31  16.000  0.218500E+03  0.302198E+03  0.562000E+02  0.279856E+01  0.269204E+03  0.270861E+03  0.151281E+01  0.276293E+00
2005   1  31  17.000  0.246700E+03  0.299490E+03  0.680000E+01  0.338414E+00  0.269021E+03  0.270098E+03  0.135358E+01  0.230176E+00
2005   1  31  18.000  0.278100E+03  0.299883E+03  0.000000E+00  0.000000E+00  0.269040E+03  0.269928E+03  0.133483E+01  0.287346E+00
2005   1  31  19.000  0.284800E+03  0.300919E+03  0.000000E+00  0.000000E+00  0.269265E+03  0.270116E+03  0.176355E+01  0.473027E+00
2005   1  31  20.000  0.289000E+03  0.302147E+03  0.000000E+00  0.000000E+00  0.269610E+03  0.270361E+03  0.143776E+01  0.354765E+00
2005   1  31  21.000  0.292000E+03  0.302721E+03  0.000000E+00  0.000000E+00  0.269766E+03  0.270442E+03  0.172730E+01  0.475231E+00
2005   1  31  22.000  0.292400E+03  0.300223E+03  0.000000E+00  0.000000E+00  0.269139E+03  0.269803E+03  0.127058E+01  0.343513E+00
2005   1  31  23.000  0.293000E+03  0.299382E+03  0.000000E+00  0.000000E+00  0.269150E+03  0.269649E+03  0.145669E+01  0.409623E+00
2005   2   1   0.000  0.295100E+03  0.302376E+03  0.000000E+00  0.000000E+00  0.269993E+03  0.270392E+03  0.186864E+01  0.527712E+00
2005   2   1   1.000  0.297100E+03  0.305919E+03  0.000000E+00  0.000000E+00  0.270739E+03  0.271180E+03  0.224006E+01  0.641978E+00
2005   2   1   2.000  0.302300E+03  0.308335E+03  0.000000E+00  0.000000E+00  0.271239E+03  0.271640E+03  0.156507E+01  0.427420E+00
2005   2   1   3.000  0.302000E+03  0.308778E+03  0.000000E+00  0.000000E+00  0.271214E+03  0.271713E+03  0.144095E+01  0.389880E+00
2005   2   1   4.000  0.302900E+03  0.308592E+03  0.000000E+00  0.000000E+00  0.271198E+03  0.271653E+03  0.117290E+01  0.307500E+00
2005   2   1   5.000  0.303200E+03  0.308617E+03  0.000000E+00  0.000000E+00  0.271301E+03  0.271670E+03  0.180703E+01  0.519980E+00
2005   2   1   6.000  0.304000E+03  0.309395E+03  0.000000E+00  0.000000E+00  0.271662E+03  0.271856E+03  0.245354E+01  0.603712E+00
2005   2   1   7.000  0.304300E+03  0.308815E+03  0.000000E+00  0.000000E+00  0.271568E+03  0.271688E+03  0.348823E+01  0.760717E+00
2005   2   1   8.000  0.305900E+03  0.308117E+03  0.800000E+00  0.424933E-01  0.271402E+03  0.271519E+03  0.267195E+01  0.592396E+00
2005   2   1   9.000  0.316300E+03  0.307566E+03  0.132000E+02  0.715102E+00  0.271276E+03  0.271263E+03  0.122407E+01  0.234474E+00
2005   2   1  10.000  0.312800E+03  0.304695E+03  0.318000E+02  0.175797E+01  0.270480E+03  0.270591E+03  0.280247E+01  0.542295E+00
2005   2   1  11.000  0.278500E+03  0.299875E+03  0.124600E+03  0.689176E+01  0.269335E+03  0.269745E+03  0.193191E+01  0.449169E+00
2005   2   1  12.000  0.270000E+03  0.300448E+03  0.153300E+03  0.847673E+01  0.269506E+03  0.270002E+03  0.703713E+00  0.197836E+00
2005   2   1  13.000  0.305500E+03  0.302196E+03  0.123500E+03  0.682648E+01  0.270605E+03  0.269957E+03  0.454353E+00  0.109027E+00
2005   2   1  14.000  0.284900E+03  0.302181E+03  0.156800E+03  0.865586E+01  0.269948E+03  0.270231E+03  0.124603E+01  0.239169E+00
2005   2   1  15.000  0.281300E+03  0.303160E+03  0.186600E+03  0.102878E+02  0.270349E+03  0.270449E+03  0.966549E+00  0.196991E+00
2005   2   1  16.000  0.299600E+03  0.301031E+03  0.307000E+02  0.169156E+01  0.269648E+03  0.269845E+03  0.855174E+00  0.165621E+00
2005   2   1  17.000  0.311500E+03  0.298768E+03  0.140000E+01  0.774778E-01  0.269227E+03  0.269252E+03  0.137595E+01  0.264526E+00
2005   2   1  18.000  0.309900E+03  0.297302E+03  0.000000E+00  0.000000E+00  0.269390E+03  0.268911E+03  0.324589E+00  0.778821E-01
2005   2   1  19.000  0.314800E+03  0.298409E+03  0.000000E+00  0.000000E+00  0.269720E+03  0.269244E+03  0.660439E-01  0.134359E-01
2005   2   1  20.000  0.314500E+03  0.299014E+03  0.000000E+00  0.000000E+00  0.269704E+03  0.269358E+03  0.660319E-01  0.134409E-01
2005   2   1  21.000  0.310900E+03  0.297256E+03  0.000000E+00  0.000000E+00  0.268957E+03  0.268912E+03  0.884395E+00  0.179081E+00
2005   2   1  22.000  0.308600E+03  0.296125E+03  0.000000E+00  0.000000E+00  0.268814E+03  0.268696E+03  0.956409E+00  0.192559E+00
2005   2   1  23.000  0.308300E+03  0.295272E+03  0.000000E+00  0.000000E+00  0.268877E+03  0.268485E+03  0.537341E+00  0.121190E+00
2005   2   2   0.000  0.308900E+03  0.295870E+03  0.000000E+00  0.000000E+00  0.269174E+03  0.268706E+03  0.130343E+00  0.268353E-01
2005   2   2   1.000  0.299600E+03  0.292769E+03  0.000000E+00  0.000000E+00  0.267889E+03  0.267926E+03  0.654943E+00  0.135714E+00
2005   2   2   2.000  0.293900E+03  0.291203E+03  0.000000E+00  0.000000E+00  0.267601E+03  0.267686E+03  0.835655E+00  0.163681E+00
2005   2   2   3.000  0.290000E+03  0.289367E+03  0.000000E+00  0.000000E+00  0.267140E+03  0.267288E+03  0.137422E+01  0.261647E+00
2005   2   2   4.000  0.286300E+03  0.288687E+03  0.000000E+00  0.000000E+00  0.267099E+03  0.267200E+03  0.181424E+01  0.368476E+00
2005   2   2   5.000  0.291400E+03  0.290057E+03  0.000000E+00  0.000000E+00  0.267654E+03  0.267546E+03  0.125313E+01  0.206641E+00
2005   2   2   6.000  0.298300E+03  0.291105E+03  0.000000E+00  0.000000E+00  0.267743E+03  0.267678E+03  0.123155E+01  0.226218E+00
2005   2   2   7.000  0.301100E+03  0.292062E+03  0.000000E+00  0.000000E+00  0.267912E+03  0.267864E+03  0.201198E+01  0.366795E+00
2005   2   2   8.000  0.303500E+03  0.293438E+03  0.570000E+01  0.313772E+00  0.268472E+03  0.268177E+03  0.710251E+00  0.142909E+00
2005   2   2   9.000  0.307400E+03  0.294758E+03  0.390000E+02  0.214512E+01  0.268460E+03  0.268386E+03  0.161382E+01  0.304051E+00
2005   2   2  10.000  0.306700E+03  0.296022E+03  0.771000E+02  0.423720E+01  0.268685E+03  0.268655E+03  0.185419E+01  0.348560E+00
2005   2   2  11.000  0.312400E+03  0.298041E+03  0.109900E+03  0.604484E+01  0.269439E+03  0.269023E+03  0.123183E+01  0.252576E+00
2005   2   2  12.000  0.316700E+03  0.299082E+03  0.125200E+03  0.690324E+01  0.269522E+03  0.269176E+03  0.131313E+01  0.269155E+00
2005   2   2  13.000  0.316200E+03  0.300238E+03  0.102800E+03  0.568564E+01  0.269541E+03  0.269509E+03  0.184431E+01  0.350849E+00
2005   2   2  14.000  0.314300E+03  0.300623E+03  0.908000E+02  0.502367E+01  0.269792E+03  0.269603E+03  0.141700E+01  0.281177E+00
2005   2   2  15.000  0.314300E+03  0.302112E+03  0.647000E+02  0.357963E+01  0.270119E+03  0.270010E+03  0.144086E+01  0.278570E+00
2005   2   2  16.000  0.314500E+03  0.304409E+03  0.398000E+02  0.220207E+01  0.270736E+03  0.270587E+03  0.137430E+01  0.258817E+00
2005   2   2  17.000  0.316800E+03  0.305742E+03  0.100000E+01  0.552788E-01  0.271346E+03  0.270878E+03  0.726274E+00  0.115263E+00
2005   2   2  18.000  0.316700E+03  0.306660E+03  0.000000E+00  0.000000E+00  0.271478E+03  0.271082E+03  0.563588E+00  0.789541E-01
2005   2   2  19.000  0.309700E+03  0.306770E+03  0.000000E+00  0.000000E+00  0.271208E+03  0.271181E+03  0.136517E+01  0.266120E+00
2005   2   2  20.000  0.307100E+03  0.306139E+03  0.000000E+00  0.000000E+00  0.271024E+03  0.271043E+03  0.106737E+01  0.201581E+00
2005   2   2  21.000  0.306600E+03  0.306567E+03  0.000000E+00  0.000000E+00  0.271286E+03  0.271179E+03  0.717668E+00  0.148934E+00
2005   2   2  22.000  0.310300E+03  0.306272E+03  0.000000E+00  0.000000E+00  0.271063E+03  0.271049E+03  0.182015E+01  0.340950E+00
2005   2   2  23.000  0.315000E+03  0.305815E+03  0.000000E+00  0.000000E+00  0.270905E+03  0.270894E+03  0.179542E+01  0.328930E+00
2005   2   3   0.000  0.315400E+03  0.305341E+03  0.000000E+00  0.000000E+00  0.270805E+03  0.270787E+03  0.207412E+01  0.384206E+00
2005   2   3   1.000  0.313700E+03  0.305475E+03  0.000000E+00  0.000000E+00  0.270894E+03  0.270855E+03  0.185555E+01  0.340237E+00
2005   2   3   2.000  0.315000E+03  0.305957E+03  0.000000E+00  0.000000E+00  0.271038E+03  0.270956E+03  0.123331E+01  0.228444E+00
2005   2   3   3.000  0.316300E+03  0.305893E+03  0.000000E+00  0.000000E+00  0.271222E+03  0.270901E+03  0.472004E+00  0.105730E+00
2005   2   3   4.000  0.311700E+03  0.305573E+03  0.000000E+00  0.000000E+00  0.271030E+03  0.270880E+03  0.412715E+00  0.908567E-01
2005   2   3   5.000  0.306600E+03  0.304903E+03  0.000000E+00  0.000000E+00  0.270750E+03  0.270778E+03  0.528238E+00  0.104616E+00
2005   2   3   6.000  0.303300E+03  0.304545E+03  0.000000E+00  0.000000E+00  0.270687E+03  0.270747E+03  0.341166E+00  0.102333E+00
2005   2   3   7.000  0.298200E+03  0.304009E+03  0.000000E+00  0.000000E+00  0.270635E+03  0.270719E+03  0.637000E+00  0.918871E-01
2005   2   3   8.000  0.302400E+03  0.304547E+03  0.730000E+01  0.402762E+00  0.270776E+03  0.270792E+03  0.305470E+00  0.584758E-01
2005   2   3   9.000  0.306000E+03  0.306156E+03  0.542000E+02  0.299042E+01  0.271294E+03  0.271036E+03  0.474226E+00  0.108378E+00
2005   2   3  10.000  0.313200E+03  0.307426E+03  0.606000E+02  0.334084E+01  0.271655E+03  0.271196E+03  0.324578E+00  0.778333E-01
2005   2   3  11.000  0.320000E+03  0.308087E+03  0.907000E+02  0.500408E+01  0.271586E+03  0.271201E+03  0.389432E+00  0.932143E-01
2005   2   3  12.000  0.313700E+03  0.310031E+03  0.159200E+03  0.878720E+01  0.271802E+03  0.271711E+03  0.707575E+00  0.154135E+00
2005   2   3  13.000  0.294400E+03  0.311446E+03  0.220800E+03  0.121709E+02  0.272128E+03  0.272118E+03  0.558090E+00  0.124792E+00
2005   2   3  14.000  0.282100E+03  0.311063E+03  0.192800E+03  0.106119E+02  0.272004E+03  0.272223E+03  0.997976E+00  0.198360E+00
2005   2   3  15.000  0.262400E+03  0.310164E+03  0.172000E+03  0.945351E+01  0.271586E+03  0.272230E+03  0.716584E+00  0.139230E+00
2005   2   3  16.000  0.221700E+03  0.303000E+03  0.580000E+02  0.318388E+01  0.268953E+03  0.271075E+03  0.477164E+00  0.930122E-01
2005   2   3  17.000  0.250900E+03  0.300291E+03  0.340000E+01  0.186472E+00  0.269233E+03  0.270323E+03  0.157971E+00  0.277495E-01
2005   2   3  18.000  0.276900E+03  0.299704E+03  0.000000E+00  0.000000E+00  0.269885E+03  0.269954E+03  0.784073E-01  0.153855E-01
2005   2   3  19.000  0.239600E+03  0.293931E+03  0.000000E+00  0.000000E+00  0.268663E+03  0.268992E+03  0.765926E-01  0.153832E-01
2005   2   3  20.000  0.212900E+03  0.288523E+03  0.000000E+00  0.000000E+00  0.267628E+03  0.268034E+03  0.317324E+00  0.564074E-01
2005   2   3  21.000  0.211500E+03  0.283222E+03  0.000000E+00  0.000000E+00  0.266743E+03  0.266820E+03  0.753614E-01  0.153802E-01
2005   2   3  22.000  0.209800E+03  0.280943E+03  0.000000E+00  0.000000E+00  0.266883E+03  0.266341E+03  0.476960E+00  0.922874E-01
2005   2   3  23.000  0.209500E+03  0.280121E+03  0.000000E+00  0.000000E+00  0.266904E+03  0.266146E+03  0.636427E+00  0.123064E+00
2005   2   4   0.000  0.208900E+03  0.278543E+03  0.000000E+00  0.000000E+00  0.267186E+03  0.265820E+03  0.955161E+00  0.122903E+00
2005   2   4   1.000  0.208500E+03  0.277782E+03  0.000000E+00  0.000000E+00  0.267009E+03  0.265635E+03  0.103482E+01  0.133283E+00
2005   2   4   2.000  0.207300E+03  0.276926E+03  0.000000E+00  0.000000E+00  0.266777E+03  0.265429E+03  0.103482E+01  0.133285E+00
2005   2   4   3.000  0.208400E+03  0.276914E+03  0.000000E+00  0.000000E+00  0.266574E+03  0.265366E+03  0.636397E+00  0.123053E+00
2005   2   4   4.000  0.208500E+03  0.277742E+03  0.000000E+00  0.000000E+00  0.266560E+03  0.265544E+03  0.795799E+00  0.153853E+00
2005   2   4   5.000  0.208100E+03  0.277463E+03  0.000000E+00  0.000000E+00  0.266436E+03  0.265497E+03  0.111448E+01  0.144438E+00
2005   2   4   6.000  0.207100E+03  0.275599E+03  0.000000E+00  0.000000E+00  0.266529E+03  0.265056E+03  0.875469E+00  0.112647E+00
2005   2   4   7.000  0.206700E+03  0.275148E+03  0.000000E+00  0.000000E+00  0.266324E+03  0.264933E+03  0.556638E+00  0.107669E+00
2005   2   4   8.000  0.206000E+03  0.277609E+03  0.900000E+01  0.489339E+00  0.266865E+03  0.265531E+03  0.875459E+00  0.169241E+00
2005   2   4   9.000  0.205700E+03  0.277646E+03  0.259000E+02  0.140778E+01  0.266992E+03  0.265506E+03  0.397032E+00  0.740200E-01
2005   2   4  10.000  0.209600E+03  0.285904E+03  0.213600E+03  0.116043E+02  0.268353E+03  0.267328E+03  0.237676E+00  0.461593E-01
2005   2   4  11.000  0.219700E+03  0.304282E+03  0.481300E+03  0.261306E+02  0.270770E+03  0.271290E+03  0.398029E+00  0.776184E-01
2005   2   4  12.000  0.225500E+03  0.311134E+03  0.491300E+03  0.266455E+02  0.271804E+03  0.272447E+03  0.636993E+00  0.124467E+00
2005   2   4  13.000  0.224100E+03  0.312791E+03  0.484700E+03  0.262389E+02  0.271990E+03  0.272797E+03  0.796628E+00  0.171458E+00
2005   2   4  14.000  0.221600E+03  0.308843E+03  0.412000E+03  0.222177E+02  0.271042E+03  0.271969E+03  0.103512E+01  0.201120E+00
2005   2   4  15.000  0.219800E+03  0.308177E+03  0.290300E+03  0.156221E+02  0.270464E+03  0.271983E+03  0.477437E+00  0.926245E-01
2005   2   4  16.000  0.214500E+03  0.300550E+03  0.539000E+02  0.289636E+01  0.267442E+03  0.270423E+03  0.237492E+00  0.402537E-01
2005   2   4  17.000  0.210400E+03  0.293610E+03  0.120000E+01  0.644255E-01  0.266884E+03  0.269103E+03  0.397170E+00  0.769325E-01
2005   2   4  18.000  0.208500E+03  0.287539E+03  0.000000E+00  0.000000E+00  0.265955E+03  0.267784E+03  0.317285E+00  0.615287E-01
2005   2   4  19.000  0.207400E+03  0.282774E+03  0.000000E+00  0.000000E+00  0.266459E+03  0.266800E+03  0.636416E+00  0.819198E-01
2005   2   4  20.000  0.207800E+03  0.281613E+03  0.000000E+00  0.000000E+00  0.267020E+03  0.266512E+03  0.636386E+00  0.123065E+00
2005   2   4  21.000  0.209200E+03  0.281031E+03  0.000000E+00  0.000000E+00  0.267573E+03  0.266372E+03  0.556628E+00  0.107669E+00
2005   2   4  22.000  0.210400E+03  0.282252E+03  0.000000E+00  0.000000E+00  0.267720E+03  0.266633E+03  0.795776E+00  0.153851E+00
2005   2   4  23.000  0.209300E+03  0.283037E+03  0.000000E+00  0.000000E+00  0.267756E+03  0.266803E+03  0.795765E+00  0.153851E+00
2005   2   5   0.000  0.210800E+03  0.282561E+03  0.000000E+00  0.000000E+00  0.268868E+03  0.266697E+03  0.103478E+01  0.133122E+00
2005   2   5   1.000  0.212100E+03  0.283587E+03  0.000000E+00  0.000000E+00  0.269721E+03  0.266922E+03  0.143306E+01  0.184396E+00
2005   2   5   2.000  0.212600E+03  0.286948E+03  0.000000E+00  0.000000E+00  0.269508E+03  0.267653E+03  0.151271E+01  0.266650E+00
2005   2   5   3.000  0.212800E+03  0.287946E+03  0.000000E+00  0.000000E+00  0.269811E+03  0.267839E+03  0.175164E+01  0.234081E+00
2005   2   5   4.000  0.213500E+03  0.294002E+03  0.000000E+00  0.000000E+00  0.269943E+03  0.269283E+03  0.143306E+01  0.252141E+00
2005   2   5   5.000  0.213900E+03  0.292354E+03  0.000000E+00  0.000000E+00  0.269664E+03  0.268799E+03  0.103478E+01  0.133464E+00
2005   2   5   6.000  0.213000E+03  0.290902E+03  0.000000E+00  0.000000E+00  0.269728E+03  0.268507E+03  0.103478E+01  0.133314E+00
2005   2   5   7.000  0.212900E+03  0.290372E+03  0.000000E+00  0.000000E+00  0.269479E+03  0.268409E+03  0.636317E+00  0.123054E+00
2005   2   5   8.000  0.213100E+03  0.288103E+03  0.860000E+01  0.459402E+00  0.269153E+03  0.267869E+03  0.875445E+00  0.112626E+00
2005   2   5   9.000  0.214500E+03  0.290856E+03  0.253000E+02  0.135088E+01  0.270121E+03  0.268543E+03  0.716055E+00  0.138447E+00
2005   2   5  10.000  0.219100E+03  0.300531E+03  0.239200E+03  0.127696E+02  0.272114E+03  0.270561E+03  0.157309E+00  0.307701E-01
2005   2   5  11.000  0.228100E+03  0.317581E+03  0.479200E+03  0.255668E+02  0.273282E+03  0.274080E+03  0.397963E+00  0.748636E-01
2005   2   5  12.000  0.231500E+03  0.318996E+03  0.493000E+03  0.260393E+02  0.273359E+03  0.274069E+03  0.636984E+00  0.123955E+00
2005   2   5  13.000  0.230500E+03  0.319087E+03  0.480100E+03  0.250128E+02  0.273432E+03  0.274143E+03  0.851567E+00  0.186204E+00
2005   2   5  14.000  0.230000E+03  0.318398E+03  0.409900E+03  0.210633E+02  0.273275E+03  0.274094E+03  0.103511E+01  0.199057E+00
2005   2   5  15.000  0.228700E+03  0.317053E+03  0.288100E+03  0.146216E+02  0.272661E+03  0.273971E+03  0.636783E+00  0.123246E+00
2005   2   5  16.000  0.223500E+03  0.307912E+03  0.548000E+02  0.275390E+01  0.270271E+03  0.272254E+03  0.477084E+00  0.735755E-01
2005   2   5  17.000  0.219000E+03  0.302071E+03  0.230000E+01  0.115532E+00  0.269620E+03  0.271085E+03  0.556721E+00  0.107704E+00
2005   2   5  18.000  0.217000E+03  0.297314E+03  0.000000E+00  0.000000E+00  0.269379E+03  0.270210E+03  0.119415E+01  0.163189E+00
2005   2   5  19.000  0.216100E+03  0.295873E+03  0.000000E+00  0.000000E+00  0.269429E+03  0.269951E+03  0.191095E+01  0.333012E+00
2005   2   5  20.000  0.215500E+03  0.293648E+03  0.000000E+00  0.000000E+00  0.269173E+03  0.269534E+03  0.119414E+01  0.207681E+00
2005   2   5  21.000  0.215100E+03  0.289353E+03  0.000000E+00  0.000000E+00  0.268523E+03  0.268583E+03  0.636413E+00  0.819316E-01
2005   2   5  22.000  0.216900E+03  0.288023E+03  0.000000E+00  0.000000E+00  0.268699E+03  0.268270E+03  0.955165E+00  0.123065E+00
2005   2   5  23.000  0.218100E+03  0.288280E+03  0.000000E+00  0.000000E+00  0.268987E+03  0.268329E+03  0.119414E+01  0.153898E+00
2005   2   6   0.000  0.220900E+03  0.288854E+03  0.000000E+00  0.000000E+00  0.269004E+03  0.268537E+03  0.151275E+01  0.209012E+00
2005   2   6   1.000  0.220700E+03  0.290000E+03  0.000000E+00  0.000000E+00  0.269274E+03  0.268802E+03  0.135345E+01  0.236062E+00
2005   2   6   2.000  0.227800E+03  0.290635E+03  0.000000E+00  0.000000E+00  0.269571E+03  0.268757E+03  0.103485E+01  0.133436E+00
2005   2   6   3.000  0.274600E+03  0.295495E+03  0.000000E+00  0.000000E+00  0.271060E+03  0.269434E+03  0.955355E+00  0.122954E+00
2005   2   6   4.000  0.291100E+03  0.301215E+03  0.000000E+00  0.000000E+00  0.271607E+03  0.270384E+03  0.796118E+00  0.153864E+00
2005   2   6   5.000  0.291900E+03  0.305872E+03  0.000000E+00  0.000000E+00  0.272061E+03  0.271375E+03  0.103506E+01  0.193716E+00
2005   2   6   6.000  0.292300E+03  0.307124E+03  0.000000E+00  0.000000E+00  0.272100E+03  0.271691E+03  0.955422E+00  0.161947E+00
2005   2   6   7.000  0.291600E+03  0.307742E+03  0.000000E+00  0.000000E+00  0.272249E+03  0.271771E+03  0.716478E+00  0.924934E-01
2005   2   6   8.000  0.290200E+03  0.308794E+03  0.146000E+02  0.731529E+00  0.272180E+03  0.272024E+03  0.875793E+00  0.132948E+00
2005   2   6   9.000  0.288700E+03  0.313624E+03  0.832000E+02  0.416729E+01  0.272952E+03  0.272988E+03  0.477585E+00  0.923162E-01
2005   2   6  10.000  0.272000E+03  0.322721E+03  0.215300E+03  0.107796E+02  0.274108E+03  0.274632E+03  0.158737E+00  0.268368E-01
2005   2   6  11.000  0.248400E+03  0.327468E+03  0.407500E+03  0.200864E+02  0.275317E+03  0.275786E+03  0.113473E+01  0.225393E+00
2005   2   6  12.000  0.234600E+03  0.329723E+03  0.493200E+03  0.236800E+02  0.275741E+03  0.276259E+03  0.111474E+01  0.213127E+00
2005   2   6  13.000  0.235100E+03  0.332187E+03  0.482100E+03  0.223610E+02  0.276153E+03  0.276730E+03  0.955461E+00  0.184247E+00
2005   2   6  14.000  0.235400E+03  0.330395E+03  0.411000E+03  0.181169E+02  0.275741E+03  0.276349E+03  0.875837E+00  0.170994E+00
2005   2   6  15.000  0.233900E+03  0.328909E+03  0.288200E+03  0.127017E+02  0.274593E+03  0.275866E+03  0.636858E+00  0.123443E+00
2005   2   6  16.000  0.227300E+03  0.318022E+03  0.581000E+02  0.256018E+01  0.271502E+03  0.274068E+03  0.397472E+00  0.683029E-01
2005   2   6  17.000  0.222500E+03  0.308866E+03  0.250000E+01  0.110144E+00  0.270631E+03  0.272459E+03  0.556828E+00  0.989208E-01
2005   2   6  18.000  0.233300E+03  0.303748E+03  0.000000E+00  0.000000E+00  0.270667E+03  0.271431E+03  0.716262E+00  0.124906E+00
2005   2   6  19.000  0.221600E+03  0.300111E+03  0.000000E+00  0.000000E+00  0.270556E+03  0.270782E+03  0.955206E+00  0.127448E+00
2005   2   6  20.000  0.218500E+03  0.297736E+03  0.000000E+00  0.000000E+00  0.270376E+03  0.270405E+03  0.127381E+01  0.197106E+00
2005   2   6  21.000  0.217100E+03  0.297021E+03  0.000000E+00  0.000000E+00  0.270614E+03  0.270298E+03  0.143310E+01  0.203601E+00
2005   2   6  22.000  0.216200E+03  0.298683E+03  0.000000E+00  0.000000E+00  0.270649E+03  0.270598E+03  0.167202E+01  0.296884E+00
2005   2   6  23.000  0.214900E+03  0.297734E+03  0.000000E+00  0.000000E+00  0.270235E+03  0.270428E+03  0.167202E+01  0.293219E+00
2005   2   7   0.000  0.213200E+03  0.295493E+03  0.000000E+00  0.000000E+00  0.269779E+03  0.270005E+03  0.135344E+01  0.192642E+00
2005   2   7   1.000  0.211300E+03  0.299870E+03  0.000000E+00  0.000000E+00  0.269326E+03  0.270872E+03  0.243414E+01  0.392833E+00
2005   2   7   2.000  0.209500E+03  0.297846E+03  0.000000E+00  0.000000E+00  0.269843E+03  0.270468E+03  0.207021E+01  0.313081E+00
2005   2   7   3.000  0.209900E+03  0.296598E+03  0.000000E+00  0.000000E+00  0.269649E+03  0.270221E+03  0.222949E+01  0.334656E+00
2005   2   7   4.000  0.209100E+03  0.295265E+03  0.000000E+00  0.000000E+00  0.268959E+03  0.269831E+03  0.103481E+01  0.186011E+00
2005   2   7   5.000  0.209400E+03  0.293933E+03  0.000000E+00  0.000000E+00  0.269451E+03  0.269696E+03  0.119412E+01  0.211892E+00
2005   2   7   6.000  0.210300E+03  0.292667E+03  0.000000E+00  0.000000E+00  0.269764E+03  0.269457E+03  0.151271E+01  0.205775E+00
2005   2   7   7.000  0.209900E+03  0.290936E+03  0.000000E+00  0.000000E+00  0.269509E+03  0.269071E+03  0.159236E+01  0.206313E+00
2005   2   7   8.000  0.210400E+03  0.291467E+03  0.117000E+02  0.524839E+00  0.269923E+03  0.269222E+03  0.159236E+01  0.212656E+00
2005   2   7   9.000  0.211800E+03  0.299044E+03  0.299000E+02  0.134236E+01  0.270809E+03  0.270687E+03  0.135342E+01  0.255412E+00
2005   2   7  10.000  0.215900E+03  0.309526E+03  0.201600E+03  0.906521E+01  0.271275E+03  0.272735E+03  0.317577E+00  0.615401E-01
2005   2   7  11.000  0.224600E+03  0.331853E+03  0.455700E+03  0.204910E+02  0.273217E+03  0.276013E+03  0.158744E+00  0.268914E-01
2005   2   7  12.000  0.227800E+03  0.329891E+03  0.503900E+03  0.221904E+02  0.274507E+03  0.275651E+03  0.796245E+00  0.154382E+00
2005   2   7  13.000  0.227800E+03  0.330678E+03  0.493500E+03  0.217289E+02  0.274694E+03  0.275821E+03  0.100270E+01  0.218752E+00
2005   2   7  14.000  0.226700E+03  0.329305E+03  0.419900E+03  0.184853E+02  0.274616E+03  0.275724E+03  0.109492E+01  0.233060E+00
2005   2   7  15.000  0.225200E+03  0.326367E+03  0.300200E+03  0.132137E+02  0.273884E+03  0.275397E+03  0.796116E+00  0.155323E+00
2005   2   7  16.000  0.220100E+03  0.316848E+03  0.621000E+02  0.273297E+01  0.271584E+03  0.274041E+03  0.477091E+00  0.936076E-01
2005   2   7  17.000  0.215200E+03  0.307964E+03  0.320000E+01  0.140808E+00  0.270430E+03  0.272379E+03  0.556726E+00  0.107706E+00
2005   2   7  18.000  0.212400E+03  0.301647E+03  0.000000E+00  0.000000E+00  0.269995E+03  0.271194E+03  0.111449E+01  0.196519E+00
2005   2   7  19.000  0.211600E+03  0.296476E+03  0.000000E+00  0.000000E+00  0.269667E+03  0.270150E+03  0.795806E+00  0.102582E+00
2005   2   7  20.000  0.211900E+03  0.294936E+03  0.000000E+00  0.000000E+00  0.269865E+03  0.269970E+03  0.135344E+01  0.204349E+00
2005   2   7  21.000  0.212300E+03  0.293465E+03  0.000000E+00  0.000000E+00  0.269498E+03  0.269668E+03  0.119413E+01  0.210272E+00
2005   2   7  22.000  0.212600E+03  0.294228E+03  0.000000E+00  0.000000E+00  0.269466E+03  0.269766E+03  0.159237E+01  0.282794E+00
2005   2   7  23.000  0.214100E+03  0.294902E+03  0.000000E+00  0.000000E+00  0.269506E+03  0.269887E+03  0.167202E+01  0.296892E+00
2005   2   8   0.000  0.214400E+03  0.295178E+03  0.000000E+00  0.000000E+00  0.269826E+03  0.270000E+03  0.183130E+01  0.280032E+00
2005   2   8   1.000  0.214800E+03  0.296330E+03  0.000000E+00  0.000000E+00  0.269733E+03  0.270149E+03  0.159237E+01  0.282188E+00
2005   2   8   2.000  0.216000E+03  0.304954E+03  0.000000E+00  0.000000E+00  0.269028E+03  0.271970E+03  0.258193E+01  0.557860E+00
2005   2   8   3.000  0.217600E+03  0.301780E+03  0.000000E+00  0.000000E+00  0.270284E+03  0.271198E+03  0.199058E+01  0.292533E+00
2005   2   8   4.000  0.215900E+03  0.297181E+03  0.000000E+00  0.000000E+00  0.270200E+03  0.270286E+03  0.795777E+00  0.102427E+00
2005   2   8   5.000  0.216800E+03  0.296714E+03  0.000000E+00  0.000000E+00  0.270433E+03  0.270293E+03  0.127378E+01  0.223033E+00
2005   2   8   6.000  0.217300E+03  0.298962E+03  0.000000E+00  0.000000E+00  0.270895E+03  0.270717E+03  0.175165E+01  0.310277E+00
2005   2   8   7.000  0.217000E+03  0.294213E+03  0.000000E+00  0.000000E+00  0.269466E+03  0.269688E+03  0.716102E+00  0.921488E-01
2005   2   8   8.000  0.216900E+03  0.294310E+03  0.143000E+02  0.640657E+00  0.269936E+03  0.269708E+03  0.103482E+01  0.133582E+00
2005   2   8   9.000  0.219700E+03  0.296163E+03  0.425000E+02  0.190534E+01  0.270511E+03  0.270039E+03  0.397122E+00  0.702094E-01
2005   2   8  10.000  0.226400E+03  0.310363E+03  0.200400E+03  0.898909E+01  0.272828E+03  0.272893E+03  0.556907E+00  0.107696E+00
2005   2   8  11.000  0.238900E+03  0.328377E+03  0.435500E+03  0.195407E+02  0.275232E+03  0.275912E+03  0.716575E+00  0.140245E+00
2005   2   8  12.000  0.238600E+03  0.334650E+03  0.501500E+03  0.220578E+02  0.275741E+03  0.276770E+03  0.875837E+00  0.170813E+00
2005   2   8  13.000  0.237000E+03  0.336670E+03  0.488800E+03  0.214960E+02  0.275617E+03  0.277001E+03  0.134508E+01  0.306721E+00
2005   2   8  14.000  0.235200E+03  0.334931E+03  0.420100E+03  0.184720E+02  0.275441E+03  0.276771E+03  0.132221E+01  0.305197E+00
2005   2   8  15.000  0.233800E+03  0.331600E+03  0.300100E+03  0.131936E+02  0.275422E+03  0.276367E+03  0.955456E+00  0.186366E+00
2005   2   8  16.000  0.230900E+03  0.322156E+03  0.677000E+02  0.297594E+01  0.272975E+03  0.275009E+03  0.397466E+00  0.769545E-01
2005   2   8  17.000  0.224900E+03  0.314213E+03  0.640000E+01  0.281289E+00  0.272165E+03  0.273573E+03  0.875564E+00  0.150435E+00
2005   2   8  18.000  0.221100E+03  0.307348E+03  0.000000E+00  0.000000E+00  0.271509E+03  0.272251E+03  0.875538E+00  0.153354E+00
2005   2   8  19.000  0.219900E+03  0.302197E+03  0.000000E+00  0.000000E+00  0.271092E+03  0.271271E+03  0.795848E+00  0.102602E+00
2005   2   8  20.000  0.219700E+03  0.300198E+03  0.000000E+00  0.000000E+00  0.271395E+03  0.270987E+03  0.111450E+01  0.157231E+00
2005   2   8  21.000  0.220100E+03  0.301271E+03  0.000000E+00  0.000000E+00  0.271427E+03  0.271162E+03  0.111449E+01  0.154846E+00
2005   2   8  22.000  0.219800E+03  0.300124E+03  0.000000E+00  0.000000E+00  0.271403E+03  0.270862E+03  0.636393E+00  0.123065E+00
2005   2   8  23.000  0.219900E+03  0.299018E+03  0.000000E+00  0.000000E+00  0.271464E+03  0.270697E+03  0.103481E+01  0.133415E+00
2005   2   9   0.000  0.220300E+03  0.302075E+03  0.000000E+00  0.000000E+00  0.271989E+03  0.271370E+03  0.191093E+01  0.333738E+00
2005   2   9   1.000  0.218700E+03  0.299900E+03  0.000000E+00  0.000000E+00  0.270328E+03  0.270837E+03  0.955157E+00  0.131899E+00
2005   2   9   2.000  0.219600E+03  0.298945E+03  0.000000E+00  0.000000E+00  0.271264E+03  0.270729E+03  0.151272E+01  0.205335E+00
2005   2   9   3.000  0.223600E+03  0.301083E+03  0.000000E+00  0.000000E+00  0.271543E+03  0.271110E+03  0.119413E+01  0.162604E+00
2005   2   9   4.000  0.220800E+03  0.301548E+03  0.000000E+00  0.000000E+00  0.271789E+03  0.271260E+03  0.151272E+01  0.214114E+00
2005   2   9   5.000  0.220400E+03  0.299261E+03  0.000000E+00  0.000000E+00  0.271317E+03  0.270686E+03  0.397023E+00  0.715110E-01
2005   2   9   6.000  0.218500E+03  0.296617E+03  0.000000E+00  0.000000E+00  0.269975E+03  0.270123E+03  0.556661E+00  0.107676E+00
2005   2   9   7.000  0.219400E+03  0.300330E+03  0.000000E+00  0.000000E+00  0.270818E+03  0.270890E+03  0.127377E+01  0.246187E+00
2005   2   9   8.000  0.230500E+03  0.304616E+03  0.138000E+02  0.617276E+00  0.272219E+03  0.271784E+03  0.207022E+01  0.312099E+00
2005   2   9   9.000  0.224200E+03  0.304431E+03  0.283000E+02  0.126731E+01  0.272470E+03  0.271724E+03  0.397046E+00  0.712451E-01
2005   2   9  10.000  0.229200E+03  0.316453E+03  0.189900E+03  0.850909E+01  0.273933E+03  0.274010E+03  0.556885E+00  0.107698E+00
2005   2   9  11.000  0.239200E+03  0.333727E+03  0.460300E+03  0.202851E+02  0.276235E+03  0.276944E+03  0.796179E+00  0.156231E+00
2005   2   9  12.000  0.240400E+03  0.338558E+03  0.509500E+03  0.223817E+02  0.276235E+03  0.277309E+03  0.111473E+01  0.218310E+00
2005   2   9  13.000  0.241100E+03  0.342807E+03  0.497900E+03  0.218691E+02  0.277058E+03  0.278149E+03  0.143325E+01  0.276343E+00
2005   2   9  14.000  0.239300E+03  0.342325E+03  0.428700E+03  0.188271E+02  0.276975E+03  0.278151E+03  0.955435E+00  0.187081E+00
2005   2   9  15.000  0.237700E+03  0.337390E+03  0.303500E+03  0.133269E+02  0.276400E+03  0.277423E+03  0.796173E+00  0.155429E+00
2005   2   9  16.000  0.229200E+03  0.326330E+03  0.661000E+02  0.290212E+01  0.273087E+03  0.275373E+03  0.237829E+00  0.402595E-01
2005   2   9  17.000  0.224900E+03  0.316698E+03  0.340000E+01  0.149257E+00  0.273017E+03  0.273875E+03  0.103491E+01  0.153685E+00
2005   2   9  18.000  0.223600E+03  0.310713E+03  0.000000E+00  0.000000E+00  0.272865E+03  0.272923E+03  0.119419E+01  0.153738E+00
2005   2   9  19.000  0.223300E+03  0.306893E+03  0.000000E+00  0.000000E+00  0.272217E+03  0.272213E+03  0.955217E+00  0.127700E+00
2005   2   9  20.000  0.223000E+03  0.303922E+03  0.000000E+00  0.000000E+00  0.272188E+03  0.271643E+03  0.955198E+00  0.123236E+00
2005   2   9  21.000  0.222600E+03  0.303103E+03  0.000000E+00  0.000000E+00  0.272073E+03  0.271460E+03  0.716147E+00  0.138465E+00
2005   2   9  22.000  0.222500E+03  0.305395E+03  0.000000E+00  0.000000E+00  0.272021E+03  0.271948E+03  0.119415E+01  0.220835E+00
2005   2   9  23.000  0.222100E+03  0.302608E+03  0.000000E+00  0.000000E+00  0.271996E+03  0.271405E+03  0.151274E+01  0.194862E+00
2005   2  10   0.000  0.221900E+03  0.303786E+03  0.000000E+00  0.000000E+00  0.271989E+03  0.271678E+03  0.183130E+01  0.321587E+00
2005   2  10   1.000  0.221700E+03  0.305337E+03  0.000000E+00  0.000000E+00  0.271725E+03  0.271936E+03  0.119414E+01  0.215930E+00
2005   2  10   2.000  0.221600E+03  0.304687E+03  0.000000E+00  0.000000E+00  0.271887E+03  0.271837E+03  0.167202E+01  0.290802E+00
2005   2  10   3.000  0.221300E+03  0.302931E+03  0.000000E+00  0.000000E+00  0.271566E+03  0.271511E+03  0.135344E+01  0.199712E+00
2005   2  10   4.000  0.221500E+03  0.302742E+03  0.000000E+00  0.000000E+00  0.271934E+03  0.271495E+03  0.143308E+01  0.214480E+00
2005   2  10   5.000  0.221300E+03  0.301393E+03  0.000000E+00  0.000000E+00  0.271277E+03  0.271225E+03  0.135344E+01  0.202796E+00
2005   2  10   6.000  0.222100E+03  0.301812E+03  0.000000E+00  0.000000E+00  0.271831E+03  0.271322E+03  0.143308E+01  0.221563E+00
2005   2  10   7.000  0.227400E+03  0.301241E+03  0.700000E+00  0.312399E-01  0.271600E+03  0.271096E+03  0.103483E+01  0.133577E+00
2005   2  10   8.000  0.226600E+03  0.303024E+03  0.257000E+02  0.114777E+01  0.271894E+03  0.271517E+03  0.127381E+01  0.222052E+00
2005   2  10   9.000  0.235000E+03  0.309992E+03  0.897000E+02  0.400906E+01  0.273274E+03  0.272752E+03  0.127385E+01  0.197376E+00
2005   2  10  10.000  0.243900E+03  0.322736E+03  0.207400E+03  0.927516E+01  0.274940E+03  0.274652E+03  0.151285E+01  0.205873E+00
2005   2  10  11.000  0.249700E+03  0.335132E+03  0.413600E+03  0.181483E+02  0.276482E+03  0.277115E+03  0.111472E+01  0.214484E+00
2005   2  10  12.000  0.265600E+03  0.340828E+03  0.471100E+03  0.206688E+02  0.276464E+03  0.277601E+03  0.138346E+01  0.276690E+00
2005   2  10  13.000  0.274300E+03  0.337763E+03  0.350200E+03  0.153626E+02  0.275494E+03  0.277033E+03  0.158958E+01  0.404842E+00
2005   2  10  14.000  0.292400E+03  0.336616E+03  0.285500E+03  0.125228E+02  0.275561E+03  0.276795E+03  0.137337E+01  0.317608E+00
2005   2  10  15.000  0.302900E+03  0.331551E+03  0.115700E+03  0.507429E+01  0.275031E+03  0.275988E+03  0.134093E+01  0.327895E+00
2005   2  10  16.000  0.302100E+03  0.329135E+03  0.454000E+02  0.199088E+01  0.275145E+03  0.275701E+03  0.131887E+01  0.302331E+00
2005   2  10  17.000  0.300100E+03  0.326307E+03  0.470000E+01  0.206080E+00  0.274627E+03  0.275227E+03  0.158078E+01  0.386083E+00
2005   2  10  18.000  0.298300E+03  0.325653E+03  0.000000E+00  0.000000E+00  0.274550E+03  0.275149E+03  0.181882E+01  0.466583E+00
2005   2  10  19.000  0.301400E+03  0.326818E+03  0.000000E+00  0.000000E+00  0.274862E+03  0.275347E+03  0.189605E+01  0.492419E+00
2005   2  10  20.000  0.309300E+03  0.326874E+03  0.000000E+00  0.000000E+00  0.275189E+03  0.275217E+03  0.136178E+01  0.270154E+00
2005   2  10  21.000  0.314700E+03  0.325357E+03  0.000000E+00  0.000000E+00  0.274918E+03  0.274895E+03  0.107341E+01  0.188844E+00
2005   2  10  22.000  0.321700E+03  0.320415E+03  0.000000E+00  0.000000E+00  0.273677E+03  0.273911E+03  0.548127E+00  0.109009E+00
2005   2  10  23.000  0.317800E+03  0.317575E+03  0.000000E+00  0.000000E+00  0.273455E+03  0.273517E+03  0.141590E+01  0.401165E+00
2005   2  11   0.000  0.297300E+03  0.319056E+03  0.000000E+00  0.000000E+00  0.273445E+03  0.273998E+03  0.186545E+01  0.489512E+00
2005   2  11   1.000  0.293100E+03  0.317322E+03  0.000000E+00  0.000000E+00  0.273722E+03  0.273682E+03  0.152199E+01  0.285319E+00
2005   2  11   2.000  0.307200E+03  0.320552E+03  0.000000E+00  0.000000E+00  0.274104E+03  0.274163E+03  0.138281E+01  0.336130E+00
2005   2  11   3.000  0.310200E+03  0.324477E+03  0.000000E+00  0.000000E+00  0.274565E+03  0.274880E+03  0.190371E+01  0.503127E+00
2005   2  11   4.000  0.314700E+03  0.325985E+03  0.000000E+00  0.000000E+00  0.274626E+03  0.275086E+03  0.190993E+01  0.510911E+00
2005   2  11   5.000  0.321700E+03  0.327248E+03  0.000000E+00  0.000000E+00  0.275028E+03  0.275231E+03  0.145594E+01  0.323343E+00
2005   2  11   6.000  0.322700E+03  0.328725E+03  0.000000E+00  0.000000E+00  0.275093E+03  0.275504E+03  0.162320E+01  0.390833E+00
2005   2  11   7.000  0.315400E+03  0.326633E+03  0.000000E+00  0.000000E+00  0.275534E+03  0.274785E+03  0.119847E+01  0.171222E+00
2005   2  11   8.000  0.302600E+03  0.322877E+03  0.173000E+02  0.758457E+00  0.274285E+03  0.274627E+03  0.557302E+00  0.105979E+00
2005   2  11   9.000  0.307200E+03  0.325286E+03  0.680000E+02  0.298087E+01  0.274837E+03  0.275026E+03  0.716595E+00  0.136006E+00
2005   2  11  10.000  0.319300E+03  0.330220E+03  0.103100E+03  0.451900E+01  0.275079E+03  0.275750E+03  0.138514E+01  0.332370E+00
2005   2  11  11.000  0.329500E+03  0.330223E+03  0.112100E+03  0.491430E+01  0.274643E+03  0.275561E+03  0.148772E+01  0.395735E+00
2005   2  11  12.000  0.331200E+03  0.328872E+03  0.120300E+03  0.527555E+01  0.274442E+03  0.275302E+03  0.146211E+01  0.395608E+00
2005   2  11  13.000  0.337400E+03  0.329653E+03  0.118000E+03  0.517849E+01  0.274670E+03  0.275457E+03  0.140999E+01  0.364757E+00
2005   2  11  14.000  0.334200E+03  0.329917E+03  0.806000E+02  0.353950E+01  0.274974E+03  0.275630E+03  0.211708E+01  0.570982E+00
2005   2  11  15.000  0.332200E+03  0.328918E+03  0.439000E+02  0.192937E+01  0.274902E+03  0.275488E+03  0.219807E+01  0.596256E+00
2005   2  11  16.000  0.332600E+03  0.327077E+03  0.204000E+02  0.897291E+00  0.274984E+03  0.275172E+03  0.173433E+01  0.416933E+00
2005   2  11  17.000  0.331900E+03  0.325513E+03  0.280000E+01  0.123210E+00  0.275146E+03  0.274864E+03  0.166974E+01  0.352866E+00
2005   2  11  18.000  0.332500E+03  0.328655E+03  0.000000E+00  0.000000E+00  0.275247E+03  0.275500E+03  0.201333E+01  0.501286E+00
2005   2  11  19.000  0.332900E+03  0.329562E+03  0.000000E+00  0.000000E+00  0.275398E+03  0.275641E+03  0.194342E+01  0.470379E+00
2005   2  11  20.000  0.333600E+03  0.332172E+03  0.000000E+00  0.000000E+00  0.275565E+03  0.276036E+03  0.171541E+01  0.402729E+00
2005   2  11  21.000  0.334600E+03  0.334052E+03  0.000000E+00  0.000000E+00  0.275624E+03  0.276374E+03  0.209014E+01  0.538322E+00
2005   2  11  22.000  0.333000E+03  0.334903E+03  0.000000E+00  0.000000E+00  0.275815E+03  0.276528E+03  0.194201E+01  0.480419E+00
2005   2  11  23.000  0.333600E+03  0.337313E+03  0.000000E+00  0.000000E+00  0.276169E+03  0.276961E+03  0.209704E+01  0.520261E+00
2005   2  12   0.000  0.335700E+03  0.338463E+03  0.000000E+00  0.000000E+00  0.276397E+03  0.277131E+03  0.195642E+01  0.463029E+00
2005   2  12   1.000  0.338000E+03  0.338490E+03  0.000000E+00  0.000000E+00  0.276278E+03  0.277116E+03  0.202538E+01  0.495662E+00
2005   2  12   2.000  0.338100E+03  0.338095E+03  0.000000E+00  0.000000E+00  0.276254E+03  0.277041E+03  0.194313E+01  0.467415E+00
2005   2  12   3.000  0.338900E+03  0.338803E+03  0.000000E+00  0.000000E+00  0.276371E+03  0.277166E+03  0.199376E+01  0.479493E+00
2005   2  12   4.000  0.337300E+03  0.340159E+03  0.000000E+00  0.000000E+00  0.276720E+03  0.277411E+03  0.194701E+01  0.445884E+00
2005   2  12   5.000  0.338000E+03  0.341680E+03  0.000000E+00  0.000000E+00  0.276816E+03  0.277683E+03  0.211266E+01  0.505126E+00
2005   2  12   6.000  0.339700E+03  0.341466E+03  0.000000E+00  0.000000E+00  0.276444E+03  0.277637E+03  0.270880E+01  0.725132E+00
2005   2  12   7.000  0.338300E+03  0.340157E+03  0.000000E+00  0.000000E+00  0.276294E+03  0.277410E+03  0.252634E+01  0.669198E+00
2005   2  12   8.000  0.338800E+03  0.340136E+03  0.100000E+02  0.439311E+00  0.276355E+03  0.277400E+03  0.231965E+01  0.597654E+00
2005   2  12   9.000  0.340700E+03  0.341924E+03  0.458000E+02  0.201177E+01  0.276538E+03  0.277686E+03  0.237580E+01  0.613910E+00
2005   2  12  10.000  0.330600E+03  0.346320E+03  0.146000E+03  0.641219E+01  0.277002E+03  0.278462E+03  0.241150E+01  0.622719E+00
2005   2  12  11.000  0.333900E+03  0.349441E+03  0.158400E+03  0.695585E+01  0.277280E+03  0.278946E+03  0.255605E+01  0.667040E+00
2005   2  12  12.000  0.331100E+03  0.349908E+03  0.103400E+03  0.454002E+01  0.277762E+03  0.279091E+03  0.219121E+01  0.523184E+00
2005   2  12  13.000  0.332200E+03  0.349462E+03  0.678000E+02  0.297653E+01  0.277547E+03  0.279031E+03  0.257500E+01  0.657866E+00
2005   2  12  14.000  0.338400E+03  0.342768E+03  0.438000E+02  0.192264E+01  0.276304E+03  0.277761E+03  0.278581E+01  0.764479E+00
2005   2  12  15.000  0.336600E+03  0.339655E+03  0.271000E+02  0.118942E+01  0.276059E+03  0.277290E+03  0.276910E+01  0.759812E+00
2005   2  12  16.000  0.336400E+03  0.337388E+03  0.113000E+02  0.495895E+00  0.275913E+03  0.276914E+03  0.224150E+01  0.588090E+00
2005   2  12  17.000  0.336500E+03  0.337604E+03  0.900000E+00  0.394911E-01  0.276019E+03  0.276981E+03  0.233478E+01  0.611447E+00
2005   2  12  18.000  0.338400E+03  0.340417E+03  0.000000E+00  0.000000E+00  0.276445E+03  0.277479E+03  0.245268E+01  0.636287E+00
2005   2  12  19.000  0.333600E+03  0.341809E+03  0.000000E+00  0.000000E+00  0.276534E+03  0.277759E+03  0.288819E+01  0.780243E+00
2005   2  12  20.000  0.331900E+03  0.341856E+03  0.000000E+00  0.000000E+00  0.276569E+03  0.277771E+03  0.271745E+01  0.723835E+00
2005   2  12  21.000  0.327600E+03  0.342432E+03  0.000000E+00  0.000000E+00  0.276685E+03  0.277911E+03  0.276834E+01  0.737032E+00
2005   2  12  22.000  0.332200E+03  0.337442E+03  0.000000E+00  0.000000E+00  0.275816E+03  0.276944E+03  0.275234E+01  0.759083E+00
2005   2  12  23.000  0.326500E+03  0.330038E+03  0.000000E+00  0.000000E+00  0.274798E+03  0.275634E+03  0.349508E+01  0.100154E+01
2005   2  13   0.000  0.318500E+03  0.324089E+03  0.100000E+00  0.467890E-02  0.274527E+03  0.274757E+03  0.449560E+01  0.109346E+01
2005   2  13   1.000  0.313200E+03  0.321198E+03  0.000000E+00  0.000000E+00  0.274045E+03  0.274260E+03  0.275964E+01  0.753014E+00
2005   2  13   2.000  0.305000E+03  0.319590E+03  0.000000E+00  0.000000E+00  0.273811E+03  0.274024E+03  0.262044E+01  0.710831E+00
2005   2  13   3.000  0.310500E+03  0.316726E+03  0.000000E+00  0.000000E+00  0.273409E+03  0.273408E+03  0.601597E+01  0.123867E+01
2005   2  13   4.000  0.304800E+03  0.310215E+03  0.000000E+00  0.000000E+00  0.271651E+03  0.271926E+03  0.574496E+01  0.122680E+01
2005   2  13   5.000  0.302000E+03  0.309575E+03  0.000000E+00  0.000000E+00  0.271937E+03  0.271973E+03  0.556526E+01  0.111287E+01
2005   2  13   6.000  0.300700E+03  0.309461E+03  0.000000E+00  0.000000E+00  0.271768E+03  0.271914E+03  0.596288E+01  0.123940E+01
2005   2  13   7.000  0.296400E+03  0.308837E+03  0.000000E+00  0.000000E+00  0.271658E+03  0.271839E+03  0.478950E+01  0.101400E+01
2005   2  13   8.000  0.294000E+03  0.309096E+03  0.910000E+01  0.440542E+00  0.271552E+03  0.271937E+03  0.269115E+01  0.675320E+00
2005   2  13   9.000  0.291400E+03  0.309564E+03  0.262000E+02  0.126818E+01  0.271855E+03  0.272047E+03  0.352816E+01  0.774806E+00
2005   2  13  10.000  0.295600E+03  0.308542E+03  0.286000E+02  0.138588E+01  0.271451E+03  0.271746E+03  0.226264E+01  0.538923E+00
2005   2  13  11.000  0.299500E+03  0.305190E+03  0.234000E+02  0.114080E+01  0.270712E+03  0.270904E+03  0.352032E+01  0.708830E+00
2005   2  13  12.000  0.299800E+03  0.306140E+03  0.498000E+02  0.249625E+01  0.271104E+03  0.271210E+03  0.289775E+01  0.553185E+00
2005   2  13  13.000  0.289800E+03  0.308318E+03  0.127500E+03  0.653591E+01  0.271593E+03  0.271738E+03  0.309106E+01  0.597323E+00
2005   2  13  14.000  0.294100E+03  0.309291E+03  0.612000E+02  0.313511E+01  0.271697E+03  0.271933E+03  0.266423E+01  0.594591E+00
2005   2  13  15.000  0.294300E+03  0.308783E+03  0.406000E+02  0.208234E+01  0.271589E+03  0.271806E+03  0.323649E+01  0.706385E+00
2005   2  13  16.000  0.298500E+03  0.306848E+03  0.112000E+02  0.575008E+00  0.271074E+03  0.271330E+03  0.283662E+01  0.636564E+00
2005   2  13  17.000  0.299800E+03  0.305482E+03  0.160000E+01  0.828565E-01  0.270818E+03  0.271053E+03  0.203873E+01  0.467725E+00
2005   2  13  18.000  0.311200E+03  0.303948E+03  0.000000E+00  0.000000E+00  0.270423E+03  0.270577E+03  0.172895E+01  0.318441E+00
2005   2  13  19.000  0.313100E+03  0.301340E+03  0.000000E+00  0.000000E+00  0.269741E+03  0.269927E+03  0.164154E+01  0.306269E+00
2005   2  13  20.000  0.313600E+03  0.299590E+03  0.000000E+00  0.000000E+00  0.269661E+03  0.269495E+03  0.859536E+00  0.179416E+00
2005   2  13  21.000  0.309500E+03  0.297800E+03  0.000000E+00  0.000000E+00  0.268994E+03  0.269124E+03  0.233993E+01  0.442966E+00
2005   2  13  22.000  0.308200E+03  0.297488E+03  0.000000E+00  0.000000E+00  0.269077E+03  0.269133E+03  0.171387E+01  0.315969E+00
2005   2  13  23.000  0.307100E+03  0.296444E+03  0.000000E+00  0.000000E+00  0.268780E+03  0.268866E+03  0.138598E+01  0.262318E+00
2005   2  14   0.000  0.304000E+03  0.294947E+03  0.000000E+00  0.000000E+00  0.268405E+03  0.268616E+03  0.276359E+01  0.526263E+00
2005   2  14   1.000  0.300500E+03  0.293512E+03  0.000000E+00  0.000000E+00  0.268116E+03  0.268290E+03  0.256943E+01  0.484182E+00
2005   2  14   2.000  0.300500E+03  0.293407E+03  0.000000E+00  0.000000E+00  0.268182E+03  0.268337E+03  0.122229E+01  0.233067E+00
2005   2  14   3.000  0.301600E+03  0.294041E+03  0.000000E+00  0.000000E+00  0.268327E+03  0.268485E+03  0.148165E+01  0.272435E+00
2005   2  14   4.000  0.300600E+03  0.292794E+03  0.000000E+00  0.000000E+00  0.267906E+03  0.268135E+03  0.200646E+01  0.373551E+00
2005   2  14   5.000  0.299300E+03  0.292390E+03  0.000000E+00  0.000000E+00  0.267912E+03  0.268059E+03  0.263385E+01  0.496630E+00
2005   2  14   6.000  0.300000E+03  0.291996E+03  0.000000E+00  0.000000E+00  0.267820E+03  0.267928E+03  0.284796E+01  0.538533E+00
2005   2  14   7.000  0.306000E+03  0.292434E+03  0.000000E+00  0.000000E+00  0.268176E+03  0.267967E+03  0.857743E+00  0.177727E+00
2005   2  14   8.000  0.306700E+03  0.293180E+03  0.630000E+01  0.349815E+00  0.268201E+03  0.268110E+03  0.111933E+01  0.218688E+00
2005   2  14   9.000  0.313100E+03  0.294097E+03  0.229000E+02  0.127141E+01  0.269169E+03  0.268149E+03  0.324754E+00  0.779492E-01
2005   2  14  10.000  0.317200E+03  0.295459E+03  0.521000E+02  0.288997E+01  0.269575E+03  0.268380E+03  0.389622E+00  0.933978E-01
2005   2  14  11.000  0.317600E+03  0.296359E+03  0.610000E+02  0.338609E+01  0.269305E+03  0.268610E+03  0.743027E+00  0.169380E+00
2005   2  14  12.000  0.316200E+03  0.296977E+03  0.650000E+02  0.360774E+01  0.268765E+03  0.268797E+03  0.193962E+01  0.363121E+00
2005   2  14  13.000  0.317000E+03  0.297056E+03  0.570000E+02  0.316370E+01  0.268872E+03  0.268801E+03  0.192078E+01  0.363255E+00
2005   2  14  14.000  0.315700E+03  0.296776E+03  0.444000E+02  0.246429E+01  0.268699E+03  0.268757E+03  0.235583E+01  0.431453E+00
2005   2  14  15.000  0.313400E+03  0.295839E+03  0.166000E+02  0.921316E+00  0.268972E+03  0.268551E+03  0.841258E+00  0.179989E+00
2005   2  14  16.000  0.311500E+03  0.295519E+03  0.180000E+02  0.998981E+00  0.268577E+03  0.268525E+03  0.136636E+01  0.263362E+00
2005   2  14  17.000  0.308400E+03  0.295103E+03  0.170000E+01  0.943400E-01  0.268621E+03  0.268481E+03  0.103572E+01  0.205741E+00
2005   2  14  18.000  0.303000E+03  0.294832E+03  0.000000E+00  0.000000E+00  0.268461E+03  0.268473E+03  0.298293E+01  0.578996E+00
2005   2  14  19.000  0.301600E+03  0.294151E+03  0.000000E+00  0.000000E+00  0.268317E+03  0.268323E+03  0.215591E+01  0.398481E+00
2005   2  14  20.000  0.301800E+03  0.294664E+03  0.000000E+00  0.000000E+00  0.268501E+03  0.268474E+03  0.186266E+01  0.339370E+00
2005   2  14  21.000  0.301300E+03  0.293819E+03  0.000000E+00  0.000000E+00  0.268198E+03  0.268235E+03  0.185950E+01  0.343540E+00
2005   2  14  22.000  0.300400E+03  0.292899E+03  0.000000E+00  0.000000E+00  0.268004E+03  0.268026E+03  0.228147E+01  0.426832E+00
2005   2  14  23.000  0.299500E+03  0.292693E+03  0.000000E+00  0.000000E+00  0.268001E+03  0.268010E+03  0.186239E+01  0.341680E+00
2005   2  15   0.000  0.302200E+03  0.293724E+03  0.000000E+00  0.000000E+00  0.268337E+03  0.268255E+03  0.147873E+01  0.267438E+00
2005   2  15   1.000  0.304700E+03  0.293889E+03  0.000000E+00  0.000000E+00  0.268407E+03  0.268229E+03  0.877132E+00  0.176135E+00
2005   2  15   2.000  0.307400E+03  0.294668E+03  0.000000E+00  0.000000E+00  0.268652E+03  0.268403E+03  0.871319E+00  0.174629E+00
2005   2  15   3.000  0.307400E+03  0.294852E+03  0.000000E+00  0.000000E+00  0.268670E+03  0.268426E+03  0.789612E+00  0.162369E+00
2005   2  15   4.000  0.310400E+03  0.294782E+03  0.000000E+00  0.000000E+00  0.268767E+03  0.268357E+03  0.692759E+00  0.149620E+00
2005   2  15   5.000  0.306400E+03  0.295290E+03  0.000000E+00  0.000000E+00  0.268585E+03  0.268553E+03  0.239800E+01  0.451774E+00
2005   2  15   6.000  0.306500E+03  0.295106E+03  0.000000E+00  0.000000E+00  0.268547E+03  0.268486E+03  0.252813E+01  0.467644E+00
2005   2  15   7.000  0.307100E+03  0.295167E+03  0.000000E+00  0.000000E+00  0.268536E+03  0.268503E+03  0.180703E+01  0.328245E+00
2005   2  15   8.000  0.312100E+03  0.295683E+03  0.600000E+01  0.333448E+00  0.269332E+03  0.268539E+03  0.389493E+00  0.929742E-01
2005   2  15   9.000  0.311400E+03  0.293368E+03  0.101000E+02  0.561334E+00  0.267850E+03  0.267939E+03  0.172041E+01  0.320819E+00
2005   2  15  10.000  0.311000E+03  0.291392E+03  0.449000E+02  0.249492E+01  0.267759E+03  0.267435E+03  0.123846E+01  0.252917E+00
2005   2  15  11.000  0.314900E+03  0.290255E+03  0.432000E+02  0.240019E+01  0.267484E+03  0.267136E+03  0.123609E+01  0.253003E+00
2005   2  15  12.000  0.312500E+03  0.289274E+03  0.515000E+02  0.286135E+01  0.267126E+03  0.266936E+03  0.149304E+01  0.295118E+00
2005   2  15  13.000  0.310400E+03  0.287295E+03  0.474000E+02  0.263340E+01  0.266594E+03  0.266456E+03  0.157774E+01  0.309596E+00
2005   2  15  14.000  0.305200E+03  0.285640E+03  0.380000E+02  0.211094E+01  0.266417E+03  0.266128E+03  0.116206E+01  0.238548E+00
2005   2  15  15.000  0.303700E+03  0.284086E+03  0.178000E+02  0.988766E+00  0.266014E+03  0.265791E+03  0.117222E+01  0.237591E+00
2005   2  15  16.000  0.304500E+03  0.284223E+03  0.191000E+02  0.106076E+01  0.266854E+03  0.265825E+03  0.454408E+00  0.108903E+00
2005   2  15  17.000  0.302500E+03  0.283580E+03  0.150000E+01  0.832998E-01  0.266426E+03  0.265707E+03  0.519194E+00  0.122056E+00
2005   2  15  18.000  0.301200E+03  0.284040E+03  0.000000E+00  0.000000E+00  0.266595E+03  0.265915E+03  0.130603E+00  0.268394E-01
2005   2  15  19.000  0.304100E+03  0.284628E+03  0.000000E+00  0.000000E+00  0.266738E+03  0.266009E+03  0.130686E+00  0.268414E-01
2005   2  15  20.000  0.302500E+03  0.282921E+03  0.000000E+00  0.000000E+00  0.266346E+03  0.265467E+03  0.324723E+00  0.775546E-01
2005   2  15  21.000  0.301400E+03  0.283639E+03  0.000000E+00  0.000000E+00  0.266604E+03  0.265830E+03  0.130608E+00  0.268376E-01
2005   2  15  22.000  0.302600E+03  0.284102E+03  0.000000E+00  0.000000E+00  0.266587E+03  0.265895E+03  0.130656E+00  0.268412E-01
2005   2  15  23.000  0.304200E+03  0.285077E+03  0.000000E+00  0.000000E+00  0.266820E+03  0.266122E+03  0.663454E-01  0.134434E-01
2005   2  16   0.000  0.303700E+03  0.285689E+03  0.000000E+00  0.000000E+00  0.266792E+03  0.266250E+03  0.663260E-01  0.134486E-01
2005   2  16   1.000  0.303700E+03  0.285418E+03  0.000000E+00  0.000000E+00  0.266643E+03  0.266143E+03  0.130689E+00  0.268467E-01
2005   2  16   2.000  0.303700E+03  0.284835E+03  0.000000E+00  0.000000E+00  0.266568E+03  0.266005E+03  0.195269E+00  0.402535E-01
2005   2  16   3.000  0.302600E+03  0.285496E+03  0.000000E+00  0.000000E+00  0.266812E+03  0.266230E+03  0.662702E-01  0.134440E-01
2005   2  16   4.000  0.303500E+03  0.286184E+03  0.000000E+00  0.000000E+00  0.266931E+03  0.266376E+03  0.662834E-01  0.134460E-01
2005   2  16   5.000  0.301700E+03  0.286394E+03  0.000000E+00  0.000000E+00  0.266761E+03  0.266421E+03  0.662347E-01  0.134516E-01
2005   2  16   6.000  0.300800E+03  0.286593E+03  0.000000E+00  0.000000E+00  0.266787E+03  0.266480E+03  0.661803E-01  0.134502E-01
2005   2  16   7.000  0.303700E+03  0.286696E+03  0.000000E+00  0.000000E+00  0.267021E+03  0.266474E+03  0.130617E+00  0.268433E-01
2005   2  16   8.000  0.307100E+03  0.287136E+03  0.570000E+01  0.316273E+00  0.267314E+03  0.266546E+03  0.195287E+00  0.406224E-01
2005   2  16   9.000  0.305400E+03  0.286334E+03  0.158000E+02  0.876758E+00  0.266443E+03  0.266338E+03  0.127419E+01  0.250563E+00
2005   2  16  10.000  0.302000E+03  0.286539E+03  0.393000E+02  0.218070E+01  0.266573E+03  0.266441E+03  0.159426E+01  0.306120E+00
2005   2  16  11.000  0.305300E+03  0.287229E+03  0.463000E+02  0.256913E+01  0.266806E+03  0.266562E+03  0.141469E+01  0.279181E+00
2005   2  16  12.000  0.305700E+03  0.287563E+03  0.652000E+02  0.361760E+01  0.266811E+03  0.266608E+03  0.149486E+01  0.294589E+00
2005   2  16  13.000  0.305800E+03  0.288104E+03  0.787000E+02  0.436612E+01  0.266953E+03  0.266728E+03  0.149006E+01  0.295254E+00
2005   2  16  14.000  0.309100E+03  0.288944E+03  0.999000E+02  0.554168E+01  0.267198E+03  0.266871E+03  0.147512E+01  0.296491E+00
2005   2  16  15.000  0.301800E+03  0.287438E+03  0.456000E+02  0.252966E+01  0.266635E+03  0.266598E+03  0.135649E+01  0.266421E+00
2005   2  16  16.000  0.301000E+03  0.286659E+03  0.318000E+02  0.176431E+01  0.266532E+03  0.266459E+03  0.151944E+01  0.292947E+00
2005   2  16  17.000  0.297100E+03  0.285516E+03  0.168000E+02  0.932212E+00  0.266333E+03  0.266231E+03  0.111414E+01  0.222119E+00
2005   2  16  18.000  0.294900E+03  0.284308E+03  0.000000E+00  0.000000E+00  0.265976E+03  0.265987E+03  0.138637E+01  0.262326E+00
2005   2  16  19.000  0.292600E+03  0.283910E+03  0.000000E+00  0.000000E+00  0.265977E+03  0.265945E+03  0.130461E+01  0.246119E+00
2005   2  16  20.000  0.296300E+03  0.284105E+03  0.000000E+00  0.000000E+00  0.266260E+03  0.265952E+03  0.779968E+00  0.163018E+00
2005   2  16  21.000  0.297900E+03  0.284196E+03  0.000000E+00  0.000000E+00  0.266145E+03  0.265956E+03  0.103206E+01  0.205037E+00
2005   2  16  22.000  0.298400E+03  0.284251E+03  0.000000E+00  0.000000E+00  0.266304E+03  0.265958E+03  0.775834E+00  0.163440E+00
2005   2  16  23.000  0.297000E+03  0.283257E+03  0.000000E+00  0.000000E+00  0.265877E+03  0.265699E+03  0.947736E+00  0.192859E+00
2005   2  17   0.000  0.296400E+03  0.281808E+03  0.000000E+00  0.000000E+00  0.265711E+03  0.265323E+03  0.688956E+00  0.150646E+00
2005   2  17   1.000  0.300900E+03  0.282669E+03  0.000000E+00  0.000000E+00  0.266325E+03  0.265584E+03  0.130621E+00  0.268388E-01
2005   2  17   2.000  0.301600E+03  0.282563E+03  0.000000E+00  0.000000E+00  0.266120E+03  0.265501E+03  0.195248E+00  0.404554E-01
2005   2  17   3.000  0.289500E+03  0.279825E+03  0.000000E+00  0.000000E+00  0.264839E+03  0.264867E+03  0.259817E+00  0.550122E-01
2005   2  17   4.000  0.287400E+03  0.278228E+03  0.000000E+00  0.000000E+00  0.264869E+03  0.264484E+03  0.259792E+00  0.561651E-01
2005   2  17   5.000  0.287700E+03  0.277820E+03  0.000000E+00  0.000000E+00  0.264964E+03  0.264468E+03  0.389431E+00  0.924977E-01
2005   2  17   6.000  0.287100E+03  0.277096E+03  0.000000E+00  0.000000E+00  0.264781E+03  0.264278E+03  0.389436E+00  0.917587E-01
2005   2  17   7.000  0.277900E+03  0.275181E+03  0.000000E+00  0.000000E+00  0.263904E+03  0.263897E+03  0.572461E+00  0.120849E+00
2005   2  17   8.000  0.274300E+03  0.273659E+03  0.169000E+02  0.931525E+00  0.263645E+03  0.263520E+03  0.477566E+00  0.106530E+00
2005   2  17   9.000  0.278900E+03  0.276425E+03  0.473000E+02  0.260472E+01  0.264753E+03  0.264320E+03  0.130339E+00  0.268557E-01
2005   2  17  10.000  0.293900E+03  0.285845E+03  0.214800E+03  0.118187E+02  0.267415E+03  0.266262E+03  0.260320E+00  0.539474E-01
2005   2  17  11.000  0.270500E+03  0.285406E+03  0.293300E+03  0.161209E+02  0.266657E+03  0.266056E+03  0.658980E+00  0.156154E+00
2005   2  17  12.000  0.265800E+03  0.284992E+03  0.248700E+03  0.136470E+02  0.266351E+03  0.266088E+03  0.757157E+00  0.171493E+00
2005   2  17  13.000  0.267600E+03  0.288685E+03  0.387100E+03  0.212091E+02  0.267847E+03  0.266900E+03  0.871796E+00  0.200616E+00
2005   2  17  14.000  0.265100E+03  0.290361E+03  0.296400E+03  0.162106E+02  0.267665E+03  0.267366E+03  0.679052E+00  0.155469E+00
2005   2  17  15.000  0.275800E+03  0.288368E+03  0.154300E+03  0.842558E+01  0.266689E+03  0.266924E+03  0.130186E+01  0.255568E+00
2005   2  17  16.000  0.276700E+03  0.286256E+03  0.517000E+02  0.281924E+01  0.266327E+03  0.266556E+03  0.114352E+01  0.223463E+00
2005   2  17  17.000  0.277600E+03  0.284699E+03  0.770000E+01  0.419460E+00  0.265994E+03  0.266245E+03  0.498348E+00  0.134876E+00
2005   2  17  18.000  0.279500E+03  0.283704E+03  0.000000E+00  0.000000E+00  0.265901E+03  0.266020E+03  0.710640E+00  0.147742E+00
2005   2  17  19.000  0.287200E+03  0.283637E+03  0.000000E+00  0.000000E+00  0.266137E+03  0.265922E+03  0.401652E+00  0.910204E-01
2005   2  17  20.000  0.293000E+03  0.284324E+03  0.000000E+00  0.000000E+00  0.266394E+03  0.266081E+03  0.657810E-01  0.134303E-01
2005   2  17  21.000  0.293400E+03  0.284686E+03  0.000000E+00  0.000000E+00  0.266415E+03  0.266151E+03  0.657994E-01  0.134333E-01
2005   2  17  22.000  0.289900E+03  0.282868E+03  0.000000E+00  0.000000E+00  0.265977E+03  0.265612E+03  0.259722E+00  0.615700E-01
2005   2  17  23.000  0.286100E+03  0.282365E+03  0.000000E+00  0.000000E+00  0.265816E+03  0.265628E+03  0.403455E+00  0.916709E-01
2005   2  18   0.000  0.281700E+03  0.281688E+03  0.000000E+00  0.000000E+00  0.265472E+03  0.265525E+03  0.763387E+00  0.147318E+00
2005   2  18   1.000  0.269900E+03  0.279942E+03  0.000000E+00  0.000000E+00  0.264898E+03  0.265215E+03  0.678437E+00  0.132767E+00
2005   2  18   2.000  0.224000E+03  0.274022E+03  0.000000E+00  0.000000E+00  0.262718E+03  0.264252E+03  0.477321E+00  0.820753E-01
2005   2  18   3.000  0.200800E+03  0.268816E+03  0.000000E+00  0.000000E+00  0.261764E+03  0.263255E+03  0.875583E+00  0.150620E+00
2005   2  18   4.000  0.210400E+03  0.266617E+03  0.000000E+00  0.000000E+00  0.261913E+03  0.262679E+03  0.795965E+00  0.138884E+00
2005   2  18   5.000  0.193500E+03  0.261779E+03  0.000000E+00  0.000000E+00  0.261169E+03  0.261675E+03  0.636474E+00  0.819285E-01
2005   2  18   6.000  0.220000E+03  0.262119E+03  0.000000E+00  0.000000E+00  0.262159E+03  0.261534E+03  0.875666E+00  0.113018E+00
2005   2  18   7.000  0.257600E+03  0.267875E+03  0.900000E+00  0.485127E-01  0.263973E+03  0.262533E+03  0.111475E+01  0.215413E+00
2005   2  18   8.000  0.256900E+03  0.271189E+03  0.480000E+02  0.258606E+01  0.264336E+03  0.263317E+03  0.477635E+00  0.923083E-01
2005   2  18   9.000  0.217200E+03  0.271175E+03  0.852000E+02  0.458728E+01  0.263516E+03  0.263656E+03  0.317792E+00  0.615228E-01
2005   2  18  10.000  0.231000E+03  0.282237E+03  0.306800E+03  0.165074E+02  0.265700E+03  0.266022E+03  0.435497E+00  0.108208E+00
2005   2  18  11.000  0.236300E+03  0.287730E+03  0.488600E+03  0.262645E+02  0.267341E+03  0.266870E+03  0.817900E+00  0.187596E+00
2005   2  18  12.000  0.273900E+03  0.288586E+03  0.267500E+03  0.143529E+02  0.266960E+03  0.266830E+03  0.999385E+00  0.215483E+00
2005   2  18  13.000  0.276700E+03  0.287506E+03  0.223700E+03  0.119839E+02  0.266689E+03  0.266607E+03  0.108506E+01  0.228681E+00
2005   2  18  14.000  0.277800E+03  0.287980E+03  0.205200E+03  0.109768E+02  0.267298E+03  0.266694E+03  0.519225E+00  0.124468E+00
2005   2  18  15.000  0.273600E+03  0.291338E+03  0.160400E+03  0.856900E+01  0.267275E+03  0.267662E+03  0.259756E+00  0.538792E-01
2005   2  18  16.000  0.257000E+03  0.288103E+03  0.111900E+03  0.597216E+01  0.266521E+03  0.267077E+03  0.716610E+00  0.138811E+00
2005   2  18  17.000  0.257900E+03  0.285202E+03  0.234000E+02  0.124755E+01  0.265852E+03  0.266540E+03  0.119438E+01  0.220182E+00
2005   2  18  18.000  0.253000E+03  0.282830E+03  0.000000E+00  0.000000E+00  0.265040E+03  0.266087E+03  0.143148E+01  0.293114E+00
2005   2  18  19.000  0.266600E+03  0.282844E+03  0.000000E+00  0.000000E+00  0.265321E+03  0.265983E+03  0.130683E+01  0.333352E+00
2005   2  18  20.000  0.271400E+03  0.283000E+03  0.000000E+00  0.000000E+00  0.265474E+03  0.265977E+03  0.126309E+01  0.332593E+00
2005   2  18  21.000  0.272100E+03  0.283301E+03  0.000000E+00  0.000000E+00  0.265567E+03  0.266049E+03  0.126480E+01  0.330289E+00
2005   2  18  22.000  0.273600E+03  0.283823E+03  0.000000E+00  0.000000E+00  0.265794E+03  0.266175E+03  0.106621E+01  0.249185E+00
2005   2  18  23.000  0.273700E+03  0.283654E+03  0.000000E+00  0.000000E+00  0.265655E+03  0.266096E+03  0.141297E+01  0.391861E+00
2005   2  19   0.000  0.273000E+03  0.282971E+03  0.000000E+00  0.000000E+00  0.265453E+03  0.265933E+03  0.120006E+01  0.323632E+00
2005   2  19   1.000  0.272600E+03  0.282762E+03  0.000000E+00  0.000000E+00  0.265446E+03  0.265900E+03  0.124378E+01  0.334582E+00
2005   2  19   2.000  0.271400E+03  0.282290E+03  0.000000E+00  0.000000E+00  0.265339E+03  0.265804E+03  0.954456E+00  0.219478E+00
2005   2  19   3.000  0.268800E+03  0.281761E+03  0.000000E+00  0.000000E+00  0.265118E+03  0.265696E+03  0.120194E+01  0.305580E+00
2005   2  19   4.000  0.266600E+03  0.281451E+03  0.000000E+00  0.000000E+00  0.265031E+03  0.265656E+03  0.119845E+01  0.286975E+00
2005   2  19   5.000  0.261700E+03  0.281617E+03  0.000000E+00  0.000000E+00  0.264972E+03  0.265761E+03  0.142001E+01  0.337669E+00
2005   2  19   6.000  0.261000E+03  0.281353E+03  0.000000E+00  0.000000E+00  0.265574E+03  0.265756E+03  0.132339E+01  0.221187E+00
2005   2  19   7.000  0.257800E+03  0.281396E+03  0.110000E+01  0.581310E-01  0.266163E+03  0.265794E+03  0.119436E+01  0.211864E+00
2005   2  19   8.000  0.253500E+03  0.283086E+03  0.547000E+02  0.288915E+01  0.266128E+03  0.266200E+03  0.557231E+00  0.807708E-01
2005   2  19   9.000  0.266400E+03  0.290650E+03  0.158500E+03  0.836664E+01  0.267485E+03  0.267733E+03  0.129890E+00  0.268385E-01
2005   2  19  10.000  0.279600E+03  0.298123E+03  0.184200E+03  0.971635E+01  0.269098E+03  0.269209E+03  0.194964E+00  0.402559E-01
2005   2  19  11.000  0.286700E+03  0.308762E+03  0.283700E+03  0.149522E+02  0.270471E+03  0.271310E+03  0.130520E+00  0.268732E-01
2005   2  19  12.000  0.290700E+03  0.304879E+03  0.288200E+03  0.151734E+02  0.270682E+03  0.270272E+03  0.519220E+00  0.123648E+00
2005   2  19  13.000  0.298300E+03  0.303010E+03  0.220300E+03  0.115771E+02  0.270473E+03  0.269899E+03  0.454388E+00  0.107158E+00
2005   2  19  14.000  0.323100E+03  0.310202E+03  0.177200E+03  0.930769E+01  0.270332E+03  0.271355E+03  0.130556E+00  0.268762E-01
2005   2  19  15.000  0.321600E+03  0.314171E+03  0.123900E+03  0.652019E+01  0.270464E+03  0.272233E+03  0.660754E-01  0.135183E-01
2005   2  19  16.000  0.307900E+03  0.309916E+03  0.818000E+02  0.431625E+01  0.270612E+03  0.271409E+03  0.195147E+00  0.402711E-01
2005   2  19  17.000  0.304800E+03  0.300719E+03  0.163000E+02  0.860688E+00  0.269356E+03  0.269549E+03  0.984029E+00  0.197918E+00
2005   2  19  18.000  0.305400E+03  0.297649E+03  0.000000E+00  0.000000E+00  0.269088E+03  0.269036E+03  0.104077E+01  0.208116E+00
2005   2  19  19.000  0.303100E+03  0.296508E+03  0.000000E+00  0.000000E+00  0.268837E+03  0.268852E+03  0.147855E+01  0.274749E+00
2005   2  19  20.000  0.303400E+03  0.295974E+03  0.000000E+00  0.000000E+00  0.268777E+03  0.268736E+03  0.146843E+01  0.273710E+00
2005   2  19  21.000  0.303800E+03  0.294972E+03  0.000000E+00  0.000000E+00  0.268599E+03  0.268476E+03  0.103895E+01  0.205932E+00
2005   2  19  22.000  0.304300E+03  0.294710E+03  0.000000E+00  0.000000E+00  0.268463E+03  0.268432E+03  0.163528E+01  0.301188E+00
2005   2  19  23.000  0.303200E+03  0.294222E+03  0.000000E+00  0.000000E+00  0.268336E+03  0.268321E+03  0.203203E+01  0.370609E+00
2005   2  20   0.000  0.302900E+03  0.293211E+03  0.000000E+00  0.000000E+00  0.268100E+03  0.268071E+03  0.154460E+01  0.289223E+00
2005   2  20   1.000  0.306600E+03  0.293071E+03  0.000000E+00  0.000000E+00  0.268785E+03  0.267963E+03  0.259864E+00  0.620881E-01
2005   2  20   2.000  0.307700E+03  0.293269E+03  0.000000E+00  0.000000E+00  0.268343E+03  0.268052E+03  0.861059E+00  0.177136E+00
2005   2  20   3.000  0.307500E+03  0.293614E+03  0.000000E+00  0.000000E+00  0.268809E+03  0.268131E+03  0.454314E+00  0.107169E+00
2005   2  20   4.000  0.308000E+03  0.293772E+03  0.000000E+00  0.000000E+00  0.268881E+03  0.268115E+03  0.195092E+00  0.425338E-01
2005   2  20   5.000  0.307200E+03  0.294217E+03  0.000000E+00  0.000000E+00  0.268877E+03  0.268296E+03  0.130407E+00  0.268357E-01
2005   2  20   6.000  0.307100E+03  0.293200E+03  0.000000E+00  0.000000E+00  0.268552E+03  0.267976E+03  0.454303E+00  0.106514E+00
2005   2  20   7.000  0.307900E+03  0.293013E+03  0.000000E+00  0.000000E+00  0.268460E+03  0.267964E+03  0.608670E+00  0.135685E+00
2005   2  20   8.000  0.309900E+03  0.292898E+03  0.930000E+01  0.512162E+00  0.268544E+03  0.267894E+03  0.598140E+00  0.136420E+00
2005   2  20   9.000  0.316500E+03  0.293867E+03  0.333000E+02  0.183862E+01  0.268992E+03  0.268037E+03  0.657989E+00  0.153160E+00
2005   2  20  10.000  0.317000E+03  0.294839E+03  0.800000E+02  0.442121E+01  0.268738E+03  0.268222E+03  0.114431E+01  0.239662E+00
2005   2  20  11.000  0.316400E+03  0.295918E+03  0.104400E+03  0.576776E+01  0.269137E+03  0.268450E+03  0.105229E+01  0.226833E+00
2005   2  20  12.000  0.318300E+03  0.294711E+03  0.607000E+02  0.335046E+01  0.268405E+03  0.268147E+03  0.132366E+01  0.267591E+00
2005   2  20  13.000  0.318000E+03  0.294562E+03  0.681000E+02  0.376289E+01  0.268628E+03  0.268138E+03  0.122442E+01  0.253477E+00
2005   2  20  14.000  0.315400E+03  0.294052E+03  0.647000E+02  0.357373E+01  0.268604E+03  0.268030E+03  0.981968E+00  0.210890E+00
2005   2  20  15.000  0.317100E+03  0.294441E+03  0.630000E+02  0.347573E+01  0.269281E+03  0.268093E+03  0.584142E+00  0.139629E+00
2005   2  20  16.000  0.315800E+03  0.294207E+03  0.278000E+02  0.153210E+01  0.269183E+03  0.268057E+03  0.324786E+00  0.774479E-01
2005   2  20  17.000  0.311400E+03  0.295108E+03  0.950000E+01  0.523454E+00  0.268994E+03  0.268419E+03  0.662500E-01  0.134446E-01
2005   2  20  18.000  0.300600E+03  0.294041E+03  0.000000E+00  0.000000E+00  0.268093E+03  0.268238E+03  0.658635E-01  0.134531E-01
2005   2  20  19.000  0.297900E+03  0.293163E+03  0.000000E+00  0.000000E+00  0.267818E+03  0.268064E+03  0.657984E-01  0.134537E-01
2005   2  20  20.000  0.296600E+03  0.291653E+03  0.000000E+00  0.000000E+00  0.267556E+03  0.267718E+03  0.130272E+00  0.268462E-01
2005   2  20  21.000  0.300100E+03  0.291633E+03  0.000000E+00  0.000000E+00  0.267761E+03  0.267725E+03  0.659217E-01  0.134475E-01
2005   2  20  22.000  0.303900E+03  0.291729E+03  0.000000E+00  0.000000E+00  0.267794E+03  0.267692E+03  0.661074E-01  0.134537E-01
2005   2  20  23.000  0.303800E+03  0.291587E+03  0.000000E+00  0.000000E+00  0.267712E+03  0.267651E+03  0.661214E-01  0.134558E-01
2005   2  21   0.000  0.303300E+03  0.291519E+03  0.000000E+00  0.000000E+00  0.267758E+03  0.267651E+03  0.660798E-01  0.134522E-01
2005   2  21   1.000  0.308700E+03  0.291862E+03  0.000000E+00  0.000000E+00  0.267880E+03  0.267655E+03  0.663138E-01  0.134596E-01
2005   2  21   2.000  0.309700E+03  0.291959E+03  0.000000E+00  0.000000E+00  0.267857E+03  0.267653E+03  0.663664E-01  0.134631E-01
2005   2  21   3.000  0.309800E+03  0.291925E+03  0.000000E+00  0.000000E+00  0.267796E+03  0.267632E+03  0.663919E-01  0.134660E-01
2005   2  21   4.000  0.309900E+03  0.291989E+03  0.000000E+00  0.000000E+00  0.267877E+03  0.267655E+03  0.663793E-01  0.134633E-01
2005   2  21   5.000  0.310500E+03  0.292009E+03  0.000000E+00  0.000000E+00  0.267839E+03  0.267642E+03  0.664203E-01  0.134664E-01
2005   2  21   6.000  0.311100E+03  0.291982E+03  0.000000E+00  0.000000E+00  0.267800E+03  0.267620E+03  0.664601E-01  0.134690E-01
2005   2  21   7.000  0.307600E+03  0.288177E+03  0.000000E+00  0.000000E+00  0.267390E+03  0.266639E+03  0.389533E+00  0.932118E-01
2005   2  21   8.000  0.307000E+03  0.287612E+03  0.110000E+02  0.608183E+00  0.267417E+03  0.266644E+03  0.589587E+00  0.137555E+00
2005   2  21   9.000  0.308200E+03  0.288432E+03  0.319000E+02  0.176428E+01  0.267397E+03  0.266850E+03  0.910438E+00  0.195396E+00
2005   2  21  10.000  0.314200E+03  0.289935E+03  0.645000E+02  0.356768E+01  0.267729E+03  0.267111E+03  0.113764E+01  0.239324E+00
2005   2  21  11.000  0.315800E+03  0.291039E+03  0.780000E+02  0.431442E+01  0.267798E+03  0.267336E+03  0.130621E+01  0.267794E+00
2005   2  21  12.000  0.315500E+03  0.291786E+03  0.956000E+02  0.528756E+01  0.268442E+03  0.267459E+03  0.880626E+00  0.198301E+00
2005   2  21  13.000  0.316000E+03  0.291712E+03  0.776000E+02  0.429164E+01  0.267862E+03  0.267459E+03  0.122943E+01  0.254096E+00
2005   2  21  14.000  0.315900E+03  0.292065E+03  0.815000E+02  0.450734E+01  0.268090E+03  0.267555E+03  0.121968E+01  0.254125E+00
2005   2  21  15.000  0.313500E+03  0.291742E+03  0.583000E+02  0.322465E+01  0.267849E+03  0.267520E+03  0.123929E+01  0.253009E+00
2005   2  21  16.000  0.307900E+03  0.290631E+03  0.234000E+02  0.129470E+01  0.267431E+03  0.267353E+03  0.143836E+01  0.278775E+00
2005   2  21  17.000  0.302500E+03  0.288670E+03  0.770000E+01  0.426049E+00  0.266956E+03  0.266943E+03  0.145127E+01  0.278234E+00
2005   2  21  18.000  0.301800E+03  0.287317E+03  0.000000E+00  0.000000E+00  0.267263E+03  0.266608E+03  0.454326E+00  0.106630E+00
2005   2  21  19.000  0.299100E+03  0.286306E+03  0.000000E+00  0.000000E+00  0.267025E+03  0.266396E+03  0.324630E+00  0.778844E-01
2005   2  21  20.000  0.295400E+03  0.284588E+03  0.000000E+00  0.000000E+00  0.266465E+03  0.266013E+03  0.455743E+00  0.106448E+00
2005   2  21  21.000  0.299300E+03  0.284471E+03  0.000000E+00  0.000000E+00  0.266710E+03  0.265984E+03  0.389490E+00  0.926749E-01
2005   2  21  22.000  0.294000E+03  0.283236E+03  0.000000E+00  0.000000E+00  0.266242E+03  0.265705E+03  0.324607E+00  0.779116E-01
2005   2  21  23.000  0.291500E+03  0.283551E+03  0.000000E+00  0.000000E+00  0.266225E+03  0.265951E+03  0.658093E-01  0.134313E-01
2005   2  22   0.000  0.295500E+03  0.283765E+03  0.000000E+00  0.000000E+00  0.266516E+03  0.265855E+03  0.259807E+00  0.624592E-01
2005   2  22   1.000  0.294200E+03  0.282603E+03  0.000000E+00  0.000000E+00  0.266143E+03  0.265524E+03  0.259817E+00  0.616265E-01
2005   2  22   2.000  0.293800E+03  0.283033E+03  0.000000E+00  0.000000E+00  0.266240E+03  0.265748E+03  0.457099E+00  0.108678E+00
2005   2  22   3.000  0.292800E+03  0.282801E+03  0.000000E+00  0.000000E+00  0.266166E+03  0.265660E+03  0.389431E+00  0.918233E-01
2005   2  22   4.000  0.284200E+03  0.280394E+03  0.000000E+00  0.000000E+00  0.265008E+03  0.265137E+03  0.107765E+01  0.207302E+00
2005   2  22   5.000  0.277800E+03  0.278039E+03  0.000000E+00  0.000000E+00  0.264480E+03  0.264641E+03  0.108692E+01  0.207016E+00
2005   2  22   6.000  0.276900E+03  0.277208E+03  0.000000E+00  0.000000E+00  0.264428E+03  0.264488E+03  0.747179E+00  0.148634E+00
2005   2  22   7.000  0.279700E+03  0.277391E+03  0.600000E+00  0.329267E-01  0.264674E+03  0.264578E+03  0.130091E+00  0.272950E-01
2005   2  22   8.000  0.294400E+03  0.280565E+03  0.250000E+02  0.137082E+01  0.266091E+03  0.265220E+03  0.661857E-01  0.134253E-01
2005   2  22   9.000  0.306800E+03  0.284910E+03  0.595000E+02  0.325993E+01  0.267511E+03  0.265989E+03  0.260116E+00  0.621608E-01
2005   2  22  10.000  0.300800E+03  0.291572E+03  0.144500E+03  0.791000E+01  0.268519E+03  0.267564E+03  0.130998E+00  0.268504E-01
2005   2  22  11.000  0.256500E+03  0.287690E+03  0.262600E+03  0.143615E+02  0.266594E+03  0.266780E+03  0.798368E+00  0.171465E+00
2005   2  22  12.000  0.286400E+03  0.289279E+03  0.173700E+03  0.948433E+01  0.267976E+03  0.267005E+03  0.584126E+00  0.140330E+00
2005   2  22  13.000  0.289200E+03  0.290526E+03  0.216500E+03  0.118065E+02  0.268195E+03  0.267251E+03  0.725416E+00  0.171289E+00
2005   2  22  14.000  0.294800E+03  0.291474E+03  0.161500E+03  0.880313E+01  0.268493E+03  0.267403E+03  0.389651E+00  0.909454E-01
2005   2  22  15.000  0.305700E+03  0.290417E+03  0.114800E+03  0.626042E+01  0.268212E+03  0.267087E+03  0.584147E+00  0.139772E+00
2005   2  22  16.000  0.307000E+03  0.288981E+03  0.324000E+02  0.176630E+01  0.267703E+03  0.266872E+03  0.519226E+00  0.123124E+00
2005   2  22  17.000  0.306200E+03  0.289606E+03  0.115000E+02  0.627366E+00  0.267788E+03  0.267153E+03  0.130653E+00  0.268429E-01
2005   2  22  18.000  0.306500E+03  0.290045E+03  0.000000E+00  0.000000E+00  0.267691E+03  0.267253E+03  0.662526E-01  0.134494E-01
2005   2  22  19.000  0.302000E+03  0.289322E+03  0.000000E+00  0.000000E+00  0.267409E+03  0.267112E+03  0.130491E+00  0.268442E-01
2005   2  22  20.000  0.295800E+03  0.286251E+03  0.000000E+00  0.000000E+00  0.266781E+03  0.266354E+03  0.389434E+00  0.936556E-01
2005   2  22  21.000  0.288700E+03  0.283556E+03  0.000000E+00  0.000000E+00  0.265825E+03  0.265849E+03  0.889136E+00  0.179353E+00
2005   2  22  22.000  0.285800E+03  0.283100E+03  0.000000E+00  0.000000E+00  0.265833E+03  0.265854E+03  0.115231E+01  0.217259E+00
2005   2  22  23.000  0.283600E+03  0.282872E+03  0.000000E+00  0.000000E+00  0.265816E+03  0.265830E+03  0.912514E+00  0.173960E+00
2005   2  23   0.000  0.291100E+03  0.282523E+03  0.000000E+00  0.000000E+00  0.265859E+03  0.265637E+03  0.195042E+00  0.408805E-01
2005   2  23   1.000  0.295200E+03  0.283678E+03  0.000000E+00  0.000000E+00  0.266331E+03  0.265918E+03  0.617331E+00  0.131929E+00
2005   2  23   2.000  0.297700E+03  0.284772E+03  0.000000E+00  0.000000E+00  0.266809E+03  0.266180E+03  0.659649E-01  0.134252E-01
2005   2  23   3.000  0.298700E+03  0.284140E+03  0.000000E+00  0.000000E+00  0.266505E+03  0.265890E+03  0.454315E+00  0.106670E+00
2005   2  23   4.000  0.295400E+03  0.283476E+03  0.000000E+00  0.000000E+00  0.266238E+03  0.265786E+03  0.533084E+00  0.121328E+00
2005   2  23   5.000  0.292800E+03  0.281964E+03  0.000000E+00  0.000000E+00  0.265592E+03  0.265435E+03  0.866143E+00  0.179049E+00
2005   2  23   6.000  0.295700E+03  0.282546E+03  0.000000E+00  0.000000E+00  0.266169E+03  0.265642E+03  0.130469E+00  0.268374E-01
2005   2  23   7.000  0.296600E+03  0.282533E+03  0.200000E+00  0.108126E-01  0.266074E+03  0.265579E+03  0.195139E+00  0.411310E-01
2005   2  23   8.000  0.301300E+03  0.283926E+03  0.211000E+02  0.113980E+01  0.266620E+03  0.265858E+03  0.195291E+00  0.407102E-01
2005   2  23   9.000  0.307500E+03  0.286322E+03  0.913000E+02  0.492788E+01  0.267678E+03  0.266209E+03  0.454515E+00  0.109089E+00
2005   2  23  10.000  0.307700E+03  0.290024E+03  0.230500E+03  0.124285E+02  0.268527E+03  0.266934E+03  0.649076E+00  0.156338E+00
2005   2  23  11.000  0.253200E+03  0.287344E+03  0.199800E+03  0.107583E+02  0.266519E+03  0.266885E+03  0.855493E+00  0.170037E+00
2005   2  23  12.000  0.243600E+03  0.287498E+03  0.176700E+03  0.950261E+01  0.266608E+03  0.267095E+03  0.604794E+00  0.140476E+00
2005   2  23  13.000  0.261700E+03  0.289079E+03  0.189800E+03  0.101961E+02  0.267326E+03  0.267261E+03  0.783444E+00  0.168724E+00
2005   2  23  14.000  0.263400E+03  0.289817E+03  0.170800E+03  0.916455E+01  0.267370E+03  0.267424E+03  0.642940E+00  0.140593E+00
2005   2  23  15.000  0.254200E+03  0.290581E+03  0.188500E+03  0.101028E+02  0.267437E+03  0.267723E+03  0.860638E+00  0.170001E+00
2005   2  23  16.000  0.275200E+03  0.288806E+03  0.579000E+02  0.309971E+01  0.266931E+03  0.267171E+03  0.108181E+01  0.209420E+00
2005   2  23  17.000  0.275900E+03  0.285988E+03  0.180000E+02  0.962792E+00  0.266279E+03  0.266509E+03  0.303343E+00  0.937919E-01
2005   2  23  18.000  0.269900E+03  0.284143E+03  0.000000E+00  0.000000E+00  0.265510E+03  0.266275E+03  0.792840E-01  0.134337E-01
2005   2  23  19.000  0.259600E+03  0.281531E+03  0.000000E+00  0.000000E+00  0.265119E+03  0.265711E+03  0.318297E+00  0.623090E-01
2005   2  23  20.000  0.223100E+03  0.276228E+03  0.000000E+00  0.000000E+00  0.263776E+03  0.264963E+03  0.716375E+00  0.127249E+00
2005   2  23  21.000  0.229300E+03  0.273481E+03  0.000000E+00  0.000000E+00  0.263316E+03  0.264197E+03  0.317928E+00  0.615408E-01
2005   2  23  22.000  0.265400E+03  0.275316E+03  0.000000E+00  0.000000E+00  0.264749E+03  0.264311E+03  0.398019E+00  0.769260E-01
2005   2  23  23.000  0.268800E+03  0.275826E+03  0.000000E+00  0.000000E+00  0.264908E+03  0.264404E+03  0.318384E+00  0.615287E-01
2005   2  24   0.000  0.249400E+03  0.273484E+03  0.000000E+00  0.000000E+00  0.264070E+03  0.264000E+03  0.781939E-01  0.153846E-01
2005   2  24   1.000  0.206400E+03  0.267364E+03  0.000000E+00  0.000000E+00  0.262001E+03  0.262901E+03  0.157481E+00  0.307729E-01
2005   2  24   2.000  0.192900E+03  0.263316E+03  0.000000E+00  0.000000E+00  0.261783E+03  0.262163E+03  0.795886E+00  0.102756E+00
2005   2  24   3.000  0.190500E+03  0.260415E+03  0.000000E+00  0.000000E+00  0.261511E+03  0.261496E+03  0.875540E+00  0.112966E+00
2005   2  24   4.000  0.190400E+03  0.259069E+03  0.000000E+00  0.000000E+00  0.261860E+03  0.261182E+03  0.103485E+01  0.133580E+00
2005   2  24   5.000  0.191200E+03  0.258104E+03  0.000000E+00  0.000000E+00  0.262181E+03  0.260939E+03  0.103484E+01  0.133326E+00
2005   2  24   6.000  0.191200E+03  0.256578E+03  0.000000E+00  0.000000E+00  0.261550E+03  0.260477E+03  0.476964E+00  0.922953E-01
2005   2  24   7.000  0.196900E+03  0.256927E+03  0.840000E+01  0.445721E+00  0.261550E+03  0.260491E+03  0.636493E+00  0.123063E+00
2005   2  24   8.000  0.193800E+03  0.257746E+03  0.437000E+02  0.231771E+01  0.261946E+03  0.260711E+03  0.397246E+00  0.715259E-01
2005   2  24   9.000  0.192200E+03  0.257487E+03  0.684000E+02  0.362586E+01  0.262584E+03  0.260615E+03  0.754746E-01  0.153753E-01
2005   2  24  10.000  0.199700E+03  0.274431E+03  0.345800E+03  0.183193E+02  0.265162E+03  0.264589E+03  0.636845E+00  0.123091E+00
2005   2  24  11.000  0.213500E+03  0.288013E+03  0.565400E+03  0.299359E+02  0.267433E+03  0.267297E+03  0.108122E+01  0.230053E+00
2005   2  24  12.000  0.253300E+03  0.293407E+03  0.521100E+03  0.275475E+02  0.268243E+03  0.267997E+03  0.137491E+01  0.289226E+00
2005   2  24  13.000  0.272800E+03  0.293680E+03  0.377100E+03  0.198933E+02  0.268043E+03  0.267927E+03  0.131090E+01  0.274453E+00
2005   2  24  14.000  0.268300E+03  0.293665E+03  0.340000E+03  0.179022E+02  0.267948E+03  0.268084E+03  0.158395E+01  0.316703E+00
2005   2  24  15.000  0.266200E+03  0.291819E+03  0.219200E+03  0.115219E+02  0.267472E+03  0.267750E+03  0.122438E+01  0.243546E+00
2005   2  24  16.000  0.276900E+03  0.289007E+03  0.786000E+02  0.412585E+01  0.266858E+03  0.267099E+03  0.768792E+00  0.153604E+00
2005   2  24  17.000  0.276200E+03  0.287931E+03  0.142000E+02  0.744637E+00  0.266436E+03  0.267025E+03  0.159109E+00  0.268376E-01
2005   2  24  18.000  0.271700E+03  0.285964E+03  0.000000E+00  0.000000E+00  0.265816E+03  0.266636E+03  0.791189E-01  0.134345E-01
2005   2  24  19.000  0.263100E+03  0.283738E+03  0.000000E+00  0.000000E+00  0.265477E+03  0.266251E+03  0.787073E-01  0.134216E-01
2005   2  24  20.000  0.216900E+03  0.277298E+03  0.000000E+00  0.000000E+00  0.263893E+03  0.265176E+03  0.477255E+00  0.923200E-01
2005   2  24  21.000  0.212900E+03  0.273141E+03  0.000000E+00  0.000000E+00  0.263219E+03  0.264257E+03  0.477231E+00  0.923171E-01
2005   2  24  22.000  0.269700E+03  0.276052E+03  0.000000E+00  0.000000E+00  0.264779E+03  0.264435E+03  0.398030E+00  0.769284E-01
2005   2  24  23.000  0.272000E+03  0.277025E+03  0.000000E+00  0.000000E+00  0.265340E+03  0.264653E+03  0.398016E+00  0.769202E-01
2005   2  25   0.000  0.244500E+03  0.275053E+03  0.000000E+00  0.000000E+00  0.264495E+03  0.264457E+03  0.716461E+00  0.989364E-01
2005   2  25   1.000  0.201600E+03  0.269431E+03  0.000000E+00  0.000000E+00  0.262766E+03  0.263584E+03  0.103491E+01  0.180942E+00
2005   2  25   2.000  0.199300E+03  0.267289E+03  0.000000E+00  0.000000E+00  0.262912E+03  0.263126E+03  0.151278E+01  0.257872E+00
2005   2  25   3.000  0.198500E+03  0.265126E+03  0.000000E+00  0.000000E+00  0.262625E+03  0.262624E+03  0.111454E+01  0.196008E+00
2005   2  25   4.000  0.192100E+03  0.261730E+03  0.000000E+00  0.000000E+00  0.261649E+03  0.261747E+03  0.477024E+00  0.922866E-01
2005   2  25   5.000  0.190700E+03  0.259407E+03  0.000000E+00  0.000000E+00  0.261412E+03  0.261196E+03  0.556750E+00  0.107677E+00
2005   2  25   6.000  0.190800E+03  0.257068E+03  0.000000E+00  0.000000E+00  0.261495E+03  0.260701E+03  0.875521E+00  0.112656E+00
2005   2  25   7.000  0.192600E+03  0.255581E+03  0.690000E+01  0.359120E+00  0.261542E+03  0.260325E+03  0.875529E+00  0.112626E+00
2005   2  25   8.000  0.194900E+03  0.257847E+03  0.499000E+02  0.259590E+01  0.262107E+03  0.260759E+03  0.556803E+00  0.107668E+00
2005   2  25   9.000  0.196100E+03  0.259856E+03  0.920000E+02  0.478409E+01  0.262696E+03  0.261160E+03  0.157228E+00  0.307696E-01
2005   2  25  10.000  0.205600E+03  0.276718E+03  0.335300E+03  0.174267E+02  0.265186E+03  0.265036E+03  0.636873E+00  0.113434E+00
2005   2  25  11.000  0.209500E+03  0.288193E+03  0.553200E+03  0.287364E+02  0.267282E+03  0.267292E+03  0.936397E+00  0.201640E+00
2005   2  25  12.000  0.212200E+03  0.290707E+03  0.598500E+03  0.310416E+02  0.267319E+03  0.267657E+03  0.142564E+01  0.290293E+00
2005   2  25  13.000  0.214200E+03  0.295180E+03  0.572200E+03  0.296128E+02  0.268570E+03  0.268719E+03  0.101753E+01  0.217456E+00
2005   2  25  14.000  0.249000E+03  0.293298E+03  0.268400E+03  0.138620E+02  0.267702E+03  0.268191E+03  0.130769E+01  0.301543E+00
2005   2  25  15.000  0.276700E+03  0.292731E+03  0.207300E+03  0.106905E+02  0.267795E+03  0.267874E+03  0.134808E+01  0.272154E+00
2005   2  25  16.000  0.271800E+03  0.290146E+03  0.105200E+03  0.541806E+01  0.267118E+03  0.267406E+03  0.684987E+00  0.153924E+00
2005   2  25  17.000  0.264900E+03  0.286646E+03  0.262000E+02  0.134808E+01  0.266205E+03  0.266785E+03  0.716587E+00  0.135666E+00
2005   2  25  18.000  0.272800E+03  0.285155E+03  0.000000E+00  0.000000E+00  0.265996E+03  0.266413E+03  0.238703E+00  0.454364E-01
2005   2  25  19.000  0.276700E+03  0.284512E+03  0.000000E+00  0.000000E+00  0.265917E+03  0.266256E+03  0.159091E+00  0.264058E-01
2005   2  25  20.000  0.276900E+03  0.283778E+03  0.000000E+00  0.000000E+00  0.265753E+03  0.266093E+03  0.159124E+00  0.270309E-01
2005   2  25  21.000  0.269500E+03  0.282281E+03  0.000000E+00  0.000000E+00  0.265391E+03  0.265787E+03  0.158976E+00  0.309256E-01
2005   2  25  22.000  0.261600E+03  0.280504E+03  0.000000E+00  0.000000E+00  0.264968E+03  0.265498E+03  0.796217E+00  0.141938E+00
2005   2  25  23.000  0.260900E+03  0.279318E+03  0.000000E+00  0.000000E+00  0.264764E+03  0.265264E+03  0.716578E+00  0.110157E+00
2005   2  26   0.000  0.224100E+03  0.273885E+03  0.000000E+00  0.000000E+00  0.263130E+03  0.264465E+03  0.636743E+00  0.110837E+00
2005   2  26   1.000  0.190300E+03  0.267389E+03  0.000000E+00  0.000000E+00  0.261686E+03  0.263086E+03  0.636548E+00  0.123092E+00
2005   2  26   2.000  0.191200E+03  0.264017E+03  0.000000E+00  0.000000E+00  0.261667E+03  0.262387E+03  0.795901E+00  0.110656E+00
2005   2  26   3.000  0.187800E+03  0.259439E+03  0.000000E+00  0.000000E+00  0.261312E+03  0.261419E+03  0.556776E+00  0.717340E-01
2005   2  26   4.000  0.190800E+03  0.258097E+03  0.000000E+00  0.000000E+00  0.261343E+03  0.260923E+03  0.636491E+00  0.123071E+00
2005   2  26   5.000  0.188100E+03  0.255134E+03  0.000000E+00  0.000000E+00  0.261017E+03  0.260328E+03  0.795854E+00  0.102388E+00
2005   2  26   6.000  0.186500E+03  0.254471E+03  0.000000E+00  0.000000E+00  0.260724E+03  0.260032E+03  0.716156E+00  0.138463E+00
2005   2  26   7.000  0.204600E+03  0.254925E+03  0.340000E+01  0.173725E+00  0.261229E+03  0.259977E+03  0.397346E+00  0.710557E-01
2005   2  26   8.000  0.199000E+03  0.255303E+03  0.411000E+02  0.209923E+01  0.261075E+03  0.260004E+03  0.317540E+00  0.615468E-01
2005   2  26   9.000  0.211300E+03  0.260384E+03  0.102400E+03  0.522801E+01  0.261996E+03  0.261143E+03  0.317825E+00  0.575829E-01
2005   2  26  10.000  0.196900E+03  0.273504E+03  0.327400E+03  0.167080E+02  0.263556E+03  0.264304E+03  0.955457E+00  0.176572E+00
2005   2  26  11.000  0.204500E+03  0.286009E+03  0.571900E+03  0.291681E+02  0.266817E+03  0.266711E+03  0.681912E+00  0.155862E+00
2005   2  26  12.000  0.209500E+03  0.290690E+03  0.602000E+03  0.306576E+02  0.267429E+03  0.267636E+03  0.117097E+01  0.246565E+00
2005   2  26  13.000  0.225300E+03  0.293503E+03  0.560300E+03  0.284760E+02  0.268145E+03  0.268141E+03  0.115140E+01  0.246731E+00
2005   2  26  14.000  0.249100E+03  0.291654E+03  0.319000E+03  0.161785E+02  0.267305E+03  0.267670E+03  0.113577E+01  0.230417E+00
2005   2  26  15.000  0.261100E+03  0.289184E+03  0.233900E+03  0.118440E+02  0.266796E+03  0.267141E+03  0.162712E+01  0.315735E+00
2005   2  26  16.000  0.276200E+03  0.286447E+03  0.927000E+02  0.468786E+01  0.266242E+03  0.266475E+03  0.987222E+00  0.199466E+00
2005   2  26  17.000  0.275400E+03  0.283297E+03  0.226000E+02  0.114185E+01  0.265590E+03  0.265852E+03  0.474153E+00  0.139604E+00
2005   2  26  18.000  0.275600E+03  0.281370E+03  0.000000E+00  0.000000E+00  0.265188E+03  0.265478E+03  0.473399E+00  0.120355E+00
2005   2  26  19.000  0.275000E+03  0.280277E+03  0.000000E+00  0.000000E+00  0.265038E+03  0.265239E+03  0.362397E+00  0.760421E-01
2005   2  26  20.000  0.274500E+03  0.279917E+03  0.000000E+00  0.000000E+00  0.265010E+03  0.265217E+03  0.433197E+00  0.882983E-01
2005   2  26  21.000  0.283800E+03  0.279907E+03  0.000000E+00  0.000000E+00  0.265185E+03  0.265052E+03  0.329851E+00  0.763592E-01
2005   2  26  22.000  0.292100E+03  0.281129E+03  0.000000E+00  0.000000E+00  0.265589E+03  0.265364E+03  0.656851E-01  0.134276E-01
2005   2  26  23.000  0.293900E+03  0.281851E+03  0.000000E+00  0.000000E+00  0.265625E+03  0.265481E+03  0.658106E-01  0.134370E-01
2005   2  27   0.000  0.295000E+03  0.282259E+03  0.000000E+00  0.000000E+00  0.265564E+03  0.265531E+03  0.659309E-01  0.134470E-01
2005   2  27   1.000  0.295500E+03  0.282486E+03  0.000000E+00  0.000000E+00  0.265545E+03  0.265563E+03  0.659981E-01  0.134520E-01
2005   2  27   2.000  0.294200E+03  0.282417E+03  0.000000E+00  0.000000E+00  0.265447E+03  0.265549E+03  0.659998E-01  0.134552E-01
2005   2  27   3.000  0.291400E+03  0.282035E+03  0.000000E+00  0.000000E+00  0.265278E+03  0.265485E+03  0.659437E-01  0.134563E-01
2005   2  27   4.000  0.288700E+03  0.278291E+03  0.000000E+00  0.000000E+00  0.264848E+03  0.264449E+03  0.389452E+00  0.933141E-01
2005   2  27   5.000  0.280900E+03  0.276245E+03  0.000000E+00  0.000000E+00  0.264297E+03  0.264154E+03  0.550412E+00  0.121427E+00
2005   2  27   6.000  0.279900E+03  0.274915E+03  0.000000E+00  0.000000E+00  0.264154E+03  0.263830E+03  0.389405E+00  0.917952E-01
2005   2  27   7.000  0.279000E+03  0.274363E+03  0.680000E+01  0.342039E+00  0.264027E+03  0.263732E+03  0.463605E+00  0.107008E+00
2005   2  27   8.000  0.290100E+03  0.277763E+03  0.508000E+02  0.255616E+01  0.265389E+03  0.264412E+03  0.324736E+00  0.777846E-01
2005   2  27   9.000  0.299800E+03  0.283536E+03  0.137400E+03  0.690989E+01  0.266776E+03  0.265635E+03  0.797935E+00  0.180523E+00
2005   2  27  10.000  0.309500E+03  0.288609E+03  0.244300E+03  0.122768E+02  0.268071E+03  0.266526E+03  0.853096E+00  0.199930E+00
2005   2  27  11.000  0.313800E+03  0.288631E+03  0.188500E+03  0.946410E+01  0.267822E+03  0.266445E+03  0.857948E+00  0.200705E+00
2005   2  27  12.000  0.313900E+03  0.289971E+03  0.225500E+03  0.113343E+02  0.267978E+03  0.266791E+03  0.109345E+01  0.244952E+00
2005   2  27  13.000  0.283400E+03  0.289534E+03  0.301300E+03  0.151796E+02  0.267312E+03  0.266950E+03  0.136954E+01  0.287849E+00
2005   2  27  14.000  0.278100E+03  0.284862E+03  0.209300E+03  0.105358E+02  0.265685E+03  0.265948E+03  0.199934E+01  0.387027E+00
2005   2  27  15.000  0.275600E+03  0.280509E+03  0.158600E+03  0.801478E+01  0.264800E+03  0.265013E+03  0.199695E+01  0.385563E+00
2005   2  27  16.000  0.273700E+03  0.276713E+03  0.692000E+02  0.351582E+01  0.263957E+03  0.264258E+03  0.218952E+01  0.408614E+00
2005   2  27  17.000  0.269900E+03  0.272190E+03  0.266000E+02  0.136328E+01  0.262926E+03  0.263229E+03  0.202631E+01  0.379166E+00
2005   2  27  18.000  0.281200E+03  0.269559E+03  0.000000E+00  0.000000E+00  0.262369E+03  0.262510E+03  0.185601E+01  0.349787E+00
2005   2  27  19.000  0.280800E+03  0.267767E+03  0.000000E+00  0.000000E+00  0.262099E+03  0.262088E+03  0.134636E+01  0.265045E+00
2005   2  27  20.000  0.278000E+03  0.266002E+03  0.000000E+00  0.000000E+00  0.261585E+03  0.261676E+03  0.160779E+01  0.306520E+00
2005   2  27  21.000  0.278200E+03  0.265400E+03  0.000000E+00  0.000000E+00  0.261650E+03  0.261542E+03  0.117863E+01  0.235579E+00
2005   2  27  22.000  0.278400E+03  0.265220E+03  0.000000E+00  0.000000E+00  0.261490E+03  0.261503E+03  0.160686E+01  0.303880E+00
2005   2  27  23.000  0.274900E+03  0.263547E+03  0.000000E+00  0.000000E+00  0.261063E+03  0.261064E+03  0.127039E+01  0.250579E+00
2005   2  28   0.000  0.273700E+03  0.262275E+03  0.000000E+00  0.000000E+00  0.260800E+03  0.260758E+03  0.118462E+01  0.236305E+00
2005   2  28   1.000  0.273200E+03  0.260593E+03  0.000000E+00  0.000000E+00  0.260875E+03  0.260228E+03  0.454355E+00  0.107565E+00
2005   2  28   2.000  0.271600E+03  0.259526E+03  0.000000E+00  0.000000E+00  0.260424E+03  0.260044E+03  0.680389E+00  0.151255E+00
2005   2  28   3.000  0.272100E+03  0.259033E+03  0.000000E+00  0.000000E+00  0.260309E+03  0.259936E+03  0.758850E+00  0.165376E+00
2005   2  28   4.000  0.269400E+03  0.256792E+03  0.000000E+00  0.000000E+00  0.259924E+03  0.259258E+03  0.454366E+00  0.109428E+00
2005   2  28   5.000  0.257600E+03  0.255659E+03  0.000000E+00  0.000000E+00  0.259146E+03  0.259376E+03  0.130346E+00  0.268442E-01
2005   2  28   6.000  0.252000E+03  0.254930E+03  0.000000E+00  0.000000E+00  0.258748E+03  0.259266E+03  0.656623E-01  0.134474E-01
2005   2  28   7.000  0.250600E+03  0.252993E+03  0.400000E+01  0.207554E+00  0.258127E+03  0.258696E+03  0.194991E+00  0.402567E-01
2005   2  28   8.000  0.252200E+03  0.252701E+03  0.224000E+02  0.116153E+01  0.258344E+03  0.258618E+03  0.195093E+00  0.402556E-01
2005   2  28   9.000  0.259800E+03  0.253791E+03  0.439000E+02  0.227491E+01  0.259368E+03  0.258567E+03  0.324738E+00  0.775420E-01
2005   2  28  10.000  0.284900E+03  0.260302E+03  0.240300E+03  0.124440E+02  0.262202E+03  0.259703E+03  0.649244E+00  0.155941E+00
2005   2  28  11.000  0.307300E+03  0.266804E+03  0.351600E+03  0.181896E+02  0.263062E+03  0.261030E+03  0.128493E+01  0.289131E+00
2005   2  28  12.000  0.309100E+03  0.269187E+03  0.321400E+03  0.166048E+02  0.262505E+03  0.261634E+03  0.180263E+01  0.375398E+00
2005   2  28  13.000  0.306200E+03  0.272237E+03  0.342700E+03  0.176800E+02  0.263703E+03  0.262418E+03  0.162516E+01  0.346495E+00
2005   2  28  14.000  0.299000E+03  0.270112E+03  0.224000E+03  0.115393E+02  0.262288E+03  0.262041E+03  0.193066E+01  0.387484E+00
2005   2  28  15.000  0.293200E+03  0.269188E+03  0.151400E+03  0.778917E+01  0.262529E+03  0.262001E+03  0.159917E+01  0.328925E+00
2005   2  28  16.000  0.293000E+03  0.269175E+03  0.971000E+02  0.499028E+01  0.262803E+03  0.262079E+03  0.119800E+01  0.256469E+00
2005   2  28  17.000  0.284500E+03  0.266526E+03  0.427000E+02  0.219254E+01  0.261960E+03  0.261537E+03  0.106212E+01  0.227355E+00
2005   2  28  18.000  0.272700E+03  0.264131E+03  0.600000E+00  0.307837E-01  0.261352E+03  0.261186E+03  0.259933E+00  0.549138E-01
2005   2  28  19.000  0.258400E+03  0.259227E+03  0.000000E+00  0.000000E+00  0.260066E+03  0.259969E+03  0.544102E+00  0.124237E+00
2005   2  28  20.000  0.253100E+03  0.257092E+03  0.000000E+00  0.000000E+00  0.259559E+03  0.259625E+03  0.722776E+00  0.150387E+00
2005   2  28  21.000  0.251000E+03  0.256719E+03  0.000000E+00  0.000000E+00  0.259593E+03  0.259647E+03  0.573754E+00  0.118727E+00
2005   2  28  22.000  0.250400E+03  0.255542E+03  0.000000E+00  0.000000E+00  0.259137E+03  0.259300E+03  0.906280E+00  0.177562E+00
2005   2  28  23.000  0.249900E+03  0.255703E+03  0.000000E+00  0.000000E+00  0.259485E+03  0.259753E+03  0.677331E+00  0.109297E+00
2005   3   1   0.000  0.249200E+03  0.255440E+03  0.000000E+00  0.000000E+00  0.259216E+03  0.259327E+03  0.508126E+00  0.103578E+00
2005   3   1   1.000  0.249200E+03  0.255719E+03  0.000000E+00  0.000000E+00  0.259334E+03  0.259461E+03  0.101822E+01  0.172779E+00
2005   3   1   2.000  0.250500E+03  0.255963E+03  0.000000E+00  0.000000E+00  0.259346E+03  0.259481E+03  0.101939E+01  0.179782E+00
2005   3   1   3.000  0.250800E+03  0.256237E+03  0.000000E+00  0.000000E+00  0.259530E+03  0.259622E+03  0.864064E+00  0.126815E+00
2005   3   1   4.000  0.251000E+03  0.255703E+03  0.000000E+00  0.000000E+00  0.259204E+03  0.259325E+03  0.591255E+00  0.119301E+00
2005   3   1   5.000  0.251700E+03  0.255907E+03  0.000000E+00  0.000000E+00  0.259461E+03  0.259667E+03  0.685613E+00  0.944719E-01
2005   3   1   6.000  0.253100E+03  0.256176E+03  0.000000E+00  0.000000E+00  0.259422E+03  0.259498E+03  0.586934E+00  0.112986E+00
2005   3   1   7.000  0.255800E+03  0.257328E+03  0.420000E+01  0.213947E+00  0.260170E+03  0.259965E+03  0.763493E+00  0.141194E+00
2005   3   1   8.000  0.261100E+03  0.260573E+03  0.203000E+02  0.103357E+01  0.261769E+03  0.260569E+03  0.520667E+00  0.107702E+00
2005   3   1   9.000  0.269200E+03  0.264353E+03  0.325000E+02  0.165399E+01  0.262631E+03  0.261399E+03  0.324518E+00  0.769267E-01
2005   3   1  10.000  0.295200E+03  0.285250E+03  0.442900E+03  0.225293E+02  0.266647E+03  0.265577E+03  0.325198E+00  0.670889E-01
2005   3   1  11.000  0.262400E+03  0.291151E+03  0.691400E+03  0.351333E+02  0.268109E+03  0.266896E+03  0.778806E+00  0.187105E+00
2005   3   1  12.000  0.205600E+03  0.291272E+03  0.667300E+03  0.338281E+02  0.268527E+03  0.267469E+03  0.649076E+00  0.154537E+00
2005   3   1  13.000  0.199500E+03  0.294097E+03  0.656500E+03  0.332035E+02  0.268929E+03  0.268367E+03  0.881316E+00  0.202992E+00
2005   3   1  14.000  0.201100E+03  0.294515E+03  0.579600E+03  0.292472E+02  0.268632E+03  0.268507E+03  0.908286E+00  0.202962E+00
2005   3   1  15.000  0.199500E+03  0.292492E+03  0.452200E+03  0.227694E+02  0.267751E+03  0.268195E+03  0.903890E+00  0.187618E+00
2005   3   1  16.000  0.199300E+03  0.285557E+03  0.247000E+03  0.124150E+02  0.265778E+03  0.266772E+03  0.875839E+00  0.171609E+00
2005   3   1  17.000  0.197400E+03  0.281675E+03  0.775000E+02  0.389058E+01  0.264093E+03  0.266239E+03  0.157912E+00  0.268427E-01
2005   3   1  18.000  0.189000E+03  0.274140E+03  0.000000E+00  0.000000E+00  0.263075E+03  0.264781E+03  0.795923E+00  0.104055E+00
2005   3   1  19.000  0.191700E+03  0.270852E+03  0.000000E+00  0.000000E+00  0.262829E+03  0.263989E+03  0.103491E+01  0.160802E+00
2005   3   1  20.000  0.196200E+03  0.268904E+03  0.000000E+00  0.000000E+00  0.263061E+03  0.263445E+03  0.955242E+00  0.182401E+00
2005   3   1  21.000  0.191000E+03  0.265758E+03  0.000000E+00  0.000000E+00  0.262699E+03  0.262919E+03  0.127383E+01  0.184990E+00
2005   3   1  22.000  0.190000E+03  0.262708E+03  0.000000E+00  0.000000E+00  0.262643E+03  0.262140E+03  0.875531E+00  0.112747E+00
2005   3   1  23.000  0.184700E+03  0.261876E+03  0.000000E+00  0.000000E+00  0.262538E+03  0.261981E+03  0.111449E+01  0.150696E+00
2005   3   2   0.000  0.184600E+03  0.260105E+03  0.000000E+00  0.000000E+00  0.262450E+03  0.261537E+03  0.103482E+01  0.133409E+00
2005   3   2   1.000  0.183200E+03  0.259598E+03  0.000000E+00  0.000000E+00  0.262485E+03  0.261359E+03  0.716091E+00  0.138451E+00
2005   3   2   2.000  0.182900E+03  0.259395E+03  0.000000E+00  0.000000E+00  0.262462E+03  0.261349E+03  0.119412E+01  0.155425E+00
2005   3   2   3.000  0.181500E+03  0.259125E+03  0.000000E+00  0.000000E+00  0.262138E+03  0.261206E+03  0.795769E+00  0.153852E+00
2005   3   2   4.000  0.180300E+03  0.257230E+03  0.000000E+00  0.000000E+00  0.262006E+03  0.260808E+03  0.103479E+01  0.133258E+00
2005   3   2   5.000  0.178900E+03  0.256171E+03  0.000000E+00  0.000000E+00  0.261977E+03  0.260567E+03  0.111444E+01  0.143603E+00
2005   3   2   6.000  0.177800E+03  0.254085E+03  0.000000E+00  0.000000E+00  0.261855E+03  0.260073E+03  0.955103E+00  0.122872E+00
2005   3   2   7.000  0.177500E+03  0.253992E+03  0.520000E+01  0.260099E+00  0.261528E+03  0.259979E+03  0.636329E+00  0.123051E+00
2005   3   2   8.000  0.178700E+03  0.257512E+03  0.255000E+02  0.127526E+01  0.262602E+03  0.260817E+03  0.875424E+00  0.169235E+00
2005   3   2   9.000  0.182000E+03  0.255809E+03  0.466000E+02  0.233040E+01  0.263417E+03  0.260294E+03  0.745412E-01  0.153708E-01
2005   3   2  10.000  0.194100E+03  0.282821E+03  0.473900E+03  0.236898E+02  0.267103E+03  0.266502E+03  0.636878E+00  0.123094E+00
2005   3   2  11.000  0.202700E+03  0.297905E+03  0.624300E+03  0.311968E+02  0.269302E+03  0.269471E+03  0.798108E+00  0.171735E+00
2005   3   2  12.000  0.206700E+03  0.306154E+03  0.671500E+03  0.335008E+02  0.270895E+03  0.271093E+03  0.777452E+00  0.171442E+00
2005   3   2  13.000  0.209000E+03  0.309357E+03  0.658200E+03  0.327624E+02  0.271495E+03  0.271770E+03  0.946572E+00  0.202670E+00
2005   3   2  14.000  0.208500E+03  0.307649E+03  0.583000E+03  0.289453E+02  0.270896E+03  0.271476E+03  0.124563E+01  0.246893E+00
2005   3   2  15.000  0.208300E+03  0.305447E+03  0.448000E+03  0.221878E+02  0.270180E+03  0.271152E+03  0.882787E+00  0.216369E+00
2005   3   2  16.000  0.206800E+03  0.304411E+03  0.279800E+03  0.138311E+02  0.269810E+03  0.271192E+03  0.716448E+00  0.140644E+00
2005   3   2  17.000  0.203000E+03  0.296472E+03  0.773000E+02  0.381683E+01  0.267455E+03  0.269626E+03  0.556878E+00  0.108091E+00
2005   3   2  18.000  0.198000E+03  0.288794E+03  0.000000E+00  0.000000E+00  0.266325E+03  0.268088E+03  0.556740E+00  0.101612E+00
2005   3   2  19.000  0.194400E+03  0.283165E+03  0.000000E+00  0.000000E+00  0.265592E+03  0.266896E+03  0.716139E+00  0.128255E+00
2005   3   2  20.000  0.193200E+03  0.280779E+03  0.000000E+00  0.000000E+00  0.265767E+03  0.266375E+03  0.103482E+01  0.199754E+00
2005   3   2  21.000  0.192700E+03  0.277790E+03  0.000000E+00  0.000000E+00  0.265508E+03  0.265748E+03  0.103481E+01  0.138507E+00
2005   3   2  22.000  0.192800E+03  0.273132E+03  0.000000E+00  0.000000E+00  0.265138E+03  0.264703E+03  0.716087E+00  0.921661E-01
2005   3   2  23.000  0.199600E+03  0.272096E+03  0.000000E+00  0.000000E+00  0.265301E+03  0.264387E+03  0.103482E+01  0.133397E+00
2005   3   3   0.000  0.208100E+03  0.273241E+03  0.000000E+00  0.000000E+00  0.265130E+03  0.264549E+03  0.127382E+01  0.226231E+00
2005   3   3   1.000  0.213300E+03  0.273873E+03  0.000000E+00  0.000000E+00  0.265787E+03  0.264606E+03  0.111451E+01  0.143897E+00
2005   3   3   2.000  0.211300E+03  0.275545E+03  0.000000E+00  0.000000E+00  0.266344E+03  0.265003E+03  0.159239E+01  0.230760E+00
2005   3   3   3.000  0.216100E+03  0.278883E+03  0.000000E+00  0.000000E+00  0.266262E+03  0.265665E+03  0.127382E+01  0.246185E+00
2005   3   3   4.000  0.208200E+03  0.280966E+03  0.000000E+00  0.000000E+00  0.266435E+03  0.266186E+03  0.127379E+01  0.218443E+00
2005   3   3   5.000  0.219600E+03  0.282624E+03  0.000000E+00  0.000000E+00  0.267153E+03  0.266489E+03  0.111451E+01  0.155683E+00
2005   3   3   6.000  0.208000E+03  0.279058E+03  0.000000E+00  0.000000E+00  0.266704E+03  0.265718E+03  0.875481E+00  0.112662E+00
2005   3   3   7.000  0.198200E+03  0.278441E+03  0.750000E+01  0.369704E+00  0.266511E+03  0.265692E+03  0.151272E+01  0.221478E+00
2005   3   3   8.000  0.196500E+03  0.279893E+03  0.356000E+02  0.175486E+01  0.266972E+03  0.266008E+03  0.135342E+01  0.237036E+00
2005   3   3   9.000  0.205000E+03  0.284748E+03  0.105400E+03  0.519558E+01  0.267491E+03  0.267032E+03  0.636492E+00  0.123079E+00
2005   3   3  10.000  0.229300E+03  0.300934E+03  0.291100E+03  0.143475E+02  0.269962E+03  0.270273E+03  0.238210E+00  0.461512E-01
2005   3   3  11.000  0.243600E+03  0.311392E+03  0.393600E+03  0.193920E+02  0.271846E+03  0.272394E+03  0.716616E+00  0.140457E+00
2005   3   3  12.000  0.248900E+03  0.312400E+03  0.363000E+03  0.178627E+02  0.271764E+03  0.272529E+03  0.108242E+01  0.315614E+00
2005   3   3  13.000  0.249100E+03  0.313748E+03  0.391600E+03  0.192383E+02  0.272368E+03  0.272813E+03  0.168758E+01  0.330218E+00
2005   3   3  14.000  0.244200E+03  0.317379E+03  0.515800E+03  0.252561E+02  0.272940E+03  0.273520E+03  0.150947E+01  0.303532E+00
2005   3   3  15.000  0.228100E+03  0.318060E+03  0.479300E+03  0.232344E+02  0.273291E+03  0.273904E+03  0.104361E+01  0.316360E+00
2005   3   3  16.000  0.236800E+03  0.310829E+03  0.199300E+03  0.953878E+01  0.271452E+03  0.272545E+03  0.955444E+00  0.184248E+00
2005   3   3  17.000  0.226600E+03  0.305895E+03  0.754000E+02  0.360550E+01  0.269898E+03  0.271689E+03  0.317801E+00  0.617152E-01
2005   3   3  18.000  0.217000E+03  0.297903E+03  0.000000E+00  0.000000E+00  0.268259E+03  0.270367E+03  0.397378E+00  0.582932E-01
2005   3   3  19.000  0.239400E+03  0.294660E+03  0.000000E+00  0.000000E+00  0.268398E+03  0.269506E+03  0.636675E+00  0.819110E-01
2005   3   3  20.000  0.246300E+03  0.293222E+03  0.000000E+00  0.000000E+00  0.268503E+03  0.269074E+03  0.716365E+00  0.990518E-01
2005   3   3  21.000  0.242500E+03  0.291649E+03  0.000000E+00  0.000000E+00  0.268058E+03  0.268586E+03  0.796017E+00  0.153865E+00
2005   3   3  22.000  0.234100E+03  0.289243E+03  0.000000E+00  0.000000E+00  0.267964E+03  0.268319E+03  0.955293E+00  0.168237E+00
2005   3   3  23.000  0.221900E+03  0.284823E+03  0.000000E+00  0.000000E+00  0.267214E+03  0.267350E+03  0.636564E+00  0.819099E-01
2005   3   4   0.000  0.227100E+03  0.282864E+03  0.000000E+00  0.000000E+00  0.266910E+03  0.266800E+03  0.795953E+00  0.102595E+00
2005   3   4   1.000  0.211700E+03  0.279602E+03  0.000000E+00  0.000000E+00  0.266287E+03  0.266164E+03  0.875560E+00  0.112924E+00
2005   3   4   2.000  0.208600E+03  0.278315E+03  0.000000E+00  0.000000E+00  0.266134E+03  0.265968E+03  0.127383E+01  0.220060E+00
2005   3   4   3.000  0.204100E+03  0.278579E+03  0.000000E+00  0.000000E+00  0.265682E+03  0.265872E+03  0.111451E+01  0.195613E+00
2005   3   4   4.000  0.221100E+03  0.276297E+03  0.000000E+00  0.000000E+00  0.265698E+03  0.265239E+03  0.636558E+00  0.819236E-01
2005   3   4   5.000  0.259800E+03  0.278940E+03  0.000000E+00  0.000000E+00  0.266583E+03  0.265366E+03  0.317921E+00  0.583739E-01
2005   3   4   6.000  0.251500E+03  0.278266E+03  0.000000E+00  0.000000E+00  0.265932E+03  0.265317E+03  0.716409E+00  0.922048E-01
2005   3   4   7.000  0.208300E+03  0.272920E+03  0.107000E+02  0.510685E+00  0.264551E+03  0.264498E+03  0.556845E+00  0.716921E-01
2005   3   4   8.000  0.208200E+03  0.274580E+03  0.575000E+02  0.274378E+01  0.265327E+03  0.264787E+03  0.477148E+00  0.922867E-01
2005   3   4   9.000  0.209500E+03  0.278730E+03  0.991000E+02  0.472837E+01  0.266594E+03  0.265679E+03  0.317569E+00  0.598277E-01
2005   3   4  10.000  0.216300E+03  0.295802E+03  0.429200E+03  0.204761E+02  0.268707E+03  0.269238E+03  0.742606E+00  0.213244E+00
2005   3   4  11.000  0.222700E+03  0.300568E+03  0.322500E+03  0.153730E+02  0.269043E+03  0.270057E+03  0.557263E+00  0.108149E+00
2005   3   4  12.000  0.240000E+03  0.304634E+03  0.303200E+03  0.144385E+02  0.270206E+03  0.270865E+03  0.796244E+00  0.156184E+00
2005   3   4  13.000  0.238200E+03  0.310505E+03  0.435300E+03  0.207069E+02  0.271844E+03  0.272127E+03  0.121046E+01  0.245438E+00
2005   3   4  14.000  0.252600E+03  0.309538E+03  0.308600E+03  0.146567E+02  0.271291E+03  0.271797E+03  0.976114E+00  0.245192E+00
2005   3   4  15.000  0.230100E+03  0.306452E+03  0.206500E+03  0.979344E+01  0.270360E+03  0.271505E+03  0.955430E+00  0.184972E+00
2005   3   4  16.000  0.220900E+03  0.305830E+03  0.253700E+03  0.120212E+02  0.270388E+03  0.271464E+03  0.119436E+01  0.228044E+00
2005   3   4  17.000  0.227200E+03  0.299618E+03  0.803000E+02  0.380123E+01  0.268397E+03  0.270090E+03  0.397641E+00  0.762703E-01
2005   3   4  18.000  0.222200E+03  0.292579E+03  0.700000E+00  0.331184E-01  0.267079E+03  0.268800E+03  0.764574E-01  0.153863E-01
2005   3   4  19.000  0.227900E+03  0.287987E+03  0.000000E+00  0.000000E+00  0.266699E+03  0.267881E+03  0.636650E+00  0.111653E+00
2005   3   4  20.000  0.260800E+03  0.288227E+03  0.000000E+00  0.000000E+00  0.267320E+03  0.267664E+03  0.796118E+00  0.129725E+00
2005   3   4  21.000  0.273100E+03  0.289202E+03  0.000000E+00  0.000000E+00  0.267820E+03  0.267656E+03  0.716509E+00  0.972792E-01
2005   3   4  22.000  0.248600E+03  0.285607E+03  0.000000E+00  0.000000E+00  0.266831E+03  0.267079E+03  0.477392E+00  0.614375E-01
2005   3   4  23.000  0.233900E+03  0.281700E+03  0.000000E+00  0.000000E+00  0.265830E+03  0.266268E+03  0.237944E+00  0.426545E-01
2005   3   5   0.000  0.271600E+03  0.282851E+03  0.000000E+00  0.000000E+00  0.266061E+03  0.266140E+03  0.785148E-01  0.153853E-01
2005   3   5   1.000  0.247100E+03  0.279469E+03  0.000000E+00  0.000000E+00  0.265579E+03  0.265600E+03  0.775910E-01  0.153837E-01
2005   3   5   2.000  0.257300E+03  0.278607E+03  0.000000E+00  0.000000E+00  0.265306E+03  0.265288E+03  0.780975E-01  0.153843E-01
2005   3   5   3.000  0.269200E+03  0.278913E+03  0.000000E+00  0.000000E+00  0.265507E+03  0.265230E+03  0.785905E-01  0.153845E-01
2005   3   5   4.000  0.291900E+03  0.281559E+03  0.000000E+00  0.000000E+00  0.265915E+03  0.265643E+03  0.142011E+00  0.275171E-01
2005   3   5   5.000  0.301700E+03  0.283993E+03  0.000000E+00  0.000000E+00  0.266332E+03  0.265988E+03  0.655287E-01  0.144182E-01
2005   3   5   6.000  0.301000E+03  0.285748E+03  0.000000E+00  0.000000E+00  0.266848E+03  0.266438E+03  0.654393E-01  0.153814E-01
2005   3   5   7.000  0.300200E+03  0.286770E+03  0.380000E+01  0.180784E+00  0.266592E+03  0.266592E+03  0.656860E-01  0.134382E-01
2005   3   5   8.000  0.310300E+03  0.291119E+03  0.467000E+02  0.222130E+01  0.267513E+03  0.267372E+03  0.663378E-01  0.134660E-01
2005   3   5   9.000  0.311600E+03  0.297471E+03  0.956000E+02  0.455143E+01  0.268669E+03  0.268669E+03  0.665613E-01  0.134863E-01
2005   3   5  10.000  0.312500E+03  0.303016E+03  0.109100E+03  0.520521E+01  0.268990E+03  0.269764E+03  0.665119E-01  0.135097E-01
2005   3   5  11.000  0.307300E+03  0.297989E+03  0.122100E+03  0.584736E+01  0.269163E+03  0.268597E+03  0.454469E+00  0.987541E-01
2005   3   5  12.000  0.309600E+03  0.294676E+03  0.106000E+03  0.507675E+01  0.267988E+03  0.268100E+03  0.183632E+01  0.355398E+00
2005   3   5  13.000  0.309800E+03  0.293627E+03  0.163500E+03  0.783410E+01  0.267789E+03  0.267863E+03  0.263819E+01  0.495799E+00
2005   3   5  14.000  0.304500E+03  0.293422E+03  0.126000E+03  0.605032E+01  0.268315E+03  0.267872E+03  0.113871E+01  0.242489E+00
2005   3   5  15.000  0.293000E+03  0.293023E+03  0.116900E+03  0.561440E+01  0.268190E+03  0.267907E+03  0.918315E+00  0.198972E+00
2005   3   5  16.000  0.285800E+03  0.292591E+03  0.988000E+02  0.474155E+01  0.267805E+03  0.267961E+03  0.154345E+01  0.296475E+00
2005   3   5  17.000  0.293500E+03  0.291004E+03  0.230000E+02  0.110344E+01  0.267573E+03  0.267568E+03  0.881802E+00  0.180309E+00
2005   3   5  18.000  0.301900E+03  0.290102E+03  0.100000E+00  0.481055E-02  0.267422E+03  0.267333E+03  0.103539E+01  0.207268E+00
2005   3   5  19.000  0.302500E+03  0.289853E+03  0.000000E+00  0.000000E+00  0.267392E+03  0.267298E+03  0.112058E+01  0.219796E+00
2005   3   5  20.000  0.301700E+03  0.289640E+03  0.000000E+00  0.000000E+00  0.267235E+03  0.267259E+03  0.203169E+01  0.371252E+00
2005   3   5  21.000  0.300000E+03  0.289215E+03  0.000000E+00  0.000000E+00  0.267152E+03  0.267174E+03  0.172021E+01  0.316093E+00
2005   3   5  22.000  0.300300E+03  0.288295E+03  0.000000E+00  0.000000E+00  0.267014E+03  0.266927E+03  0.103646E+01  0.206827E+00
2005   3   5  23.000  0.300800E+03  0.288168E+03  0.000000E+00  0.000000E+00  0.267413E+03  0.266867E+03  0.324597E+00  0.775946E-01
2005   3   6   0.000  0.299900E+03  0.287851E+03  0.000000E+00  0.000000E+00  0.267323E+03  0.266783E+03  0.259773E+00  0.620138E-01
2005   3   6   1.000  0.301800E+03  0.287188E+03  0.000000E+00  0.000000E+00  0.266945E+03  0.266630E+03  0.694161E+00  0.150561E+00
2005   3   6   2.000  0.302700E+03  0.287079E+03  0.000000E+00  0.000000E+00  0.266994E+03  0.266614E+03  0.690383E+00  0.150409E+00
2005   3   6   3.000  0.303100E+03  0.286458E+03  0.000000E+00  0.000000E+00  0.266917E+03  0.266434E+03  0.604921E+00  0.136299E+00
2005   3   6   4.000  0.306400E+03  0.287677E+03  0.000000E+00  0.000000E+00  0.267208E+03  0.266759E+03  0.661946E-01  0.134437E-01
2005   3   6   5.000  0.303400E+03  0.287247E+03  0.000000E+00  0.000000E+00  0.267273E+03  0.266593E+03  0.324644E+00  0.779552E-01
2005   3   6   6.000  0.300900E+03  0.287129E+03  0.000000E+00  0.000000E+00  0.266962E+03  0.266663E+03  0.130463E+00  0.268422E-01
2005   3   6   7.000  0.303700E+03  0.287764E+03  0.810000E+01  0.394867E+00  0.267157E+03  0.266762E+03  0.130579E+00  0.268444E-01
2005   3   6   8.000  0.312200E+03  0.291907E+03  0.456000E+02  0.222195E+01  0.268128E+03  0.267564E+03  0.665992E-01  0.134651E-01
2005   3   6   9.000  0.316900E+03  0.290987E+03  0.909000E+02  0.442778E+01  0.268453E+03  0.267074E+03  0.519361E+00  0.124435E+00
2005   3   6  10.000  0.312600E+03  0.289362E+03  0.835000E+02  0.407699E+01  0.267047E+03  0.266868E+03  0.139941E+01  0.284039E+00
2005   3   6  11.000  0.313100E+03  0.290239E+03  0.144600E+03  0.721035E+01  0.268096E+03  0.267006E+03  0.102376E+01  0.229182E+00
2005   3   6  12.000  0.316900E+03  0.290032E+03  0.168200E+03  0.842740E+01  0.267347E+03  0.266893E+03  0.152647E+01  0.314759E+00
2005   3   6  13.000  0.313600E+03  0.288629E+03  0.190400E+03  0.955081E+01  0.266962E+03  0.266558E+03  0.168530E+01  0.343614E+00
2005   3   6  14.000  0.309900E+03  0.287044E+03  0.171300E+03  0.862315E+01  0.266670E+03  0.266235E+03  0.152469E+01  0.314877E+00
2005   3   6  15.000  0.305100E+03  0.284615E+03  0.118900E+03  0.599197E+01  0.265910E+03  0.265775E+03  0.163450E+01  0.327538E+00
2005   3   6  16.000  0.299000E+03  0.282739E+03  0.782000E+02  0.395670E+01  0.265456E+03  0.265480E+03  0.182591E+01  0.353368E+00
2005   3   6  17.000  0.292200E+03  0.279750E+03  0.185000E+02  0.940259E+00  0.264779E+03  0.264894E+03  0.160946E+01  0.308624E+00
2005   3   6  18.000  0.290400E+03  0.278525E+03  0.100000E+00  0.512385E-02  0.264608E+03  0.264690E+03  0.178763E+01  0.332607E+00
2005   3   6  19.000  0.290300E+03  0.276494E+03  0.000000E+00  0.000000E+00  0.264185E+03  0.264154E+03  0.126799E+01  0.250947E+00
2005   3   6  20.000  0.291000E+03  0.275802E+03  0.000000E+00  0.000000E+00  0.264096E+03  0.264012E+03  0.126637E+01  0.249566E+00
2005   3   6  21.000  0.289100E+03  0.273159E+03  0.000000E+00  0.000000E+00  0.263641E+03  0.263282E+03  0.757335E+00  0.168861E+00
2005   3   6  22.000  0.287300E+03  0.270892E+03  0.000000E+00  0.000000E+00  0.263431E+03  0.262681E+03  0.389546E+00  0.934109E-01
2005   3   6  23.000  0.276700E+03  0.270371E+03  0.000000E+00  0.000000E+00  0.262964E+03  0.262954E+03  0.130349E+00  0.268404E-01
2005   3   7   0.000  0.274000E+03  0.268916E+03  0.000000E+00  0.000000E+00  0.262528E+03  0.262384E+03  0.259780E+00  0.533876E-01
2005   3   7   1.000  0.273700E+03  0.266653E+03  0.000000E+00  0.000000E+00  0.262174E+03  0.261757E+03  0.324620E+00  0.773117E-01
2005   3   7   2.000  0.267200E+03  0.264647E+03  0.000000E+00  0.000000E+00  0.261243E+03  0.261468E+03  0.123052E+01  0.235955E+00
2005   3   7   3.000  0.263600E+03  0.263423E+03  0.000000E+00  0.000000E+00  0.261002E+03  0.261230E+03  0.148850E+01  0.275959E+00
2005   3   7   4.000  0.266400E+03  0.262552E+03  0.000000E+00  0.000000E+00  0.261142E+03  0.260897E+03  0.462264E+00  0.106446E+00
2005   3   7   5.000  0.269600E+03  0.262725E+03  0.000000E+00  0.000000E+00  0.261137E+03  0.261107E+03  0.130400E+00  0.268408E-01
2005   3   7   6.000  0.268300E+03  0.263683E+03  0.000000E+00  0.000000E+00  0.261257E+03  0.261299E+03  0.122704E+01  0.225189E+00
2005   3   7   7.000  0.275300E+03  0.265885E+03  0.770000E+01  0.399256E+00  0.261829E+03  0.261752E+03  0.170066E+01  0.309116E+00
2005   3   7   8.000  0.285100E+03  0.269026E+03  0.444000E+02  0.230091E+01  0.262678E+03  0.262355E+03  0.140568E+01  0.276930E+00
2005   3   7   9.000  0.298900E+03  0.273032E+03  0.974000E+02  0.504420E+01  0.264639E+03  0.263035E+03  0.649068E+00  0.150494E+00
2005   3   7  10.000  0.313200E+03  0.278658E+03  0.217000E+03  0.112291E+02  0.266327E+03  0.264101E+03  0.843724E+00  0.200411E+00
2005   3   7  11.000  0.257500E+03  0.279904E+03  0.297400E+03  0.153722E+02  0.264978E+03  0.264930E+03  0.108546E+01  0.229195E+00
2005   3   7  12.000  0.208900E+03  0.280725E+03  0.367800E+03  0.189877E+02  0.265095E+03  0.265630E+03  0.134375E+01  0.300862E+00
2005   3   7  13.000  0.205000E+03  0.282449E+03  0.429900E+03  0.221645E+02  0.265514E+03  0.266031E+03  0.194532E+01  0.372836E+00
2005   3   7  14.000  0.214700E+03  0.284681E+03  0.424500E+03  0.218522E+02  0.265983E+03  0.266434E+03  0.163005E+01  0.317213E+00
2005   3   7  15.000  0.213200E+03  0.285809E+03  0.400300E+03  0.205737E+02  0.266182E+03  0.266681E+03  0.116818E+01  0.231095E+00
2005   3   7  16.000  0.237100E+03  0.283888E+03  0.230800E+03  0.118441E+02  0.265620E+03  0.266090E+03  0.990056E+00  0.199837E+00
2005   3   7  17.000  0.219300E+03  0.279943E+03  0.861000E+02  0.441297E+01  0.264327E+03  0.265624E+03  0.127395E+01  0.236695E+00
2005   3   7  18.000  0.198700E+03  0.274098E+03  0.740000E+01  0.379011E+00  0.262897E+03  0.264601E+03  0.127385E+01  0.187241E+00
2005   3   7  19.000  0.197600E+03  0.269552E+03  0.000000E+00  0.000000E+00  0.262425E+03  0.263716E+03  0.119420E+01  0.205226E+00
2005   3   7  20.000  0.260100E+03  0.273275E+03  0.000000E+00  0.000000E+00  0.264238E+03  0.264005E+03  0.109728E+01  0.211764E+00
2005   3   7  21.000  0.268000E+03  0.275803E+03  0.000000E+00  0.000000E+00  0.264703E+03  0.264489E+03  0.131270E+01  0.273944E+00
2005   3   7  22.000  0.277400E+03  0.278451E+03  0.000000E+00  0.000000E+00  0.265004E+03  0.264889E+03  0.104470E+01  0.255349E+00
2005   3   7  23.000  0.288000E+03  0.281086E+03  0.000000E+00  0.000000E+00  0.265499E+03  0.265360E+03  0.213981E+01  0.387488E+00
2005   3   8   0.000  0.292000E+03  0.282774E+03  0.000000E+00  0.000000E+00  0.265801E+03  0.265703E+03  0.200265E+01  0.363237E+00
2005   3   8   1.000  0.294000E+03  0.284151E+03  0.000000E+00  0.000000E+00  0.266101E+03  0.266007E+03  0.165316E+01  0.293270E+00
2005   3   8   2.000  0.295000E+03  0.285641E+03  0.000000E+00  0.000000E+00  0.266517E+03  0.266357E+03  0.132038E+01  0.231632E+00
2005   3   8   3.000  0.297300E+03  0.286838E+03  0.000000E+00  0.000000E+00  0.266723E+03  0.266608E+03  0.148265E+01  0.266578E+00
2005   3   8   4.000  0.301100E+03  0.288496E+03  0.000000E+00  0.000000E+00  0.267201E+03  0.266969E+03  0.121810E+01  0.220279E+00
2005   3   8   5.000  0.302400E+03  0.290511E+03  0.000000E+00  0.000000E+00  0.267615E+03  0.267442E+03  0.208491E+01  0.375852E+00
2005   3   8   6.000  0.300600E+03  0.291480E+03  0.000000E+00  0.000000E+00  0.267794E+03  0.267671E+03  0.171627E+01  0.307995E+00
2005   3   8   7.000  0.306000E+03  0.292262E+03  0.330000E+01  0.170357E+00  0.268306E+03  0.267773E+03  0.459300E+00  0.107057E+00
2005   3   8   8.000  0.310300E+03  0.294116E+03  0.389000E+02  0.201244E+01  0.268527E+03  0.268146E+03  0.101168E+01  0.206474E+00
2005   3   8   9.000  0.314200E+03  0.295513E+03  0.546000E+02  0.282697E+01  0.268648E+03  0.268408E+03  0.142218E+01  0.279365E+00
2005   3   8  10.000  0.303200E+03  0.298785E+03  0.139700E+03  0.727254E+01  0.269426E+03  0.269250E+03  0.158726E+01  0.307930E+00
2005   3   8  11.000  0.295200E+03  0.299633E+03  0.126100E+03  0.656405E+01  0.269679E+03  0.269451E+03  0.778675E+00  0.167418E+00
2005   3   8  12.000  0.302900E+03  0.303088E+03  0.255800E+03  0.133036E+02  0.270392E+03  0.270054E+03  0.106890E+01  0.228292E+00
2005   3   8  13.000  0.291700E+03  0.304284E+03  0.336400E+03  0.174857E+02  0.270412E+03  0.270362E+03  0.148446E+01  0.301117E+00
2005   3   8  14.000  0.303300E+03  0.304513E+03  0.224100E+03  0.116277E+02  0.270578E+03  0.270362E+03  0.115753E+01  0.243454E+00
2005   3   8  15.000  0.300600E+03  0.302340E+03  0.102300E+03  0.530050E+01  0.270091E+03  0.270020E+03  0.102680E+01  0.211397E+00
2005   3   8  16.000  0.295500E+03  0.301512E+03  0.666000E+02  0.345005E+01  0.269887E+03  0.270002E+03  0.170946E+01  0.320579E+00
2005   3   8  17.000  0.294300E+03  0.300609E+03  0.162000E+02  0.838569E+00  0.269796E+03  0.269869E+03  0.165612E+01  0.342503E+00
2005   3   8  18.000  0.293800E+03  0.299485E+03  0.000000E+00  0.000000E+00  0.269516E+03  0.269635E+03  0.165598E+01  0.396175E+00
2005   3   8  19.000  0.293400E+03  0.299898E+03  0.000000E+00  0.000000E+00  0.269712E+03  0.269766E+03  0.231665E+01  0.518915E+00
2005   3   8  20.000  0.292200E+03  0.298933E+03  0.000000E+00  0.000000E+00  0.269259E+03  0.269530E+03  0.114468E+01  0.325481E+00
2005   3   8  21.000  0.291100E+03  0.298913E+03  0.000000E+00  0.000000E+00  0.269273E+03  0.269562E+03  0.112330E+01  0.305164E+00
2005   3   8  22.000  0.287500E+03  0.298673E+03  0.000000E+00  0.000000E+00  0.269079E+03  0.269540E+03  0.117983E+01  0.303598E+00
2005   3   8  23.000  0.284800E+03  0.299128E+03  0.000000E+00  0.000000E+00  0.269121E+03  0.269684E+03  0.142179E+01  0.371414E+00
2005   3   9   0.000  0.288200E+03  0.299197E+03  0.000000E+00  0.000000E+00  0.269197E+03  0.269649E+03  0.138093E+01  0.376281E+00
2005   3   9   1.000  0.289200E+03  0.299215E+03  0.000000E+00  0.000000E+00  0.269204E+03  0.269645E+03  0.125298E+01  0.333074E+00
2005   3   9   2.000  0.300000E+03  0.299611E+03  0.000000E+00  0.000000E+00  0.269661E+03  0.269621E+03  0.188591E+01  0.352705E+00
2005   3   9   3.000  0.303200E+03  0.299478E+03  0.000000E+00  0.000000E+00  0.269550E+03  0.269551E+03  0.200741E+01  0.382398E+00
2005   3   9   4.000  0.296500E+03  0.299314E+03  0.000000E+00  0.000000E+00  0.269467E+03  0.269594E+03  0.145446E+01  0.378953E+00
2005   3   9   5.000  0.292700E+03  0.300062E+03  0.000000E+00  0.000000E+00  0.269510E+03  0.269819E+03  0.148912E+01  0.416862E+00
2005   3   9   6.000  0.292800E+03  0.300241E+03  0.000000E+00  0.000000E+00  0.269513E+03  0.269844E+03  0.126806E+01  0.347702E+00
2005   3   9   7.000  0.293900E+03  0.300383E+03  0.340000E+01  0.177198E+00  0.269585E+03  0.269862E+03  0.993361E+00  0.263515E+00
2005   3   9   8.000  0.295300E+03  0.300527E+03  0.196000E+02  0.102209E+01  0.269785E+03  0.269860E+03  0.113437E+01  0.257760E+00
2005   3   9   9.000  0.296000E+03  0.300299E+03  0.258000E+02  0.134903E+01  0.269721E+03  0.269789E+03  0.195075E+01  0.384730E+00
2005   3   9  10.000  0.296200E+03  0.300497E+03  0.647000E+02  0.340598E+01  0.269702E+03  0.269796E+03  0.172258E+01  0.319548E+00
2005   3   9  11.000  0.295700E+03  0.301567E+03  0.120800E+03  0.638728E+01  0.269977E+03  0.269987E+03  0.136669E+01  0.267464E+00
2005   3   9  12.000  0.297900E+03  0.306121E+03  0.282100E+03  0.149147E+02  0.270991E+03  0.270844E+03  0.100613E+01  0.213709E+00
2005   3   9  13.000  0.289800E+03  0.308892E+03  0.391900E+03  0.207067E+02  0.271211E+03  0.271487E+03  0.193163E+01  0.372289E+00
2005   3   9  14.000  0.295100E+03  0.307024E+03  0.178000E+03  0.938619E+01  0.271065E+03  0.271097E+03  0.135292E+01  0.269899E+00
2005   3   9  15.000  0.303100E+03  0.305099E+03  0.621000E+02  0.327024E+01  0.270586E+03  0.270742E+03  0.191663E+01  0.363435E+00
2005   3   9  16.000  0.303500E+03  0.304110E+03  0.389000E+02  0.204874E+01  0.270514E+03  0.270569E+03  0.194336E+01  0.360379E+00
2005   3   9  17.000  0.309600E+03  0.304485E+03  0.265000E+02  0.139822E+01  0.270647E+03  0.270627E+03  0.172204E+01  0.316608E+00
2005   3   9  18.000  0.312800E+03  0.303061E+03  0.900000E+00  0.475192E-01  0.270249E+03  0.270259E+03  0.147561E+01  0.275991E+00
2005   3   9  19.000  0.311800E+03  0.302622E+03  0.000000E+00  0.000000E+00  0.270218E+03  0.270202E+03  0.180623E+01  0.328569E+00
2005   3   9  20.000  0.311100E+03  0.301945E+03  0.000000E+00  0.000000E+00  0.270215E+03  0.270039E+03  0.796555E+00  0.163084E+00
2005   3   9  21.000  0.311600E+03  0.301535E+03  0.000000E+00  0.000000E+00  0.270404E+03  0.269920E+03  0.324564E+00  0.766805E-01
2005   3   9  22.000  0.311800E+03  0.301426E+03  0.000000E+00  0.000000E+00  0.270128E+03  0.269923E+03  0.715388E+00  0.148548E+00
2005   3   9  23.000  0.310800E+03  0.301033E+03  0.000000E+00  0.000000E+00  0.270184E+03  0.269827E+03  0.467277E+00  0.106048E+00
2005   3  10   0.000  0.309000E+03  0.300529E+03  0.000000E+00  0.000000E+00  0.270108E+03  0.269717E+03  0.324537E+00  0.766667E-01
2005   3  10   1.000  0.305800E+03  0.299280E+03  0.000000E+00  0.000000E+00  0.269633E+03  0.269452E+03  0.479438E+00  0.105987E+00
2005   3  10   2.000  0.299100E+03  0.298070E+03  0.000000E+00  0.000000E+00  0.269344E+03  0.269232E+03  0.194752E+00  0.461138E-01
2005   3  10   3.000  0.299200E+03  0.297470E+03  0.000000E+00  0.000000E+00  0.269068E+03  0.269157E+03  0.130015E+00  0.268366E-01
2005   3  10   4.000  0.293000E+03  0.296292E+03  0.000000E+00  0.000000E+00  0.268805E+03  0.268918E+03  0.459460E+00  0.904708E-01
2005   3  10   5.000  0.280900E+03  0.294615E+03  0.000000E+00  0.000000E+00  0.268153E+03  0.268680E+03  0.913975E+00  0.199159E+00
2005   3  10   6.000  0.256100E+03  0.291227E+03  0.000000E+00  0.000000E+00  0.267354E+03  0.268168E+03  0.103507E+01  0.164184E+00
2005   3  10   7.000  0.245800E+03  0.288705E+03  0.112000E+02  0.589415E+00  0.267002E+03  0.267734E+03  0.119432E+01  0.154143E+00
2005   3  10   8.000  0.238000E+03  0.286895E+03  0.337000E+02  0.177247E+01  0.266705E+03  0.267421E+03  0.397677E+00  0.512247E-01
2005   3  10   9.000  0.239800E+03  0.299854E+03  0.285200E+03  0.149911E+02  0.269544E+03  0.270113E+03  0.791748E-01  0.134315E-01
2005   3  10  10.000  0.254300E+03  0.305731E+03  0.475000E+03  0.249510E+02  0.270944E+03  0.270994E+03  0.117022E+01  0.244361E+00
2005   3  10  11.000  0.227700E+03  0.307609E+03  0.599000E+03  0.314022E+02  0.271211E+03  0.271608E+03  0.193163E+01  0.374946E+00
2005   3  10  12.000  0.225600E+03  0.310750E+03  0.692400E+03  0.362075E+02  0.271693E+03  0.272300E+03  0.228036E+01  0.432204E+00
2005   3  10  13.000  0.228200E+03  0.314143E+03  0.720600E+03  0.375715E+02  0.272237E+03  0.272921E+03  0.217148E+01  0.419150E+00
2005   3  10  14.000  0.230400E+03  0.314186E+03  0.634500E+03  0.328615E+02  0.272323E+03  0.272984E+03  0.201986E+01  0.389935E+00
2005   3  10  15.000  0.230100E+03  0.314057E+03  0.523700E+03  0.269516E+02  0.272499E+03  0.273059E+03  0.185930E+01  0.360068E+00
2005   3  10  16.000  0.221300E+03  0.310914E+03  0.299000E+03  0.153010E+02  0.271350E+03  0.272662E+03  0.132678E+01  0.298178E+00
2005   3  10  17.000  0.215300E+03  0.303845E+03  0.991000E+02  0.506424E+01  0.269376E+03  0.271230E+03  0.477290E+00  0.934688E-01
2005   3  10  18.000  0.210200E+03  0.296245E+03  0.100000E+00  0.510593E-02  0.268163E+03  0.269806E+03  0.317517E+00  0.615408E-01
2005   3  10  19.000  0.206000E+03  0.290863E+03  0.000000E+00  0.000000E+00  0.267639E+03  0.268707E+03  0.716252E+00  0.123168E+00
2005   3  10  20.000  0.202300E+03  0.286237E+03  0.000000E+00  0.000000E+00  0.267386E+03  0.267827E+03  0.103490E+01  0.180506E+00
2005   3  10  21.000  0.200000E+03  0.285224E+03  0.000000E+00  0.000000E+00  0.267378E+03  0.267452E+03  0.111453E+01  0.215412E+00
2005   3  10  22.000  0.197400E+03  0.282093E+03  0.000000E+00  0.000000E+00  0.267472E+03  0.266844E+03  0.955174E+00  0.123117E+00
2005   3  10  23.000  0.196000E+03  0.278205E+03  0.000000E+00  0.000000E+00  0.267088E+03  0.265993E+03  0.795805E+00  0.102395E+00
2005   3  11   0.000  0.194600E+03  0.277084E+03  0.000000E+00  0.000000E+00  0.266707E+03  0.265660E+03  0.636382E+00  0.123054E+00
2005   3  11   1.000  0.194400E+03  0.277358E+03  0.000000E+00  0.000000E+00  0.266532E+03  0.265766E+03  0.135343E+01  0.239998E+00
2005   3  11   2.000  0.196300E+03  0.274246E+03  0.000000E+00  0.000000E+00  0.265054E+03  0.264926E+03  0.397117E+00  0.688657E-01
2005   3  11   3.000  0.196300E+03  0.273184E+03  0.000000E+00  0.000000E+00  0.265138E+03  0.264764E+03  0.127379E+01  0.223935E+00
2005   3  11   4.000  0.197500E+03  0.275357E+03  0.000000E+00  0.000000E+00  0.265387E+03  0.265092E+03  0.127379E+01  0.246186E+00
2005   3  11   5.000  0.199900E+03  0.278924E+03  0.000000E+00  0.000000E+00  0.267427E+03  0.265932E+03  0.191093E+01  0.334863E+00
2005   3  11   6.000  0.204200E+03  0.279494E+03  0.000000E+00  0.000000E+00  0.267076E+03  0.265964E+03  0.127378E+01  0.225403E+00
2005   3  11   7.000  0.209600E+03  0.280952E+03  0.118000E+02  0.600889E+00  0.267614E+03  0.266239E+03  0.716107E+00  0.138451E+00
2005   3  11   8.000  0.215400E+03  0.287758E+03  0.520000E+02  0.264772E+01  0.268971E+03  0.267651E+03  0.214987E+01  0.378246E+00
2005   3  11   9.000  0.233900E+03  0.310121E+03  0.313400E+03  0.159590E+02  0.273395E+03  0.272162E+03  0.166652E+01  0.329393E+00
2005   3  11  10.000  0.236200E+03  0.324840E+03  0.421600E+03  0.214671E+02  0.274474E+03  0.275374E+03  0.160252E+01  0.417873E+00
2005   3  11  11.000  0.236800E+03  0.330955E+03  0.643900E+03  0.320687E+02  0.275409E+03  0.276349E+03  0.128267E+01  0.286467E+00
2005   3  11  12.000  0.239600E+03  0.330932E+03  0.704600E+03  0.339098E+02  0.275062E+03  0.276169E+03  0.123439E+01  0.289004E+00
2005   3  11  13.000  0.241700E+03  0.333366E+03  0.663500E+03  0.307210E+02  0.275349E+03  0.276598E+03  0.138260E+01  0.331827E+00
2005   3  11  14.000  0.236900E+03  0.331473E+03  0.577700E+03  0.254833E+02  0.274811E+03  0.276175E+03  0.142839E+01  0.375980E+00
2005   3  11  15.000  0.239800E+03  0.332560E+03  0.478100E+03  0.210860E+02  0.274725E+03  0.276212E+03  0.145738E+01  0.392561E+00
2005   3  11  16.000  0.240300E+03  0.328608E+03  0.316600E+03  0.139608E+02  0.274491E+03  0.275676E+03  0.130513E+01  0.347415E+00
2005   3  11  17.000  0.251400E+03  0.321855E+03  0.880000E+02  0.387977E+01  0.272779E+03  0.274674E+03  0.199733E+01  0.503459E+00
2005   3  11  18.000  0.255500E+03  0.319125E+03  0.720000E+01  0.317381E+00  0.273175E+03  0.274294E+03  0.182607E+01  0.340305E+00
2005   3  11  19.000  0.260100E+03  0.314635E+03  0.000000E+00  0.000000E+00  0.273059E+03  0.273345E+03  0.135358E+01  0.207794E+00
2005   3  11  20.000  0.258600E+03  0.311068E+03  0.000000E+00  0.000000E+00  0.272560E+03  0.272681E+03  0.111467E+01  0.197315E+00
2005   3  11  21.000  0.252800E+03  0.310138E+03  0.000000E+00  0.000000E+00  0.271545E+03  0.272586E+03  0.171803E+01  0.311445E+00
2005   3  11  22.000  0.237800E+03  0.304495E+03  0.000000E+00  0.000000E+00  0.270925E+03  0.271512E+03  0.151284E+01  0.194790E+00
2005   3  11  23.000  0.244900E+03  0.301064E+03  0.000000E+00  0.000000E+00  0.270293E+03  0.270811E+03  0.875745E+00  0.155337E+00
2005   3  12   0.000  0.280900E+03  0.303543E+03  0.000000E+00  0.000000E+00  0.270497E+03  0.270921E+03  0.117336E+01  0.288736E+00
2005   3  12   1.000  0.293900E+03  0.303620E+03  0.000000E+00  0.000000E+00  0.270590E+03  0.270770E+03  0.860685E+00  0.198381E+00
2005   3  12   2.000  0.273500E+03  0.300668E+03  0.000000E+00  0.000000E+00  0.269889E+03  0.270601E+03  0.557301E+00  0.974243E-01
2005   3  12   3.000  0.291800E+03  0.301332E+03  0.000000E+00  0.000000E+00  0.270196E+03  0.270247E+03  0.213329E+01  0.394511E+00
2005   3  12   4.000  0.293700E+03  0.300560E+03  0.000000E+00  0.000000E+00  0.269835E+03  0.270066E+03  0.122574E+01  0.231278E+00
2005   3  12   5.000  0.292000E+03  0.301168E+03  0.000000E+00  0.000000E+00  0.270052E+03  0.270228E+03  0.198869E+01  0.434837E+00
2005   3  12   6.000  0.290200E+03  0.301542E+03  0.000000E+00  0.000000E+00  0.270007E+03  0.270318E+03  0.209440E+01  0.519884E+00
2005   3  12   7.000  0.290000E+03  0.302433E+03  0.870000E+01  0.385621E+00  0.270155E+03  0.270524E+03  0.183600E+01  0.492037E+00
2005   3  12   8.000  0.285100E+03  0.303619E+03  0.568000E+02  0.251803E+01  0.270485E+03  0.270757E+03  0.238223E+01  0.498819E+00
2005   3  12   9.000  0.288400E+03  0.306428E+03  0.133100E+03  0.589943E+01  0.270855E+03  0.271197E+03  0.204481E+01  0.382447E+00
2005   3  12  10.000  0.291100E+03  0.309467E+03  0.178100E+03  0.788976E+01  0.271509E+03  0.271801E+03  0.354052E+01  0.674751E+00
2005   3  12  11.000  0.294600E+03  0.312557E+03  0.185400E+03  0.820718E+01  0.272092E+03  0.272427E+03  0.318310E+01  0.606328E+00
2005   3  12  12.000  0.282300E+03  0.320625E+03  0.550100E+03  0.243313E+02  0.272790E+03  0.273670E+03  0.356579E+01  0.715077E+00
2005   3  12  13.000  0.273000E+03  0.323119E+03  0.492500E+03  0.216961E+02  0.273259E+03  0.274189E+03  0.295940E+01  0.645571E+00
2005   3  12  14.000  0.272900E+03  0.319492E+03  0.236900E+03  0.104344E+02  0.273332E+03  0.273863E+03  0.383486E+01  0.817623E+00
2005   3  12  15.000  0.289900E+03  0.320822E+03  0.167600E+03  0.738086E+01  0.273518E+03  0.274086E+03  0.169655E+01  0.494936E+00
2005   3  12  16.000  0.297100E+03  0.316187E+03  0.391000E+02  0.172163E+01  0.272680E+03  0.273268E+03  0.156581E+01  0.462250E+00
2005   3  12  17.000  0.295300E+03  0.312273E+03  0.810000E+01  0.356597E+00  0.271948E+03  0.272516E+03  0.190449E+01  0.554144E+00
2005   3  12  18.000  0.307500E+03  0.304593E+03  0.000000E+00  0.000000E+00  0.270226E+03  0.270561E+03  0.216278E+01  0.409766E+00
2005   3  12  19.000  0.309100E+03  0.302820E+03  0.000000E+00  0.000000E+00  0.270244E+03  0.270358E+03  0.307582E+01  0.582127E+00
2005   3  12  20.000  0.309300E+03  0.299320E+03  0.000000E+00  0.000000E+00  0.269314E+03  0.269520E+03  0.154177E+01  0.293564E+00
2005   3  12  21.000  0.312000E+03  0.298741E+03  0.000000E+00  0.000000E+00  0.269272E+03  0.269436E+03  0.204304E+01  0.373499E+00
2005   3  12  22.000  0.310000E+03  0.297246E+03  0.000000E+00  0.000000E+00  0.268978E+03  0.269093E+03  0.136636E+01  0.263901E+00
2005   3  12  23.000  0.310500E+03  0.297021E+03  0.000000E+00  0.000000E+00  0.269076E+03  0.269067E+03  0.110891E+01  0.220873E+00
2005   3  13   0.000  0.312000E+03  0.297089E+03  0.000000E+00  0.000000E+00  0.269351E+03  0.269047E+03  0.686737E+00  0.150695E+00
2005   3  13   1.000  0.310400E+03  0.298107E+03  0.000000E+00  0.000000E+00  0.269219E+03  0.269320E+03  0.257149E+01  0.481051E+00
2005   3  13   2.000  0.308400E+03  0.297879E+03  0.000000E+00  0.000000E+00  0.269156E+03  0.269283E+03  0.239658E+01  0.441138E+00
2005   3  13   3.000  0.308800E+03  0.296237E+03  0.000000E+00  0.000000E+00  0.268654E+03  0.268862E+03  0.225553E+01  0.416264E+00
2005   3  13   4.000  0.308600E+03  0.293471E+03  0.000000E+00  0.000000E+00  0.268309E+03  0.268157E+03  0.845974E+00  0.180259E+00
2005   3  13   5.000  0.307100E+03  0.291995E+03  0.000000E+00  0.000000E+00  0.268381E+03  0.267789E+03  0.389506E+00  0.935374E-01
2005   3  13   6.000  0.303700E+03  0.291373E+03  0.000000E+00  0.000000E+00  0.267661E+03  0.267828E+03  0.120650E+01  0.235470E+00
2005   3  13   7.000  0.298800E+03  0.289829E+03  0.750000E+01  0.390304E+00  0.267514E+03  0.267429E+03  0.775158E+00  0.165575E+00
2005   3  13   8.000  0.300200E+03  0.290615E+03  0.299000E+02  0.155482E+01  0.268201E+03  0.267536E+03  0.389510E+00  0.935423E-01
2005   3  13   9.000  0.307000E+03  0.302872E+03  0.196100E+03  0.101899E+02  0.269973E+03  0.270268E+03  0.662315E-01  0.134721E-01
2005   3  13  10.000  0.220700E+03  0.302388E+03  0.538200E+03  0.279460E+02  0.270160E+03  0.270320E+03  0.608955E+00  0.139376E+00
2005   3  13  11.000  0.230200E+03  0.305600E+03  0.636200E+03  0.329633E+02  0.270777E+03  0.270925E+03  0.998766E+00  0.217387E+00
2005   3  13  12.000  0.228700E+03  0.308283E+03  0.630000E+03  0.325551E+02  0.271241E+03  0.271602E+03  0.118154E+01  0.246512E+00
2005   3  13  13.000  0.232300E+03  0.308540E+03  0.394800E+03  0.203464E+02  0.271333E+03  0.271831E+03  0.629400E+00  0.186182E+00
2005   3  13  14.000  0.231100E+03  0.314155E+03  0.551200E+03  0.283543E+02  0.272506E+03  0.272981E+03  0.107938E+01  0.216967E+00
2005   3  13  15.000  0.233100E+03  0.313920E+03  0.540600E+03  0.276514E+02  0.272323E+03  0.272925E+03  0.140139E+01  0.274956E+00
2005   3  13  16.000  0.222200E+03  0.307009E+03  0.180800E+03  0.919104E+01  0.270221E+03  0.271833E+03  0.796066E+00  0.154058E+00
2005   3  13  17.000  0.218000E+03  0.303453E+03  0.677000E+02  0.343779E+01  0.268918E+03  0.271378E+03  0.763966E-01  0.134260E-01
2005   3  13  18.000  0.221600E+03  0.297663E+03  0.120000E+01  0.609036E-01  0.268429E+03  0.270120E+03  0.477155E+00  0.923194E-01
2005   3  13  19.000  0.239700E+03  0.294651E+03  0.000000E+00  0.000000E+00  0.268780E+03  0.269512E+03  0.477320E+00  0.614660E-01
2005   3  13  20.000  0.240900E+03  0.293401E+03  0.000000E+00  0.000000E+00  0.268978E+03  0.269190E+03  0.796039E+00  0.110791E+00
2005   3  13  21.000  0.234700E+03  0.291493E+03  0.000000E+00  0.000000E+00  0.268741E+03  0.268932E+03  0.111461E+01  0.171024E+00
2005   3  13  22.000  0.242300E+03  0.290065E+03  0.000000E+00  0.000000E+00  0.269021E+03  0.268429E+03  0.716350E+00  0.921535E-01
2005   3  13  23.000  0.226400E+03  0.288314E+03  0.000000E+00  0.000000E+00  0.268637E+03  0.268057E+03  0.556850E+00  0.107677E+00
2005   3  14   0.000  0.220100E+03  0.289046E+03  0.000000E+00  0.000000E+00  0.269117E+03  0.268236E+03  0.795867E+00  0.153859E+00
2005   3  14   1.000  0.215000E+03  0.287142E+03  0.000000E+00  0.000000E+00  0.268919E+03  0.267895E+03  0.955183E+00  0.122995E+00
2005   3  14   2.000  0.215200E+03  0.292698E+03  0.000000E+00  0.000000E+00  0.269943E+03  0.269094E+03  0.135344E+01  0.233978E+00
2005   3  14   3.000  0.216400E+03  0.291073E+03  0.000000E+00  0.000000E+00  0.269483E+03  0.268652E+03  0.151274E+01  0.202330E+00
2005   3  14   4.000  0.215000E+03  0.289085E+03  0.000000E+00  0.000000E+00  0.268409E+03  0.268184E+03  0.636431E+00  0.123073E+00
2005   3  14   5.000  0.216300E+03  0.289639E+03  0.000000E+00  0.000000E+00  0.268746E+03  0.268357E+03  0.111450E+01  0.154216E+00
2005   3  14   6.000  0.213500E+03  0.288486E+03  0.000000E+00  0.000000E+00  0.268445E+03  0.268055E+03  0.716115E+00  0.138466E+00
2005   3  14   7.000  0.215900E+03  0.292141E+03  0.202000E+02  0.102269E+01  0.269219E+03  0.268856E+03  0.127381E+01  0.221518E+00
2005   3  14   8.000  0.219000E+03  0.296636E+03  0.641000E+02  0.324560E+01  0.270665E+03  0.269796E+03  0.795843E+00  0.153856E+00
2005   3  14   9.000  0.228600E+03  0.315745E+03  0.397900E+03  0.201468E+02  0.273070E+03  0.273775E+03  0.477561E+00  0.933970E-01
2005   3  14  10.000  0.238900E+03  0.326214E+03  0.528100E+03  0.265569E+02  0.274754E+03  0.275482E+03  0.557320E+00  0.106478E+00
2005   3  14  11.000  0.242700E+03  0.330357E+03  0.664200E+03  0.325630E+02  0.275110E+03  0.276107E+03  0.120575E+01  0.273647E+00
2005   3  14  12.000  0.245600E+03  0.333559E+03  0.726300E+03  0.343927E+02  0.275473E+03  0.276565E+03  0.125671E+01  0.275781E+00
2005   3  14  13.000  0.252200E+03  0.339857E+03  0.702600E+03  0.316150E+02  0.276646E+03  0.277622E+03  0.119436E+01  0.232824E+00
2005   3  14  14.000  0.266400E+03  0.341137E+03  0.537600E+03  0.237198E+02  0.276157E+03  0.277518E+03  0.137881E+01  0.292501E+00
2005   3  14  15.000  0.267100E+03  0.338958E+03  0.396200E+03  0.174778E+02  0.276159E+03  0.277250E+03  0.131389E+01  0.261660E+00
2005   3  14  16.000  0.259500E+03  0.333716E+03  0.209300E+03  0.923134E+01  0.275663E+03  0.276698E+03  0.636874E+00  0.123927E+00
2005   3  14  17.000  0.249700E+03  0.329009E+03  0.775000E+02  0.341759E+01  0.274080E+03  0.275811E+03  0.770751E-01  0.134498E-01
2005   3  14  18.000  0.271200E+03  0.323260E+03  0.520000E+01  0.229269E+00  0.274085E+03  0.274859E+03  0.716427E+00  0.116335E+00
2005   3  14  19.000  0.288200E+03  0.323092E+03  0.000000E+00  0.000000E+00  0.275735E+03  0.274583E+03  0.875755E+00  0.154101E+00
2005   3  14  20.000  0.294100E+03  0.322908E+03  0.000000E+00  0.000000E+00  0.276345E+03  0.274421E+03  0.127397E+01  0.171669E+00
2005   3  14  21.000  0.316300E+03  0.327029E+03  0.000000E+00  0.000000E+00  0.275129E+03  0.275240E+03  0.154725E+01  0.340991E+00
2005   3  14  22.000  0.318400E+03  0.324143E+03  0.000000E+00  0.000000E+00  0.274414E+03  0.274693E+03  0.953178E+00  0.203692E+00
2005   3  14  23.000  0.326900E+03  0.319551E+03  0.000000E+00  0.000000E+00  0.273415E+03  0.273712E+03  0.737332E+00  0.209850E+00
2005   3  15   0.000  0.323700E+03  0.322649E+03  0.000000E+00  0.000000E+00  0.274191E+03  0.274448E+03  0.208891E+01  0.578725E+00
2005   3  15   1.000  0.325200E+03  0.321726E+03  0.000000E+00  0.000000E+00  0.274602E+03  0.273999E+03  0.112903E+01  0.211963E+00
2005   3  15   2.000  0.321100E+03  0.322308E+03  0.000000E+00  0.000000E+00  0.275001E+03  0.274295E+03  0.636949E+00  0.113327E+00
2005   3  15   3.000  0.307000E+03  0.321493E+03  0.000000E+00  0.000000E+00  0.275163E+03  0.274076E+03  0.111475E+01  0.175294E+00
2005   3  15   4.000  0.275500E+03  0.317668E+03  0.000000E+00  0.000000E+00  0.274400E+03  0.273723E+03  0.955378E+00  0.165876E+00
2005   3  15   5.000  0.253300E+03  0.314094E+03  0.000000E+00  0.000000E+00  0.274037E+03  0.273337E+03  0.119426E+01  0.176527E+00
2005   3  15   6.000  0.242500E+03  0.309780E+03  0.000000E+00  0.000000E+00  0.273369E+03  0.272608E+03  0.795971E+00  0.102560E+00
2005   3  15   7.000  0.240900E+03  0.308960E+03  0.151000E+02  0.666092E+00  0.273877E+03  0.272495E+03  0.397434E+00  0.691960E-01
2005   3  15   8.000  0.242200E+03  0.312350E+03  0.463000E+02  0.204567E+01  0.275502E+03  0.273208E+03  0.397412E+00  0.724290E-01
2005   3  15   9.000  0.255700E+03  0.341057E+03  0.414900E+03  0.183613E+02  0.277963E+03  0.278459E+03  0.557148E+00  0.107816E+00
2005   3  15  10.000  0.263300E+03  0.353960E+03  0.555900E+03  0.244684E+02  0.278785E+03  0.280158E+03  0.955379E+00  0.186829E+00
2005   3  15  11.000  0.267100E+03  0.363338E+03  0.665600E+03  0.292924E+02  0.279937E+03  0.281527E+03  0.119428E+01  0.234200E+00
2005   3  15  12.000  0.269600E+03  0.368310E+03  0.717900E+03  0.315892E+02  0.280513E+03  0.282145E+03  0.167209E+01  0.322649E+00
2005   3  15  13.000  0.271100E+03  0.370241E+03  0.707500E+03  0.311268E+02  0.280842E+03  0.282436E+03  0.199063E+01  0.380557E+00
2005   3  15  14.000  0.272100E+03  0.372405E+03  0.629000E+03  0.276689E+02  0.281418E+03  0.283000E+03  0.159244E+01  0.307211E+00
2005   3  15  15.000  0.271700E+03  0.373972E+03  0.499700E+03  0.219779E+02  0.282076E+03  0.283620E+03  0.111458E+01  0.217655E+00
2005   3  15  16.000  0.269200E+03  0.367784E+03  0.330500E+03  0.145339E+02  0.281418E+03  0.282851E+03  0.875646E+00  0.171621E+00
2005   3  15  17.000  0.264500E+03  0.356505E+03  0.110200E+03  0.484539E+01  0.279918E+03  0.281385E+03  0.397497E+00  0.771141E-01
2005   3  15  18.000  0.257400E+03  0.344542E+03  0.130000E+01  0.571514E-01  0.279026E+03  0.277489E+03  0.143313E+01  0.249382E+00
2005   3  15  19.000  0.253500E+03  0.338052E+03  0.000000E+00  0.000000E+00  0.278662E+03  0.276743E+03  0.207025E+01  0.302467E+00
2005   3  15  20.000  0.252700E+03  0.336056E+03  0.000000E+00  0.000000E+00  0.279051E+03  0.276458E+03  0.199061E+01  0.347004E+00
2005   3  15  21.000  0.252000E+03  0.336736E+03  0.000000E+00  0.000000E+00  0.277892E+03  0.277164E+03  0.227943E+01  0.363659E+00
2005   3  15  22.000  0.251900E+03  0.336050E+03  0.000000E+00  0.000000E+00  0.278363E+03  0.276521E+03  0.222729E+01  0.366262E+00
2005   3  15  23.000  0.250600E+03  0.330535E+03  0.000000E+00  0.000000E+00  0.277971E+03  0.276268E+03  0.556803E+00  0.107674E+00
2005   3  16   0.000  0.248400E+03  0.325679E+03  0.000000E+00  0.000000E+00  0.278345E+03  0.275270E+03  0.875553E+00  0.112627E+00
2005   3  16   1.000  0.248100E+03  0.323910E+03  0.000000E+00  0.000000E+00  0.278398E+03  0.275079E+03  0.103488E+01  0.133176E+00
2005   3  16   2.000  0.248700E+03  0.328216E+03  0.000000E+00  0.000000E+00  0.278501E+03  0.275994E+03  0.127384E+01  0.177550E+00
2005   3  16   3.000  0.250000E+03  0.324260E+03  0.000000E+00  0.000000E+00  0.278275E+03  0.275043E+03  0.875558E+00  0.112628E+00
2005   3  16   4.000  0.250500E+03  0.326270E+03  0.000000E+00  0.000000E+00  0.278515E+03  0.275671E+03  0.795881E+00  0.153844E+00
2005   3  16   5.000  0.246900E+03  0.326019E+03  0.000000E+00  0.000000E+00  0.278238E+03  0.275614E+03  0.716190E+00  0.138451E+00
2005   3  16   6.000  0.246100E+03  0.322308E+03  0.000000E+00  0.000000E+00  0.277925E+03  0.274786E+03  0.875549E+00  0.112628E+00
2005   3  16   7.000  0.247200E+03  0.326973E+03  0.135000E+02  0.592446E+00  0.278754E+03  0.275352E+03  0.167205E+01  0.243254E+00
2005   3  16   8.000  0.249100E+03  0.333765E+03  0.424000E+02  0.186048E+01  0.280013E+03  0.277013E+03  0.875519E+00  0.169238E+00
2005   3  16   9.000  0.261700E+03  0.363923E+03  0.437900E+03  0.192124E+02  0.282076E+03  0.281787E+03  0.119422E+01  0.193491E+00
2005   3  16  10.000  0.269900E+03  0.375506E+03  0.584200E+03  0.256279E+02  0.282405E+03  0.283955E+03  0.111457E+01  0.218320E+00
2005   3  16  11.000  0.272700E+03  0.381939E+03  0.685100E+03  0.300505E+02  0.282899E+03  0.284680E+03  0.135349E+01  0.263169E+00
2005   3  16  12.000  0.274700E+03  0.384634E+03  0.732800E+03  0.321389E+02  0.283063E+03  0.284989E+03  0.135349E+01  0.264259E+00
2005   3  16  13.000  0.275400E+03  0.385872E+03  0.717900E+03  0.314816E+02  0.283310E+03  0.285185E+03  0.151277E+01  0.293462E+00
2005   3  16  14.000  0.274500E+03  0.385297E+03  0.646300E+03  0.283384E+02  0.283475E+03  0.285157E+03  0.175168E+01  0.336322E+00
2005   3  16  15.000  0.272400E+03  0.383944E+03  0.513700E+03  0.225216E+02  0.283639E+03  0.285342E+03  0.111454E+01  0.218140E+00
2005   3  16  16.000  0.269100E+03  0.376624E+03  0.340000E+03  0.149045E+02  0.282816E+03  0.284460E+03  0.795939E+00  0.155711E+00
2005   3  16  17.000  0.262500E+03  0.364442E+03  0.112000E+03  0.490916E+01  0.281507E+03  0.282764E+03  0.477178E+00  0.937799E-01
2005   3  16  18.000  0.252200E+03  0.351108E+03  0.700000E+00  0.306787E-01  0.280321E+03  0.279993E+03  0.795851E+00  0.152137E+00
2005   3  16  19.000  0.247300E+03  0.343412E+03  0.000000E+00  0.000000E+00  0.280118E+03  0.277478E+03  0.151276E+01  0.265058E+00
2005   3  16  20.000  0.245200E+03  0.340696E+03  0.000000E+00  0.000000E+00  0.280119E+03  0.277619E+03  0.119416E+01  0.210516E+00
2005   3  16  21.000  0.245700E+03  0.338290E+03  0.000000E+00  0.000000E+00  0.280374E+03  0.276872E+03  0.135346E+01  0.238079E+00
2005   3  16  22.000  0.247400E+03  0.338232E+03  0.000000E+00  0.000000E+00  0.280718E+03  0.276823E+03  0.151275E+01  0.259971E+00
2005   3  16  23.000  0.247000E+03  0.337227E+03  0.000000E+00  0.000000E+00  0.279886E+03  0.277404E+03  0.119417E+01  0.163438E+00
2005   3  17   0.000  0.245700E+03  0.333016E+03  0.000000E+00  0.000000E+00  0.279640E+03  0.276554E+03  0.103486E+01  0.133337E+00
2005   3  17   1.000  0.246900E+03  0.329919E+03  0.000000E+00  0.000000E+00  0.279046E+03  0.276228E+03  0.556775E+00  0.107671E+00
2005   3  17   2.000  0.249200E+03  0.326641E+03  0.000000E+00  0.000000E+00  0.279169E+03  0.275443E+03  0.955218E+00  0.122865E+00
2005   3  17   3.000  0.253700E+03  0.330644E+03  0.000000E+00  0.000000E+00  0.279709E+03  0.275791E+03  0.159241E+01  0.266108E+00
2005   3  17   4.000  0.252500E+03  0.333688E+03  0.000000E+00  0.000000E+00  0.279771E+03  0.276206E+03  0.183132E+01  0.303400E+00
2005   3  17   5.000  0.252200E+03  0.338098E+03  0.000000E+00  0.000000E+00  0.280223E+03  0.276988E+03  0.199059E+01  0.353374E+00
2005   3  17   6.000  0.254300E+03  0.339148E+03  0.500000E+00  0.218852E-01  0.280259E+03  0.276956E+03  0.207023E+01  0.308965E+00
2005   3  17   7.000  0.258700E+03  0.345366E+03  0.227000E+02  0.993487E+00  0.280352E+03  0.277773E+03  0.233324E+01  0.421697E+00
2005   3  17   8.000  0.268900E+03  0.357765E+03  0.949000E+02  0.415298E+01  0.280625E+03  0.280787E+03  0.240497E+01  0.460294E+00
2005   3  17   9.000  0.279900E+03  0.368464E+03  0.288700E+03  0.126327E+02  0.282488E+03  0.282575E+03  0.214987E+01  0.382935E+00
2005   3  17  10.000  0.278500E+03  0.379797E+03  0.562400E+03  0.246067E+02  0.283228E+03  0.284388E+03  0.207023E+01  0.388888E+00
2005   3  17  11.000  0.283800E+03  0.385707E+03  0.627200E+03  0.274393E+02  0.283722E+03  0.285227E+03  0.191095E+01  0.363436E+00
2005   3  17  12.000  0.288400E+03  0.388412E+03  0.699100E+03  0.305819E+02  0.283804E+03  0.285466E+03  0.207022E+01  0.393845E+00
2005   3  17  13.000  0.289500E+03  0.385484E+03  0.548200E+03  0.239785E+02  0.283679E+03  0.285062E+03  0.237741E+01  0.448195E+00
2005   3  17  14.000  0.285500E+03  0.387239E+03  0.581500E+03  0.254327E+02  0.284051E+03  0.285445E+03  0.214985E+01  0.405672E+00
2005   3  17  15.000  0.284500E+03  0.387423E+03  0.495600E+03  0.216738E+02  0.284297E+03  0.285706E+03  0.167203E+01  0.318837E+00
2005   3  17  16.000  0.287200E+03  0.385133E+03  0.323000E+03  0.141243E+02  0.284462E+03  0.285622E+03  0.127381E+01  0.243031E+00
2005   3  17  17.000  0.300700E+03  0.374119E+03  0.531000E+02  0.232176E+01  0.283639E+03  0.283012E+03  0.143312E+01  0.223392E+00
2005   3  17  18.000  0.303800E+03  0.364317E+03  0.590000E+01  0.257951E+00  0.282734E+03  0.279917E+03  0.175169E+01  0.248946E+00
2005   3  17  19.000  0.311800E+03  0.357412E+03  0.000000E+00  0.000000E+00  0.281665E+03  0.280033E+03  0.111459E+01  0.153511E+00
2005   3  17  20.000  0.302100E+03  0.352398E+03  0.000000E+00  0.000000E+00  0.281829E+03  0.279302E+03  0.955287E+00  0.128404E+00
2005   3  17  21.000  0.284500E+03  0.345030E+03  0.000000E+00  0.000000E+00  0.281065E+03  0.278029E+03  0.795945E+00  0.102456E+00
2005   3  17  22.000  0.271000E+03  0.340055E+03  0.000000E+00  0.000000E+00  0.280362E+03  0.277707E+03  0.556855E+00  0.107672E+00
2005   3  17  23.000  0.273400E+03  0.335040E+03  0.000000E+00  0.000000E+00  0.279984E+03  0.276498E+03  0.795947E+00  0.102391E+00
2005   3  18   0.000  0.270400E+03  0.333584E+03  0.000000E+00  0.000000E+00  0.280174E+03  0.276457E+03  0.103492E+01  0.133249E+00
2005   3  18   1.000  0.267000E+03  0.335517E+03  0.000000E+00  0.000000E+00  0.280262E+03  0.276359E+03  0.151279E+01  0.250813E+00
2005   3  18   2.000  0.266200E+03  0.335939E+03  0.000000E+00  0.000000E+00  0.279719E+03  0.277035E+03  0.119422E+01  0.161804E+00
2005   3  18   3.000  0.267100E+03  0.333897E+03  0.000000E+00  0.000000E+00  0.279780E+03  0.276557E+03  0.103492E+01  0.133392E+00
2005   3  18   4.000  0.264100E+03  0.332601E+03  0.000000E+00  0.000000E+00  0.279523E+03  0.276560E+03  0.636565E+00  0.123057E+00
2005   3  18   5.000  0.262700E+03  0.328851E+03  0.000000E+00  0.000000E+00  0.279245E+03  0.275664E+03  0.875601E+00  0.112626E+00
2005   3  18   6.000  0.262000E+03  0.327990E+03  0.300000E+00  0.131029E-01  0.279708E+03  0.275605E+03  0.103491E+01  0.133124E+00
2005   3  18   7.000  0.263100E+03  0.331247E+03  0.170000E+02  0.742438E+00  0.279937E+03  0.276232E+03  0.119422E+01  0.154056E+00
2005   3  18   8.000  0.266300E+03  0.338583E+03  0.554000E+02  0.241929E+01  0.281511E+03  0.277427E+03  0.111457E+01  0.145999E+00
2005   3  18   9.000  0.278400E+03  0.369870E+03  0.440700E+03  0.192436E+02  0.282981E+03  0.282537E+03  0.119420E+01  0.189585E+00
2005   3  18  10.000  0.286100E+03  0.385022E+03  0.582600E+03  0.254379E+02  0.283968E+03  0.285567E+03  0.111453E+01  0.217660E+00
2005   3  18  11.000  0.291300E+03  0.392400E+03  0.683100E+03  0.298237E+02  0.284462E+03  0.286379E+03  0.127381E+01  0.248149E+00
2005   3  18  12.000  0.293400E+03  0.399678E+03  0.729200E+03  0.318341E+02  0.285531E+03  0.287435E+03  0.159237E+01  0.306674E+00
2005   3  18  13.000  0.295700E+03  0.399557E+03  0.708500E+03  0.309281E+02  0.285285E+03  0.287468E+03  0.119415E+01  0.234475E+00
2005   3  18  14.000  0.294100E+03  0.397769E+03  0.633300E+03  0.276434E+02  0.285285E+03  0.287243E+03  0.135344E+01  0.263538E+00
2005   3  18  15.000  0.292300E+03  0.396693E+03  0.503600E+03  0.219804E+02  0.285614E+03  0.287379E+03  0.119414E+01  0.232159E+00
2005   3  18  16.000  0.287400E+03  0.391073E+03  0.337200E+03  0.147165E+02  0.285285E+03  0.286643E+03  0.119415E+01  0.229597E+00
2005   3  18  17.000  0.280800E+03  0.379177E+03  0.119200E+03  0.520192E+01  0.284133E+03  0.284887E+03  0.716218E+00  0.135870E+00
2005   3  18  18.000  0.272000E+03  0.364016E+03  0.230000E+01  0.100366E+00  0.282602E+03  0.281864E+03  0.795868E+00  0.149454E+00
2005   3  18  19.000  0.268400E+03  0.354194E+03  0.000000E+00  0.000000E+00  0.281735E+03  0.279887E+03  0.875556E+00  0.121873E+00
2005   3  18  20.000  0.267100E+03  0.349767E+03  0.000000E+00  0.000000E+00  0.281868E+03  0.278190E+03  0.159241E+01  0.276797E+00
2005   3  18  21.000  0.265200E+03  0.347267E+03  0.000000E+00  0.000000E+00  0.281585E+03  0.278876E+03  0.111453E+01  0.153789E+00
2005   3  18  22.000  0.265200E+03  0.344208E+03  0.000000E+00  0.000000E+00  0.281245E+03  0.277481E+03  0.135349E+01  0.235384E+00
2005   3  18  23.000  0.264900E+03  0.345785E+03  0.000000E+00  0.000000E+00  0.281210E+03  0.279129E+03  0.127384E+01  0.246186E+00
2005   3  19   0.000  0.263900E+03  0.341572E+03  0.000000E+00  0.000000E+00  0.281036E+03  0.277789E+03  0.103488E+01  0.133475E+00
2005   3  19   1.000  0.263400E+03  0.341196E+03  0.000000E+00  0.000000E+00  0.281160E+03  0.277114E+03  0.143313E+01  0.249485E+00
2005   3  19   2.000  0.277200E+03  0.339893E+03  0.000000E+00  0.000000E+00  0.281230E+03  0.277404E+03  0.103491E+01  0.133308E+00
2005   3  19   3.000  0.325100E+03  0.343199E+03  0.000000E+00  0.000000E+00  0.281336E+03  0.277537E+03  0.955302E+00  0.122967E+00
2005   3  19   4.000  0.303300E+03  0.340998E+03  0.000000E+00  0.000000E+00  0.281418E+03  0.277301E+03  0.875646E+00  0.112659E+00
2005   3  19   5.000  0.326400E+03  0.348954E+03  0.000000E+00  0.000000E+00  0.281418E+03  0.279242E+03  0.127388E+01  0.246187E+00
2005   3  19   6.000  0.305400E+03  0.345023E+03  0.100000E+01  0.436026E-01  0.281089E+03  0.277975E+03  0.875657E+00  0.112845E+00
2005   3  19   7.000  0.329100E+03  0.348291E+03  0.442000E+02  0.192711E+01  0.281088E+03  0.278599E+03  0.397558E+00  0.769070E-01
2005   3  19   8.000  0.291600E+03  0.353545E+03  0.100200E+03  0.436844E+01  0.282570E+03  0.279959E+03  0.716279E+00  0.138469E+00
2005   3  19   9.000  0.286900E+03  0.374636E+03  0.417000E+03  0.181789E+02  0.283145E+03  0.284209E+03  0.716256E+00  0.138780E+00
2005   3  19  10.000  0.291100E+03  0.393357E+03  0.575400E+03  0.250828E+02  0.283721E+03  0.285470E+03  0.556852E+00  0.963118E-01
2005   3  19  11.000  0.294100E+03  0.394111E+03  0.675400E+03  0.294402E+02  0.284462E+03  0.286652E+03  0.111452E+01  0.218384E+00
2005   3  19  12.000  0.296500E+03  0.394299E+03  0.720200E+03  0.313912E+02  0.284462E+03  0.286443E+03  0.151274E+01  0.293777E+00
2005   3  19  13.000  0.297100E+03  0.395244E+03  0.707000E+03  0.308141E+02  0.284709E+03  0.286602E+03  0.167202E+01  0.322268E+00
2005   3  19  14.000  0.295500E+03  0.393624E+03  0.631400E+03  0.275175E+02  0.284709E+03  0.286360E+03  0.199057E+01  0.378902E+00
2005   3  19  15.000  0.294300E+03  0.388895E+03  0.477700E+03  0.208178E+02  0.284380E+03  0.285801E+03  0.183130E+01  0.347699E+00
2005   3  19  16.000  0.291600E+03  0.384781E+03  0.330600E+03  0.144065E+02  0.284215E+03  0.285738E+03  0.875556E+00  0.171639E+00
2005   3  19  17.000  0.289700E+03  0.374400E+03  0.121200E+03  0.528121E+01  0.283144E+03  0.284480E+03  0.397413E+00  0.775032E-01
2005   3  19  18.000  0.290000E+03  0.361896E+03  0.810000E+01  0.352933E+00  0.282301E+03  0.281301E+03  0.477150E+00  0.923143E-01
2005   3  19  19.000  0.291000E+03  0.353408E+03  0.000000E+00  0.000000E+00  0.281873E+03  0.279398E+03  0.795947E+00  0.102779E+00
2005   3  19  20.000  0.286200E+03  0.351016E+03  0.000000E+00  0.000000E+00  0.281636E+03  0.279812E+03  0.111457E+01  0.215412E+00
2005   3  19  21.000  0.316200E+03  0.348296E+03  0.000000E+00  0.000000E+00  0.281006E+03  0.278697E+03  0.477290E+00  0.922912E-01
2005   3  19  22.000  0.294000E+03  0.341880E+03  0.000000E+00  0.000000E+00  0.280787E+03  0.277355E+03  0.716318E+00  0.921557E-01
2005   3  19  23.000  0.283000E+03  0.340238E+03  0.000000E+00  0.000000E+00  0.280469E+03  0.277785E+03  0.716295E+00  0.138465E+00
2005   3  20   0.000  0.287800E+03  0.338197E+03  0.000000E+00  0.000000E+00  0.280082E+03  0.277282E+03  0.556957E+00  0.107672E+00
2005   3  20   1.000  0.291600E+03  0.335510E+03  0.000000E+00  0.000000E+00  0.279198E+03  0.276607E+03  0.875688E+00  0.112907E+00
2005   3  20   2.000  0.272600E+03  0.334068E+03  0.000000E+00  0.000000E+00  0.279353E+03  0.276113E+03  0.127388E+01  0.223903E+00
2005   3  20   3.000  0.268600E+03  0.330143E+03  0.000000E+00  0.000000E+00  0.278962E+03  0.275853E+03  0.875635E+00  0.112655E+00
2005   3  20   4.000  0.273400E+03  0.328982E+03  0.000000E+00  0.000000E+00  0.278222E+03  0.275883E+03  0.636671E+00  0.123069E+00
2005   3  20   5.000  0.265200E+03  0.326061E+03  0.000000E+00  0.000000E+00  0.277668E+03  0.275312E+03  0.955318E+00  0.123205E+00
2005   3  20   6.000  0.260700E+03  0.320747E+03  0.500000E+00  0.217724E-01  0.276533E+03  0.274363E+03  0.636693E+00  0.819344E-01
2005   3  20   7.000  0.261000E+03  0.320860E+03  0.231000E+02  0.100584E+01  0.276959E+03  0.274557E+03  0.477327E+00  0.922887E-01
2005   3  20   8.000  0.261600E+03  0.324856E+03  0.891000E+02  0.387946E+01  0.276803E+03  0.275202E+03  0.477456E+00  0.922975E-01
2005   3  20   9.000  0.270100E+03  0.342667E+03  0.425500E+03  0.185256E+02  0.277387E+03  0.278365E+03  0.716488E+00  0.139813E+00
2005   3  20  10.000  0.278400E+03  0.359771E+03  0.572000E+03  0.249028E+02  0.279443E+03  0.281168E+03  0.716404E+00  0.136274E+00
2005   3  20  11.000  0.282700E+03  0.367192E+03  0.671300E+03  0.292246E+02  0.280349E+03  0.281990E+03  0.119427E+01  0.234338E+00
2005   3  20  12.000  0.285900E+03  0.371769E+03  0.716200E+03  0.311779E+02  0.280842E+03  0.282625E+03  0.127390E+01  0.249398E+00
2005   3  20  13.000  0.286000E+03  0.371561E+03  0.699900E+03  0.304669E+02  0.280842E+03  0.282539E+03  0.167209E+01  0.323440E+00
2005   3  20  14.000  0.284800E+03  0.370948E+03  0.625300E+03  0.272183E+02  0.280924E+03  0.282611E+03  0.127389E+01  0.249622E+00
2005   3  20  15.000  0.285100E+03  0.370153E+03  0.502700E+03  0.218635E+02  0.281254E+03  0.282681E+03  0.143317E+01  0.276037E+00
2005   3  20  16.000  0.327000E+03  0.360999E+03  0.198700E+03  0.863333E+01  0.280019E+03  0.281045E+03  0.127391E+01  0.243502E+00
2005   3  20  17.000  0.343300E+03  0.355399E+03  0.580000E+02  0.251815E+01  0.278867E+03  0.279329E+03  0.317983E+00  0.530290E-01
2005   3  20  18.000  0.346300E+03  0.349773E+03  0.240000E+01  0.104156E+00  0.278284E+03  0.278502E+03  0.778300E-01  0.131678E-01
2005   3  20  19.000  0.344600E+03  0.345401E+03  0.000000E+00  0.000000E+00  0.278125E+03  0.278538E+03  0.158336E+00  0.263944E-01
2005   3  20  20.000  0.343400E+03  0.342374E+03  0.000000E+00  0.000000E+00  0.277962E+03  0.276709E+03  0.397785E+00  0.671814E-01
2005   3  20  21.000  0.341100E+03  0.339970E+03  0.000000E+00  0.000000E+00  0.277961E+03  0.277158E+03  0.158366E+00  0.289392E-01
2005   3  20  22.000  0.338300E+03  0.338370E+03  0.000000E+00  0.000000E+00  0.278127E+03  0.276776E+03  0.318050E+00  0.609047E-01
2005   3  20  23.000  0.307300E+03  0.334776E+03  0.000000E+00  0.000000E+00  0.277787E+03  0.276673E+03  0.796119E+00  0.152302E+00
2005   3  21   0.000  0.325400E+03  0.333961E+03  0.000000E+00  0.000000E+00  0.277469E+03  0.276069E+03  0.636833E+00  0.802753E-01
2005   3  21   1.000  0.268900E+03  0.324736E+03  0.000000E+00  0.000000E+00  0.275891E+03  0.274852E+03  0.477393E+00  0.590914E-01
2005   3  21   2.000  0.262900E+03  0.321638E+03  0.000000E+00  0.000000E+00  0.276742E+03  0.274622E+03  0.477322E+00  0.911785E-01
2005   3  21   3.000  0.263400E+03  0.322856E+03  0.000000E+00  0.000000E+00  0.278521E+03  0.274888E+03  0.556940E+00  0.106359E+00
2005   3  21   4.000  0.269100E+03  0.323289E+03  0.000000E+00  0.000000E+00  0.278643E+03  0.275016E+03  0.397503E+00  0.736138E-01
2005   3  21   5.000  0.262800E+03  0.325365E+03  0.000000E+00  0.000000E+00  0.278716E+03  0.275327E+03  0.716302E+00  0.136705E+00
2005   3  21   6.000  0.263800E+03  0.327093E+03  0.400000E+00  0.173163E-01  0.279299E+03  0.275585E+03  0.636603E+00  0.121440E+00
2005   3  21   7.000  0.263800E+03  0.329579E+03  0.327000E+02  0.141538E+01  0.279526E+03  0.275959E+03  0.556943E+00  0.106213E+00
2005   3  21   8.000  0.266800E+03  0.333889E+03  0.946000E+02  0.409390E+01  0.280790E+03  0.276772E+03  0.237859E+00  0.455383E-01
2005   3  21   9.000  0.278500E+03  0.361417E+03  0.433000E+03  0.187346E+02  0.280594E+03  0.280988E+03  0.317827E+00  0.532140E-01
2005   3  21  10.000  0.284600E+03  0.379389E+03  0.596700E+03  0.258044E+02  0.281336E+03  0.283418E+03  0.636656E+00  0.105574E+00
2005   3  21  11.000  0.286200E+03  0.379559E+03  0.696100E+03  0.300795E+02  0.281829E+03  0.283831E+03  0.103494E+01  0.195370E+00
2005   3  21  12.000  0.287000E+03  0.383725E+03  0.731300E+03  0.315664E+02  0.282487E+03  0.284479E+03  0.103492E+01  0.194735E+00
2005   3  21  13.000  0.287900E+03  0.384531E+03  0.717800E+03  0.309482E+02  0.282817E+03  0.284500E+03  0.127385E+01  0.238443E+00
2005   3  21  14.000  0.285600E+03  0.384184E+03  0.634300E+03  0.273139E+02  0.283063E+03  0.284572E+03  0.127385E+01  0.235556E+00
2005   3  21  15.000  0.283700E+03  0.379265E+03  0.508400E+03  0.218652E+02  0.282487E+03  0.283965E+03  0.103492E+01  0.190502E+00
2005   3  21  16.000  0.279300E+03  0.371389E+03  0.317300E+03  0.136314E+02  0.281829E+03  0.283036E+03  0.795974E+00  0.144872E+00
2005   3  21  17.000  0.273600E+03  0.360502E+03  0.125200E+03  0.537403E+01  0.280595E+03  0.281689E+03  0.397593E+00  0.642773E-01
2005   3  21  18.000  0.265800E+03  0.347855E+03  0.620000E+01  0.265986E+00  0.279659E+03  0.278525E+03  0.477189E+00  0.883728E-01
2005   3  21  19.000  0.262600E+03  0.339569E+03  0.000000E+00  0.000000E+00  0.280017E+03  0.276992E+03  0.795935E+00  0.876855E-01
2005   3  21  20.000  0.264700E+03  0.334400E+03  0.000000E+00  0.000000E+00  0.280379E+03  0.276170E+03  0.795929E+00  0.874649E-01
2005   3  21  21.000  0.266300E+03  0.336969E+03  0.000000E+00  0.000000E+00  0.280672E+03  0.276971E+03  0.875592E+00  0.161499E+00
2005   3  21  22.000  0.265400E+03  0.336898E+03  0.000000E+00  0.000000E+00  0.280700E+03  0.276800E+03  0.716244E+00  0.131517E+00
2005   3  21  23.000  0.266200E+03  0.340301E+03  0.000000E+00  0.000000E+00  0.281370E+03  0.277429E+03  0.955235E+00  0.175767E+00
2005   3  22   0.000  0.271000E+03  0.337980E+03  0.000000E+00  0.000000E+00  0.281123E+03  0.276949E+03  0.477125E+00  0.876833E-01
2005   3  22   1.000  0.278700E+03  0.339791E+03  0.000000E+00  0.000000E+00  0.281062E+03  0.277178E+03  0.795944E+00  0.146020E+00
2005   3  22   2.000  0.265200E+03  0.335858E+03  0.000000E+00  0.000000E+00  0.281177E+03  0.276358E+03  0.955236E+00  0.102844E+00
2005   3  22   3.000  0.263700E+03  0.335482E+03  0.000000E+00  0.000000E+00  0.281135E+03  0.276466E+03  0.111454E+01  0.119528E+00
2005   3  22   4.000  0.262500E+03  0.335181E+03  0.000000E+00  0.000000E+00  0.281150E+03  0.276417E+03  0.111453E+01  0.119131E+00
2005   3  22   5.000  0.276300E+03  0.339950E+03  0.000000E+00  0.000000E+00  0.281383E+03  0.277212E+03  0.875563E+00  0.159993E+00
2005   3  22   6.000  0.282000E+03  0.339392E+03  0.210000E+01  0.898466E-01  0.281728E+03  0.276815E+03  0.955230E+00  0.101360E+00
2005   3  22   7.000  0.281400E+03  0.346666E+03  0.608000E+02  0.260069E+01  0.282481E+03  0.278052E+03  0.795932E+00  0.144973E+00
2005   3  22   8.000  0.297300E+03  0.357914E+03  0.173200E+03  0.740624E+01  0.283308E+03  0.279635E+03  0.317588E+00  0.543725E-01
2005   3  22   9.000  0.314600E+03  0.371607E+03  0.278000E+03  0.118832E+02  0.282568E+03  0.283286E+03  0.317652E+00  0.547163E-01
2005   3  22  10.000  0.316600E+03  0.374926E+03  0.401500E+03  0.171514E+02  0.281911E+03  0.283073E+03  0.716305E+00  0.121939E+00
2005   3  22  11.000  0.325200E+03  0.381035E+03  0.427200E+03  0.182324E+02  0.282816E+03  0.283938E+03  0.716269E+00  0.121086E+00
2005   3  22  12.000  0.329400E+03  0.383436E+03  0.431900E+03  0.184143E+02  0.283228E+03  0.283976E+03  0.103490E+01  0.172695E+00
2005   3  22  13.000  0.337800E+03  0.383588E+03  0.390500E+03  0.166292E+02  0.283228E+03  0.283923E+03  0.955246E+00  0.157317E+00
2005   3  22  14.000  0.343900E+03  0.380310E+03  0.281200E+03  0.119604E+02  0.282405E+03  0.283717E+03  0.556918E+00  0.797352E-01
2005   3  22  15.000  0.341700E+03  0.372003E+03  0.230500E+03  0.979494E+01  0.281582E+03  0.282034E+03  0.875641E+00  0.138536E+00
2005   3  22  16.000  0.341200E+03  0.365542E+03  0.772000E+02  0.327742E+01  0.280677E+03  0.282031E+03  0.397588E+00  0.479193E-01
2005   3  22  17.000  0.350400E+03  0.363133E+03  0.495000E+02  0.210146E+01  0.279924E+03  0.280649E+03  0.773205E-01  0.106466E-01
2005   3  22  18.000  0.335000E+03  0.355432E+03  0.700000E+01  0.297176E+00  0.279440E+03  0.279430E+03  0.158105E+00  0.184863E-01
2005   3  22  19.000  0.351400E+03  0.351563E+03  0.000000E+00  0.000000E+00  0.279114E+03  0.279751E+03  0.955369E+00  0.136121E+00
2005   3  22  20.000  0.351700E+03  0.350026E+03  0.000000E+00  0.000000E+00  0.279115E+03  0.279490E+03  0.159248E+01  0.200653E+00
2005   3  22  21.000  0.347500E+03  0.347831E+03  0.000000E+00  0.000000E+00  0.278785E+03  0.278465E+03  0.716431E+00  0.620172E-01
2005   3  22  22.000  0.347800E+03  0.346121E+03  0.000000E+00  0.000000E+00  0.278374E+03  0.278866E+03  0.119431E+01  0.156492E+00
2005   3  22  23.000  0.334100E+03  0.344903E+03  0.000000E+00  0.000000E+00  0.278950E+03  0.277999E+03  0.151285E+01  0.157558E+00
2005   3  23   0.000  0.331600E+03  0.346980E+03  0.000000E+00  0.000000E+00  0.278845E+03  0.279249E+03  0.185323E+01  0.221342E+00
2005   3  23   1.000  0.329500E+03  0.345712E+03  0.000000E+00  0.000000E+00  0.279197E+03  0.278044E+03  0.127393E+01  0.172783E+00
2005   3  23   2.000  0.343200E+03  0.345127E+03  0.000000E+00  0.000000E+00  0.278456E+03  0.278621E+03  0.477445E+00  0.533061E-01
2005   3  23   3.000  0.342400E+03  0.344096E+03  0.000000E+00  0.000000E+00  0.278292E+03  0.278413E+03  0.103504E+01  0.991398E-01
2005   3  23   4.000  0.335800E+03  0.341340E+03  0.000000E+00  0.000000E+00  0.277551E+03  0.278201E+03  0.875775E+00  0.122717E+00
2005   3  23   5.000  0.329400E+03  0.339158E+03  0.000000E+00  0.000000E+00  0.277463E+03  0.277613E+03  0.780954E-01  0.133337E-01
2005   3  23   6.000  0.335000E+03  0.338346E+03  0.400000E+00  0.169815E-01  0.277217E+03  0.277285E+03  0.781766E-01  0.135488E-01
2005   3  23   7.000  0.335000E+03  0.339936E+03  0.312000E+02  0.132456E+01  0.277217E+03  0.277695E+03  0.781766E-01  0.935610E-02
2005   3  23   8.000  0.294200E+03  0.344001E+03  0.133600E+03  0.567181E+01  0.277961E+03  0.278578E+03  0.158366E+00  0.181116E-01
2005   3  23   9.000  0.277700E+03  0.355726E+03  0.298900E+03  0.126894E+02  0.278867E+03  0.280355E+03  0.317983E+00  0.359280E-01
2005   3  23  10.000  0.287000E+03  0.370221E+03  0.588900E+03  0.250010E+02  0.280595E+03  0.282982E+03  0.796018E+00  0.120283E+00
2005   3  23  11.000  0.289500E+03  0.377725E+03  0.656100E+03  0.278539E+02  0.281665E+03  0.284235E+03  0.143316E+01  0.218864E+00
2005   3  23  12.000  0.292300E+03  0.380780E+03  0.665000E+03  0.282317E+02  0.282076E+03  0.284801E+03  0.183134E+01  0.275377E+00
2005   3  23  13.000  0.294900E+03  0.381605E+03  0.650100E+03  0.275991E+02  0.282241E+03  0.285031E+03  0.214988E+01  0.319317E+00
2005   3  23  14.000  0.295500E+03  0.384378E+03  0.641800E+03  0.272468E+02  0.282734E+03  0.285595E+03  0.191096E+01  0.285984E+00
2005   3  23  15.000  0.292900E+03  0.383303E+03  0.487700E+03  0.207047E+02  0.282981E+03  0.285594E+03  0.135349E+01  0.206906E+00
2005   3  23  16.000  0.291200E+03  0.380283E+03  0.332400E+03  0.141116E+02  0.282981E+03  0.285395E+03  0.875596E+00  0.135309E+00
2005   3  23  17.000  0.286300E+03  0.373092E+03  0.117800E+03  0.500105E+01  0.281909E+03  0.283773E+03  0.237818E+00  0.277219E-01
2005   3  23  18.000  0.276000E+03  0.360396E+03  0.480000E+01  0.203778E+00  0.280966E+03  0.282551E+03  0.795945E+00  0.111136E+00
2005   3  23  19.000  0.270500E+03  0.351754E+03  0.000000E+00  0.000000E+00  0.280146E+03  0.280826E+03  0.875618E+00  0.126942E+00
2005   3  23  20.000  0.268800E+03  0.345542E+03  0.000000E+00  0.000000E+00  0.280092E+03  0.280004E+03  0.716280E+00  0.639288E-01
2005   3  23  21.000  0.267800E+03  0.341305E+03  0.000000E+00  0.000000E+00  0.279931E+03  0.279326E+03  0.795955E+00  0.710158E-01
2005   3  23  22.000  0.267500E+03  0.338941E+03  0.000000E+00  0.000000E+00  0.280198E+03  0.278930E+03  0.875611E+00  0.781365E-01
2005   3  23  23.000  0.268500E+03  0.339732E+03  0.000000E+00  0.000000E+00  0.280256E+03  0.278997E+03  0.716273E+00  0.121888E+00
2005   3  24   0.000  0.265900E+03  0.337280E+03  0.000000E+00  0.000000E+00  0.280009E+03  0.278566E+03  0.875612E+00  0.781513E-01
2005   3  24   1.000  0.266400E+03  0.335507E+03  0.000000E+00  0.000000E+00  0.280184E+03  0.278248E+03  0.875609E+00  0.782892E-01
2005   3  24   2.000  0.265100E+03  0.337632E+03  0.000000E+00  0.000000E+00  0.280044E+03  0.278549E+03  0.795940E+00  0.136743E+00
2005   3  24   3.000  0.264200E+03  0.335151E+03  0.000000E+00  0.000000E+00  0.279454E+03  0.278094E+03  0.875603E+00  0.781430E-01
2005   3  24   4.000  0.266500E+03  0.332602E+03  0.000000E+00  0.000000E+00  0.279222E+03  0.277648E+03  0.795935E+00  0.712700E-01
2005   3  24   5.000  0.285600E+03  0.335789E+03  0.000000E+00  0.000000E+00  0.279214E+03  0.277992E+03  0.716302E+00  0.121961E+00
2005   3  24   6.000  0.280200E+03  0.336029E+03  0.220000E+01  0.933981E-01  0.279628E+03  0.278033E+03  0.955270E+00  0.852192E-01
2005   3  24   7.000  0.278800E+03  0.342891E+03  0.574000E+02  0.243684E+01  0.281021E+03  0.278966E+03  0.143316E+01  0.143982E+00
2005   3  24   8.000  0.279600E+03  0.351793E+03  0.130800E+03  0.555294E+01  0.281664E+03  0.280386E+03  0.556956E+00  0.941741E-01
2005   3  24   9.000  0.290200E+03  0.377532E+03  0.406800E+03  0.172702E+02  0.282897E+03  0.284379E+03  0.317624E+00  0.369080E-01
2005   3  24  10.000  0.294800E+03  0.380069E+03  0.486500E+03  0.206537E+02  0.282049E+03  0.285414E+03  0.233163E+01  0.368136E+00
2005   3  24  11.000  0.297300E+03  0.384776E+03  0.592400E+03  0.251496E+02  0.282981E+03  0.285700E+03  0.159241E+01  0.240945E+00
2005   3  24  12.000  0.324600E+03  0.389237E+03  0.708200E+03  0.300657E+02  0.282981E+03  0.286119E+03  0.199060E+01  0.298402E+00
2005   3  24  13.000  0.325200E+03  0.384952E+03  0.511300E+03  0.217066E+02  0.282817E+03  0.285610E+03  0.207023E+01  0.306966E+00
2005   3  24  14.000  0.309200E+03  0.384328E+03  0.594100E+03  0.252217E+02  0.282613E+03  0.285727E+03  0.227436E+01  0.340171E+00
2005   3  24  15.000  0.307200E+03  0.383635E+03  0.241600E+03  0.102568E+02  0.282569E+03  0.285230E+03  0.397453E+00  0.445082E-01
2005   3  24  16.000  0.319000E+03  0.379974E+03  0.178800E+03  0.759072E+01  0.282075E+03  0.284740E+03  0.397488E+00  0.448914E-01
2005   3  24  17.000  0.341900E+03  0.372517E+03  0.481000E+02  0.204202E+01  0.281417E+03  0.283605E+03  0.317754E+00  0.356296E-01
2005   3  24  18.000  0.338900E+03  0.366967E+03  0.120000E+02  0.509444E+00  0.281072E+03  0.283051E+03  0.769797E-01  0.105474E-01
2005   3  24  19.000  0.341500E+03  0.362331E+03  0.000000E+00  0.000000E+00  0.280580E+03  0.282327E+03  0.771243E-01  0.102453E-01
2005   3  24  20.000  0.347700E+03  0.355615E+03  0.000000E+00  0.000000E+00  0.279608E+03  0.281202E+03  0.103500E+01  0.152501E+00
2005   3  24  21.000  0.356900E+03  0.349998E+03  0.000000E+00  0.000000E+00  0.278539E+03  0.280068E+03  0.167213E+01  0.239068E+00
2005   3  24  22.000  0.350800E+03  0.348166E+03  0.000000E+00  0.000000E+00  0.278539E+03  0.279919E+03  0.143322E+01  0.200715E+00
2005   3  24  23.000  0.342800E+03  0.346788E+03  0.000000E+00  0.000000E+00  0.278456E+03  0.279739E+03  0.143322E+01  0.196649E+00
2005   3  25   0.000  0.343900E+03  0.343146E+03  0.000000E+00  0.000000E+00  0.276718E+03  0.278916E+03  0.187007E+01  0.338969E+00
2005   3  25   1.000  0.343400E+03  0.340758E+03  0.000000E+00  0.000000E+00  0.277222E+03  0.278482E+03  0.135361E+01  0.192577E+00
2005   3  25   2.000  0.342300E+03  0.340921E+03  0.000000E+00  0.000000E+00  0.277131E+03  0.278598E+03  0.158913E+01  0.237262E+00
2005   3  25   3.000  0.341700E+03  0.338695E+03  0.000000E+00  0.000000E+00  0.276555E+03  0.278059E+03  0.149259E+01  0.234007E+00
2005   3  25   4.000  0.343700E+03  0.337964E+03  0.000000E+00  0.000000E+00  0.276660E+03  0.277927E+03  0.143861E+01  0.211379E+00
2005   3  25   5.000  0.343600E+03  0.340317E+03  0.000000E+00  0.000000E+00  0.276808E+03  0.278439E+03  0.169392E+01  0.272140E+00
2005   3  25   6.000  0.342400E+03  0.340442E+03  0.600000E+00  0.254722E-01  0.277387E+03  0.278413E+03  0.111470E+01  0.152834E+00
2005   3  25   7.000  0.345900E+03  0.341495E+03  0.161000E+02  0.683504E+00  0.277131E+03  0.278535E+03  0.158913E+01  0.240392E+00
2005   3  25   8.000  0.346800E+03  0.342343E+03  0.569000E+02  0.241562E+01  0.277305E+03  0.278524E+03  0.111470E+01  0.164204E+00
2005   3  25   9.000  0.338300E+03  0.349463E+03  0.160900E+03  0.683080E+01  0.277633E+03  0.279640E+03  0.397809E+00  0.478230E-01
2005   3  25  10.000  0.341000E+03  0.355632E+03  0.208500E+03  0.885159E+01  0.277716E+03  0.280328E+03  0.397803E+00  0.446094E-01
2005   3  25  11.000  0.344200E+03  0.356018E+03  0.248900E+03  0.105667E+02  0.278127E+03  0.280293E+03  0.636802E+00  0.885049E-01
2005   3  25  12.000  0.342100E+03  0.360634E+03  0.403000E+03  0.171088E+02  0.278785E+03  0.280979E+03  0.875733E+00  0.134088E+00
2005   3  25  13.000  0.331600E+03  0.370488E+03  0.436400E+03  0.185268E+02  0.279114E+03  0.282615E+03  0.636757E+00  0.772202E-01
2005   3  25  14.000  0.330500E+03  0.369538E+03  0.239100E+03  0.101507E+02  0.279196E+03  0.282407E+03  0.397695E+00  0.454710E-01
2005   3  25  15.000  0.299400E+03  0.363300E+03  0.212400E+03  0.901716E+01  0.279443E+03  0.282111E+03  0.557070E+00  0.674558E-01
2005   3  25  16.000  0.297700E+03  0.363739E+03  0.174900E+03  0.742515E+01  0.279689E+03  0.282164E+03  0.238079E+00  0.284437E-01
2005   3  25  17.000  0.286800E+03  0.357494E+03  0.751000E+02  0.318827E+01  0.279523E+03  0.281443E+03  0.158090E+00  0.194578E-01
2005   3  25  18.000  0.261900E+03  0.345971E+03  0.111000E+02  0.471236E+00  0.278395E+03  0.280061E+03  0.716336E+00  0.103338E+00
2005   3  25  19.000  0.257900E+03  0.338351E+03  0.000000E+00  0.000000E+00  0.277845E+03  0.278934E+03  0.955315E+00  0.134178E+00
2005   3  25  20.000  0.255900E+03  0.334390E+03  0.000000E+00  0.000000E+00  0.277641E+03  0.278282E+03  0.875662E+00  0.125865E+00
2005   3  25  21.000  0.267500E+03  0.332439E+03  0.000000E+00  0.000000E+00  0.277876E+03  0.278049E+03  0.955333E+00  0.134412E+00
2005   3  25  22.000  0.270000E+03  0.330450E+03  0.000000E+00  0.000000E+00  0.278040E+03  0.277493E+03  0.796024E+00  0.710215E-01
2005   3  25  23.000  0.265500E+03  0.331313E+03  0.000000E+00  0.000000E+00  0.278281E+03  0.277602E+03  0.103497E+01  0.979950E-01
2005   3  26   0.000  0.269000E+03  0.331042E+03  0.000000E+00  0.000000E+00  0.278167E+03  0.277512E+03  0.636681E+00  0.107851E+00
2005   3  26   1.000  0.270400E+03  0.333128E+03  0.000000E+00  0.000000E+00  0.278580E+03  0.277802E+03  0.103495E+01  0.100111E+00
2005   3  26   2.000  0.291000E+03  0.333300E+03  0.000000E+00  0.000000E+00  0.278871E+03  0.277647E+03  0.716351E+00  0.640019E-01
2005   3  26   3.000  0.296100E+03  0.335702E+03  0.000000E+00  0.000000E+00  0.279639E+03  0.277981E+03  0.955315E+00  0.852194E-01
2005   3  26   4.000  0.297600E+03  0.335732E+03  0.000000E+00  0.000000E+00  0.279476E+03  0.277923E+03  0.796014E+00  0.711750E-01
2005   3  26   5.000  0.287500E+03  0.332402E+03  0.000000E+00  0.000000E+00  0.278827E+03  0.277439E+03  0.157764E+00  0.270371E-01
2005   3  26   6.000  0.301100E+03  0.335622E+03  0.340000E+01  0.144343E+00  0.279297E+03  0.277864E+03  0.557009E+00  0.895916E-01
2005   3  26   7.000  0.297200E+03  0.338708E+03  0.707000E+02  0.300148E+01  0.279514E+03  0.278301E+03  0.774448E-01  0.124050E-01
2005   3  26   8.000  0.302300E+03  0.351307E+03  0.176400E+03  0.748883E+01  0.280170E+03  0.280171E+03  0.772465E-01  0.136003E-01
2005   3  26   9.000  0.300000E+03  0.362413E+03  0.353200E+03  0.149946E+02  0.280266E+03  0.282202E+03  0.716371E+00  0.109600E+00
2005   3  26  10.000  0.294100E+03  0.369548E+03  0.532200E+03  0.225939E+02  0.280678E+03  0.283025E+03  0.119426E+01  0.183730E+00
2005   3  26  11.000  0.293400E+03  0.378297E+03  0.693300E+03  0.294331E+02  0.281665E+03  0.284499E+03  0.175171E+01  0.263714E+00
2005   3  26  12.000  0.296700E+03  0.383777E+03  0.699600E+03  0.297006E+02  0.282323E+03  0.285227E+03  0.143314E+01  0.219834E+00
2005   3  26  13.000  0.313700E+03  0.384670E+03  0.590000E+03  0.250477E+02  0.282570E+03  0.285426E+03  0.143314E+01  0.219551E+00
2005   3  26  14.000  0.310100E+03  0.378389E+03  0.394900E+03  0.167650E+02  0.282241E+03  0.284790E+03  0.175170E+01  0.261700E+00
2005   3  26  15.000  0.322900E+03  0.375879E+03  0.290600E+03  0.123370E+02  0.282158E+03  0.284520E+03  0.127387E+01  0.193422E+00
2005   3  26  16.000  0.331100E+03  0.372057E+03  0.202800E+03  0.860961E+01  0.281582E+03  0.283829E+03  0.716318E+00  0.109572E+00
2005   3  26  17.000  0.326600E+03  0.367556E+03  0.891000E+02  0.378262E+01  0.281006E+03  0.283240E+03  0.397564E+00  0.482288E-01
2005   3  26  18.000  0.320100E+03  0.357443E+03  0.270000E+01  0.114625E+00  0.280101E+03  0.281733E+03  0.477345E+00  0.740130E-01
2005   3  26  19.000  0.311100E+03  0.351567E+03  0.000000E+00  0.000000E+00  0.279526E+03  0.280911E+03  0.636738E+00  0.904773E-01
2005   3  26  20.000  0.320100E+03  0.349042E+03  0.000000E+00  0.000000E+00  0.279361E+03  0.280490E+03  0.557074E+00  0.780079E-01
2005   3  26  21.000  0.294400E+03  0.344089E+03  0.000000E+00  0.000000E+00  0.278866E+03  0.279840E+03  0.557050E+00  0.800391E-01
2005   3  26  22.000  0.313400E+03  0.343564E+03  0.000000E+00  0.000000E+00  0.278868E+03  0.279714E+03  0.955377E+00  0.132362E+00
2005   3  26  23.000  0.300400E+03  0.340462E+03  0.000000E+00  0.000000E+00  0.278852E+03  0.279156E+03  0.557071E+00  0.497207E-01
2005   3  27   0.000  0.319400E+03  0.340383E+03  0.000000E+00  0.000000E+00  0.278292E+03  0.279041E+03  0.796102E+00  0.727845E-01
2005   3  27   1.000  0.340900E+03  0.342628E+03  0.000000E+00  0.000000E+00  0.277880E+03  0.278999E+03  0.143323E+01  0.186042E+00
2005   3  27   2.000  0.347800E+03  0.342631E+03  0.000000E+00  0.000000E+00  0.277634E+03  0.278814E+03  0.477495E+00  0.711768E-01
2005   3  27   3.000  0.314500E+03  0.339121E+03  0.000000E+00  0.000000E+00  0.277634E+03  0.278823E+03  0.477495E+00  0.635847E-01
2005   3  27   4.000  0.326100E+03  0.338911E+03  0.000000E+00  0.000000E+00  0.277714E+03  0.278555E+03  0.158410E+00  0.267693E-01
2005   3  27   5.000  0.343800E+03  0.340653E+03  0.000000E+00  0.000000E+00  0.277469E+03  0.278548E+03  0.716485E+00  0.932303E-01
2005   3  27   6.000  0.334500E+03  0.340259E+03  0.190000E+01  0.806620E-01  0.277469E+03  0.278537E+03  0.477505E+00  0.593329E-01
2005   3  27   7.000  0.325900E+03  0.342549E+03  0.522000E+02  0.221608E+01  0.277798E+03  0.278928E+03  0.557156E+00  0.824717E-01
2005   3  27   8.000  0.316600E+03  0.352071E+03  0.158000E+03  0.670768E+01  0.278448E+03  0.280456E+03  0.777778E-01  0.106466E-01
2005   3  27   9.000  0.336000E+03  0.361957E+03  0.259100E+03  0.109998E+02  0.278950E+03  0.281590E+03  0.477414E+00  0.572311E-01
2005   3  27  10.000  0.342700E+03  0.357417E+03  0.143500E+03  0.609210E+01  0.278292E+03  0.280758E+03  0.557130E+00  0.672045E-01
2005   3  27  11.000  0.357400E+03  0.361157E+03  0.965000E+02  0.409678E+01  0.278038E+03  0.281477E+03  0.779088E-01  0.106466E-01
2005   3  27  12.000  0.365100E+03  0.360746E+03  0.545000E+02  0.231373E+01  0.277792E+03  0.281342E+03  0.779883E-01  0.106466E-01
2005   3  27  13.000  0.356000E+03  0.347608E+03  0.193000E+02  0.819356E+00  0.277305E+03  0.278964E+03  0.557183E+00  0.801324E-01
2005   3  27  14.000  0.350200E+03  0.343503E+03  0.604000E+02  0.256420E+01  0.277057E+03  0.278653E+03  0.151552E+01  0.232178E+00
2005   3  27  15.000  0.350700E+03  0.343498E+03  0.687000E+02  0.291657E+01  0.277222E+03  0.278580E+03  0.557187E+00  0.851481E-01
2005   3  27  16.000  0.344100E+03  0.342451E+03  0.739000E+02  0.313733E+01  0.276615E+03  0.278574E+03  0.163810E+01  0.282679E+00
2005   3  27  17.000  0.341100E+03  0.340365E+03  0.151000E+02  0.641051E+00  0.276844E+03  0.278318E+03  0.152493E+01  0.235329E+00
2005   3  27  18.000  0.342400E+03  0.337819E+03  0.400000E+01  0.169815E+00  0.275815E+03  0.277814E+03  0.194201E+01  0.380376E+00
2005   3  27  19.000  0.340500E+03  0.336674E+03  0.000000E+00  0.000000E+00  0.275764E+03  0.277660E+03  0.189647E+01  0.366934E+00
2005   3  27  20.000  0.340900E+03  0.337145E+03  0.000000E+00  0.000000E+00  0.276785E+03  0.277797E+03  0.142131E+01  0.195426E+00
2005   3  27  21.000  0.340300E+03  0.335110E+03  0.000000E+00  0.000000E+00  0.276235E+03  0.277261E+03  0.875820E+00  0.128373E+00
2005   3  27  22.000  0.334800E+03  0.334748E+03  0.000000E+00  0.000000E+00  0.276400E+03  0.277352E+03  0.875814E+00  0.124379E+00
2005   3  27  23.000  0.341800E+03  0.335236E+03  0.000000E+00  0.000000E+00  0.276400E+03  0.277351E+03  0.796173E+00  0.115124E+00
2005   3  28   0.000  0.341700E+03  0.335814E+03  0.000000E+00  0.000000E+00  0.276464E+03  0.277478E+03  0.138346E+01  0.195657E+00
2005   3  28   1.000  0.340900E+03  0.334562E+03  0.000000E+00  0.000000E+00  0.275516E+03  0.277164E+03  0.167048E+01  0.315481E+00
2005   3  28   2.000  0.330800E+03  0.333558E+03  0.000000E+00  0.000000E+00  0.275633E+03  0.277101E+03  0.152912E+01  0.269669E+00
2005   3  28   3.000  0.323600E+03  0.332970E+03  0.000000E+00  0.000000E+00  0.276482E+03  0.277289E+03  0.875811E+00  0.836188E-01
2005   3  28   4.000  0.325200E+03  0.333282E+03  0.000000E+00  0.000000E+00  0.276646E+03  0.277357E+03  0.875805E+00  0.113385E+00
2005   3  28   5.000  0.334000E+03  0.334820E+03  0.000000E+00  0.000000E+00  0.276646E+03  0.277365E+03  0.103508E+01  0.115238E+00
2005   3  28   6.000  0.338400E+03  0.335279E+03  0.180000E+01  0.764166E-01  0.276482E+03  0.277339E+03  0.875811E+00  0.123038E+00
2005   3  28   7.000  0.325300E+03  0.337857E+03  0.648000E+02  0.275100E+01  0.276893E+03  0.277869E+03  0.955438E+00  0.139375E+00
2005   3  28   8.000  0.299200E+03  0.343344E+03  0.157800E+03  0.669919E+01  0.277304E+03  0.278832E+03  0.318126E+00  0.375429E-01
2005   3  28   9.000  0.271600E+03  0.361687E+03  0.467100E+03  0.198301E+02  0.278785E+03  0.281585E+03  0.477425E+00  0.548021E-01
2005   3  28  10.000  0.285500E+03  0.364696E+03  0.578700E+03  0.245680E+02  0.279279E+03  0.281718E+03  0.955364E+00  0.145293E+00
2005   3  28  11.000  0.306900E+03  0.360605E+03  0.334500E+03  0.142008E+02  0.279279E+03  0.281315E+03  0.955364E+00  0.147278E+00
2005   3  28  12.000  0.332100E+03  0.360862E+03  0.322700E+03  0.136998E+02  0.279361E+03  0.281348E+03  0.111465E+01  0.171777E+00
2005   3  28  13.000  0.332100E+03  0.364310E+03  0.340000E+03  0.144343E+02  0.279773E+03  0.281941E+03  0.716391E+00  0.107936E+00
2005   3  28  14.000  0.336400E+03  0.365732E+03  0.295800E+03  0.125578E+02  0.280102E+03  0.282270E+03  0.716378E+00  0.108696E+00
2005   3  28  15.000  0.333100E+03  0.364207E+03  0.260800E+03  0.110719E+02  0.280102E+03  0.282141E+03  0.875690E+00  0.135382E+00
2005   3  28  16.000  0.321100E+03  0.368178E+03  0.222400E+03  0.944170E+01  0.280266E+03  0.282720E+03  0.397617E+00  0.451940E-01
2005   3  28  17.000  0.303400E+03  0.359310E+03  0.118200E+03  0.501803E+01  0.280019E+03  0.281809E+03  0.636716E+00  0.980875E-01
2005   3  28  18.000  0.283500E+03  0.349870E+03  0.156000E+02  0.662278E+00  0.278860E+03  0.280549E+03  0.238004E+00  0.288068E-01
2005   3  28  19.000  0.263200E+03  0.340405E+03  0.000000E+00  0.000000E+00  0.277553E+03  0.279132E+03  0.796025E+00  0.983726E-01
2005   3  28  20.000  0.304600E+03  0.340384E+03  0.000000E+00  0.000000E+00  0.278101E+03  0.278900E+03  0.716453E+00  0.799316E-01
2005   3  28  21.000  0.320000E+03  0.340076E+03  0.000000E+00  0.000000E+00  0.278045E+03  0.278903E+03  0.716461E+00  0.981535E-01
2005   3  28  22.000  0.322600E+03  0.339518E+03  0.000000E+00  0.000000E+00  0.278127E+03  0.278634E+03  0.477465E+00  0.426124E-01
2005   3  28  23.000  0.322100E+03  0.338638E+03  0.000000E+00  0.000000E+00  0.278127E+03  0.278509E+03  0.397773E+00  0.356671E-01
2005   3  29   0.000  0.314700E+03  0.336654E+03  0.000000E+00  0.000000E+00  0.277633E+03  0.278232E+03  0.318095E+00  0.285982E-01
2005   3  29   1.000  0.317300E+03  0.336039E+03  0.000000E+00  0.000000E+00  0.277634E+03  0.278041E+03  0.477495E+00  0.426117E-01
2005   3  29   2.000  0.292100E+03  0.332243E+03  0.000000E+00  0.000000E+00  0.277140E+03  0.277597E+03  0.238215E+00  0.344767E-01
2005   3  29   3.000  0.272800E+03  0.327226E+03  0.000000E+00  0.000000E+00  0.276743E+03  0.276890E+03  0.158096E+00  0.274268E-01
2005   3  29   4.000  0.280200E+03  0.325367E+03  0.000000E+00  0.000000E+00  0.276595E+03  0.276459E+03  0.238188E+00  0.415192E-01
2005   3  29   5.000  0.291600E+03  0.326692E+03  0.000000E+00  0.000000E+00  0.276846E+03  0.276633E+03  0.557143E+00  0.946050E-01
2005   3  29   6.000  0.293200E+03  0.326373E+03  0.340000E+01  0.144343E+00  0.276887E+03  0.276554E+03  0.636814E+00  0.569465E-01
2005   3  29   7.000  0.306800E+03  0.332658E+03  0.649000E+02  0.275524E+01  0.277387E+03  0.277423E+03  0.318118E+00  0.485827E-01
2005   3  29   8.000  0.307300E+03  0.345468E+03  0.169800E+03  0.720864E+01  0.278366E+03  0.279342E+03  0.778038E-01  0.942400E-02
2005   3  29   9.000  0.293200E+03  0.356499E+03  0.360600E+03  0.153088E+02  0.279279E+03  0.281117E+03  0.716411E+00  0.109603E+00
2005   3  29  10.000  0.296000E+03  0.364258E+03  0.254200E+03  0.107917E+02  0.279936E+03  0.282002E+03  0.317886E+00  0.362072E-01
2005   3  29  11.000  0.317600E+03  0.369499E+03  0.415600E+03  0.176438E+02  0.280842E+03  0.283118E+03  0.127390E+01  0.194531E+00
2005   3  29  12.000  0.325200E+03  0.372964E+03  0.474600E+03  0.201485E+02  0.281089E+03  0.283519E+03  0.151281E+01  0.229148E+00
2005   3  29  13.000  0.328900E+03  0.372247E+03  0.406300E+03  0.172489E+02  0.281089E+03  0.283473E+03  0.159245E+01  0.239920E+00
2005   3  29  14.000  0.328000E+03  0.373978E+03  0.470400E+03  0.199702E+02  0.281171E+03  0.283686E+03  0.143317E+01  0.218330E+00
2005   3  29  15.000  0.337000E+03  0.367276E+03  0.204500E+03  0.868178E+01  0.280760E+03  0.282821E+03  0.127390E+01  0.193049E+00
2005   3  29  16.000  0.338500E+03  0.363377E+03  0.113700E+03  0.482698E+01  0.280513E+03  0.282388E+03  0.636693E+00  0.976146E-01
2005   3  29  17.000  0.343000E+03  0.357005E+03  0.254000E+02  0.107832E+01  0.279772E+03  0.281358E+03  0.636727E+00  0.981825E-01
2005   3  29  18.000  0.326800E+03  0.349338E+03  0.108000E+02  0.458500E+00  0.278703E+03  0.280152E+03  0.111467E+01  0.164265E+00
2005   3  29  19.000  0.336900E+03  0.346190E+03  0.000000E+00  0.000000E+00  0.277602E+03  0.279601E+03  0.180727E+01  0.294794E+00
2005   3  29  20.000  0.342600E+03  0.342734E+03  0.000000E+00  0.000000E+00  0.276962E+03  0.278853E+03  0.167421E+01  0.276863E+00
2005   3  29  21.000  0.308200E+03  0.337221E+03  0.000000E+00  0.000000E+00  0.276943E+03  0.278137E+03  0.716499E+00  0.103999E+00
2005   3  29  22.000  0.338200E+03  0.339128E+03  0.000000E+00  0.000000E+00  0.277222E+03  0.278364E+03  0.716495E+00  0.980561E-01
2005   3  29  23.000  0.343400E+03  0.338440E+03  0.000000E+00  0.000000E+00  0.276763E+03  0.278046E+03  0.145055E+01  0.211401E+00
2005   3  30   0.000  0.341900E+03  0.336814E+03  0.000000E+00  0.000000E+00  0.276464E+03  0.277707E+03  0.138346E+01  0.202607E+00
2005   3  30   1.000  0.342300E+03  0.336740E+03  0.000000E+00  0.000000E+00  0.276646E+03  0.277730E+03  0.135363E+01  0.189164E+00
2005   3  30   2.000  0.344500E+03  0.336872E+03  0.000000E+00  0.000000E+00  0.276646E+03  0.277712E+03  0.119436E+01  0.168499E+00
2005   3  30   3.000  0.344200E+03  0.340225E+03  0.000000E+00  0.000000E+00  0.277344E+03  0.278429E+03  0.157869E+01  0.208123E+00
2005   3  30   4.000  0.342700E+03  0.339526E+03  0.000000E+00  0.000000E+00  0.277140E+03  0.278188E+03  0.103507E+01  0.146519E+00
2005   3  30   5.000  0.343700E+03  0.339712E+03  0.000000E+00  0.000000E+00  0.277222E+03  0.278237E+03  0.796142E+00  0.112956E+00
2005   3  30   6.000  0.344300E+03  0.339453E+03  0.400000E+00  0.169815E-01  0.277081E+03  0.278155E+03  0.148630E+01  0.208334E+00
2005   3  30   7.000  0.343100E+03  0.337734E+03  0.130000E+02  0.551898E+00  0.276570E+03  0.277737E+03  0.139609E+01  0.204113E+00
2005   3  30   8.000  0.343600E+03  0.338076E+03  0.457000E+02  0.194013E+01  0.275987E+03  0.277778E+03  0.160685E+01  0.289426E+00
2005   3  30   9.000  0.345200E+03  0.339021E+03  0.122100E+03  0.518360E+01  0.275881E+03  0.277728E+03  0.148449E+01  0.264729E+00
2005   3  30  10.000  0.349000E+03  0.340106E+03  0.116700E+03  0.495435E+01  0.276482E+03  0.277746E+03  0.796170E+00  0.123109E+00
2005   3  30  11.000  0.344600E+03  0.341565E+03  0.141600E+03  0.601144E+01  0.276646E+03  0.277994E+03  0.716519E+00  0.111070E+00
2005   3  30  12.000  0.352700E+03  0.349257E+03  0.189000E+03  0.802375E+01  0.276646E+03  0.279225E+03  0.397883E+00  0.445134E-01
2005   3  30  13.000  0.356000E+03  0.350469E+03  0.123100E+03  0.522605E+01  0.276646E+03  0.279349E+03  0.318187E+00  0.368490E-01
2005   3  30  14.000  0.355100E+03  0.343506E+03  0.107500E+03  0.456377E+01  0.276482E+03  0.277986E+03  0.636879E+00  0.958552E-01
2005   3  30  15.000  0.356800E+03  0.350803E+03  0.145900E+03  0.619399E+01  0.276399E+03  0.279533E+03  0.158648E+00  0.206464E-01
2005   3  30  16.000  0.354300E+03  0.350872E+03  0.805000E+02  0.341752E+01  0.276563E+03  0.279548E+03  0.158618E+00  0.205693E-01
2005   3  30  17.000  0.326200E+03  0.342623E+03  0.695000E+02  0.295053E+01  0.276975E+03  0.278343E+03  0.557200E+00  0.840286E-01
2005   3  30  18.000  0.321600E+03  0.337051E+03  0.166000E+02  0.704731E+00  0.276564E+03  0.277670E+03  0.875808E+00  0.131079E+00
2005   3  30  19.000  0.320600E+03  0.333479E+03  0.000000E+00  0.000000E+00  0.275868E+03  0.277142E+03  0.134282E+01  0.212330E+00
2005   3  30  20.000  0.321500E+03  0.332017E+03  0.000000E+00  0.000000E+00  0.275988E+03  0.276913E+03  0.875828E+00  0.124984E+00
2005   3  30  21.000  0.323400E+03  0.332197E+03  0.000000E+00  0.000000E+00  0.276153E+03  0.277019E+03  0.875822E+00  0.110263E+00
2005   3  30  22.000  0.321800E+03  0.331560E+03  0.000000E+00  0.000000E+00  0.275988E+03  0.276853E+03  0.557253E+00  0.782447E-01
2005   3  30  23.000  0.319100E+03  0.330936E+03  0.000000E+00  0.000000E+00  0.276071E+03  0.277123E+03  0.636898E+00  0.726235E-01
2005   3  31   0.000  0.316700E+03  0.330124E+03  0.000000E+00  0.000000E+00  0.275988E+03  0.277047E+03  0.397932E+00  0.543743E-01
2005   3  31   1.000  0.299800E+03  0.328024E+03  0.000000E+00  0.000000E+00  0.275712E+03  0.276471E+03  0.557208E+00  0.595011E-01
2005   3  31   2.000  0.258900E+03  0.321402E+03  0.000000E+00  0.000000E+00  0.274867E+03  0.275844E+03  0.716404E+00  0.642916E-01
2005   3  31   3.000  0.251200E+03  0.316982E+03  0.000000E+00  0.000000E+00  0.274340E+03  0.275054E+03  0.636736E+00  0.568175E-01
2005   3  31   4.000  0.245700E+03  0.313472E+03  0.000000E+00  0.000000E+00  0.274189E+03  0.274523E+03  0.716389E+00  0.639189E-01
2005   3  31   5.000  0.268700E+03  0.315121E+03  0.000000E+00  0.000000E+00  0.274934E+03  0.274678E+03  0.557113E+00  0.919667E-01
2005   3  31   6.000  0.312300E+03  0.321132E+03  0.360000E+01  0.152833E+00  0.275659E+03  0.275226E+03  0.636918E+00  0.110015E+00
2005   3  31   7.000  0.321800E+03  0.327127E+03  0.523000E+02  0.222033E+01  0.275904E+03  0.276131E+03  0.786216E-01  0.135208E-01
2005   3  31   8.000  0.321500E+03  0.338626E+03  0.155300E+03  0.659306E+01  0.276399E+03  0.277791E+03  0.158648E+00  0.189931E-01
2005   3  31   9.000  0.328000E+03  0.344607E+03  0.190500E+03  0.808743E+01  0.276564E+03  0.278488E+03  0.477562E+00  0.579166E-01
2005   3  31  10.000  0.331400E+03  0.349987E+03  0.210800E+03  0.894924E+01  0.276975E+03  0.279251E+03  0.477536E+00  0.571106E-01
2005   3  31  11.000  0.332400E+03  0.350072E+03  0.299500E+03  0.127149E+02  0.277634E+03  0.279299E+03  0.127397E+01  0.194104E+00
2005   3  31  12.000  0.333700E+03  0.347191E+03  0.182500E+03  0.774780E+01  0.277551E+03  0.279029E+03  0.143324E+01  0.214384E+00
2005   3  31  13.000  0.334500E+03  0.349732E+03  0.276900E+03  0.117554E+02  0.277798E+03  0.279464E+03  0.159251E+01  0.237115E+00
2005   3  31  14.000  0.337200E+03  0.349695E+03  0.227300E+03  0.964972E+01  0.277798E+03  0.279367E+03  0.103505E+01  0.159069E+00
2005   3  31  15.000  0.333500E+03  0.345297E+03  0.979000E+02  0.415622E+01  0.277551E+03  0.278891E+03  0.119433E+01  0.178572E+00
2005   3  31  16.000  0.331100E+03  0.342440E+03  0.640000E+02  0.271704E+01  0.277305E+03  0.278509E+03  0.955425E+00  0.143532E+00
2005   3  31  17.000  0.328300E+03  0.339696E+03  0.240000E+02  0.101889E+01  0.277058E+03  0.278111E+03  0.477531E+00  0.737768E-01
2005   3  31  18.000  0.336800E+03  0.338854E+03  0.110000E+01  0.466991E-01  0.276810E+03  0.278016E+03  0.158573E+00  0.179914E-01
2005   3  31  19.000  0.345400E+03  0.338341E+03  0.000000E+00  0.000000E+00  0.276564E+03  0.277827E+03  0.238458E+00  0.284089E-01
2005   3  31  20.000  0.331900E+03  0.336142E+03  0.000000E+00  0.000000E+00  0.276482E+03  0.277480E+03  0.238468E+00  0.309552E-01
2005   3  31  21.000  0.320400E+03  0.334011E+03  0.000000E+00  0.000000E+00  0.276399E+03  0.277236E+03  0.238478E+00  0.372505E-01
2005   3  31  22.000  0.318100E+03  0.332722E+03  0.000000E+00  0.000000E+00  0.276399E+03  0.277222E+03  0.158648E+00  0.267695E-01
2005   3  31  23.000  0.281300E+03  0.327410E+03  0.000000E+00  0.000000E+00  0.275640E+03  0.276554E+03  0.397774E+00  0.690013E-01
2005   4   1   0.000  0.259100E+03  0.321767E+03  0.000000E+00  0.000000E+00  0.274694E+03  0.275761E+03  0.477422E+00  0.828184E-01
2005   4   1   1.000  0.248500E+03  0.317969E+03  0.000000E+00  0.000000E+00  0.274797E+03  0.275661E+03  0.955363E+00  0.129972E+00
2005   4   1   2.000  0.244000E+03  0.314710E+03  0.000000E+00  0.000000E+00  0.274463E+03  0.274671E+03  0.796059E+00  0.710489E-01
2005   4   1   3.000  0.242900E+03  0.312053E+03  0.000000E+00  0.000000E+00  0.274475E+03  0.274387E+03  0.955360E+00  0.857205E-01
2005   4   1   4.000  0.241800E+03  0.311742E+03  0.000000E+00  0.000000E+00  0.274493E+03  0.274218E+03  0.636726E+00  0.107511E+00
2005   4   1   5.000  0.240300E+03  0.309596E+03  0.000000E+00  0.000000E+00  0.274414E+03  0.273850E+03  0.796051E+00  0.711366E-01
2005   4   1   6.000  0.239700E+03  0.309603E+03  0.520000E+01  0.220966E+00  0.273885E+03  0.273773E+03  0.636723E+00  0.108015E+00
2005   4   1   7.000  0.239700E+03  0.310828E+03  0.319000E+02  0.135588E+01  0.274363E+03  0.273998E+03  0.477354E+00  0.738955E-01
2005   4   1   8.000  0.241600E+03  0.313257E+03  0.538000E+02  0.228712E+01  0.275045E+03  0.274331E+03  0.397635E+00  0.647355E-01
2005   4   1   9.000  0.247200E+03  0.328611E+03  0.234200E+03  0.994898E+01  0.276975E+03  0.276630E+03  0.318156E+00  0.501664E-01
2005   4   1  10.000  0.261200E+03  0.347321E+03  0.575600E+03  0.244363E+02  0.277551E+03  0.279219E+03  0.111470E+01  0.173064E+00
2005   4   1  11.000  0.272300E+03  0.355825E+03  0.632500E+03  0.268520E+02  0.278292E+03  0.280401E+03  0.167213E+01  0.252169E+00
2005   4   1  12.000  0.279400E+03  0.363620E+03  0.766600E+03  0.325450E+02  0.278619E+03  0.281627E+03  0.186618E+01  0.309463E+00
2005   4   1  13.000  0.288400E+03  0.363885E+03  0.595800E+03  0.252939E+02  0.279307E+03  0.281763E+03  0.186162E+01  0.286325E+00
2005   4   1  14.000  0.286900E+03  0.363836E+03  0.561800E+03  0.238505E+02  0.278757E+03  0.282057E+03  0.205010E+01  0.361104E+00
2005   4   1  15.000  0.297600E+03  0.361135E+03  0.394400E+03  0.167437E+02  0.279075E+03  0.281698E+03  0.193921E+01  0.315434E+00
2005   4   1  16.000  0.297300E+03  0.358530E+03  0.286500E+03  0.121630E+02  0.279508E+03  0.281505E+03  0.187555E+01  0.279675E+00
2005   4   1  17.000  0.271100E+03  0.349949E+03  0.912000E+02  0.387178E+01  0.279100E+03  0.280478E+03  0.103147E+01  0.153403E+00
2005   4   1  18.000  0.253600E+03  0.340631E+03  0.168000E+02  0.713222E+00  0.277659E+03  0.279089E+03  0.316478E+00  0.356869E-01
2005   4   1  19.000  0.245900E+03  0.331884E+03  0.000000E+00  0.000000E+00  0.276597E+03  0.277766E+03  0.396014E+00  0.683000E-01
2005   4   1  20.000  0.243000E+03  0.327060E+03  0.000000E+00  0.000000E+00  0.276057E+03  0.276904E+03  0.872499E+00  0.922351E-01
2005   4   1  21.000  0.242900E+03  0.323618E+03  0.000000E+00  0.000000E+00  0.276305E+03  0.276385E+03  0.872540E+00  0.812330E-01
2005   4   1  22.000  0.240400E+03  0.319894E+03  0.000000E+00  0.000000E+00  0.276349E+03  0.275861E+03  0.793175E+00  0.710692E-01
2005   4   1  23.000  0.237800E+03  0.317382E+03  0.000000E+00  0.000000E+00  0.276110E+03  0.275423E+03  0.872582E+00  0.781571E-01
2005   4   2   0.000  0.237300E+03  0.319187E+03  0.000000E+00  0.000000E+00  0.276591E+03  0.275997E+03  0.134892E+01  0.184845E+00
2005   4   2   1.000  0.236000E+03  0.323396E+03  0.000000E+00  0.000000E+00  0.276829E+03  0.276403E+03  0.216356E+01  0.254646E+00
2005   4   2   2.000  0.238000E+03  0.324845E+03  0.000000E+00  0.000000E+00  0.276904E+03  0.276524E+03  0.198451E+01  0.233081E+00
2005   4   2   3.000  0.240500E+03  0.333476E+03  0.000000E+00  0.000000E+00  0.275950E+03  0.277991E+03  0.233665E+01  0.338460E+00
2005   4   2   4.000  0.244100E+03  0.335451E+03  0.000000E+00  0.000000E+00  0.275964E+03  0.278198E+03  0.226134E+01  0.341493E+00
2005   4   2   5.000  0.246100E+03  0.328612E+03  0.000000E+00  0.000000E+00  0.276874E+03  0.276884E+03  0.634983E+00  0.568387E-01
2005   4   2   6.000  0.244200E+03  0.324648E+03  0.620000E+01  0.263213E+00  0.276864E+03  0.276330E+03  0.396346E+00  0.650975E-01
2005   4   2   7.000  0.245100E+03  0.325776E+03  0.294000E+02  0.124814E+01  0.277646E+03  0.276522E+03  0.555488E+00  0.871570E-01
2005   4   2   8.000  0.250600E+03  0.337376E+03  0.158200E+03  0.671617E+01  0.279569E+03  0.278249E+03  0.150936E+01  0.141852E+00
2005   4   2   9.000  0.261700E+03  0.360474E+03  0.535200E+03  0.227212E+02  0.280091E+03  0.282065E+03  0.873801E+00  0.135044E+00
2005   4   2  10.000  0.265700E+03  0.370788E+03  0.673400E+03  0.285883E+02  0.280811E+03  0.283362E+03  0.166267E+01  0.251846E+00
2005   4   2  11.000  0.269700E+03  0.379623E+03  0.762600E+03  0.323752E+02  0.281758E+03  0.284690E+03  0.157427E+01  0.242050E+00
2005   4   2  12.000  0.273000E+03  0.382117E+03  0.795200E+03  0.337592E+02  0.281874E+03  0.284988E+03  0.187505E+01  0.288111E+00
2005   4   2  13.000  0.274300E+03  0.387049E+03  0.778200E+03  0.330375E+02  0.282543E+03  0.285809E+03  0.131543E+01  0.208940E+00
2005   4   2  14.000  0.272200E+03  0.383737E+03  0.713900E+03  0.303077E+02  0.282157E+03  0.285423E+03  0.183881E+01  0.287561E+00
2005   4   2  15.000  0.269900E+03  0.381535E+03  0.580000E+03  0.246231E+02  0.282226E+03  0.285539E+03  0.194305E+01  0.306938E+00
2005   4   2  16.000  0.262600E+03  0.377799E+03  0.413500E+03  0.175546E+02  0.282262E+03  0.285195E+03  0.134718E+01  0.216430E+00
2005   4   2  17.000  0.254800E+03  0.365465E+03  0.177400E+03  0.753128E+01  0.281038E+03  0.283436E+03  0.141094E+01  0.223096E+00
2005   4   2  18.000  0.245400E+03  0.353775E+03  0.105000E+02  0.445764E+00  0.279839E+03  0.281800E+03  0.140595E+01  0.192396E+00
2005   4   2  19.000  0.238400E+03  0.344567E+03  0.000000E+00  0.000000E+00  0.278345E+03  0.280249E+03  0.163040E+01  0.216645E+00
2005   4   2  20.000  0.235300E+03  0.337568E+03  0.000000E+00  0.000000E+00  0.277986E+03  0.279459E+03  0.133273E+01  0.197912E+00
2005   4   2  21.000  0.228600E+03  0.339125E+03  0.000000E+00  0.000000E+00  0.276320E+03  0.279415E+03  0.168568E+01  0.327084E+00
2005   4   2  22.000  0.228800E+03  0.333871E+03  0.000000E+00  0.000000E+00  0.277654E+03  0.278753E+03  0.155776E+01  0.180098E+00
2005   4   2  23.000  0.232000E+03  0.330889E+03  0.000000E+00  0.000000E+00  0.277263E+03  0.278322E+03  0.163306E+01  0.240720E+00
2005   4   3   0.000  0.233000E+03  0.335998E+03  0.000000E+00  0.000000E+00  0.275804E+03  0.278755E+03  0.170700E+01  0.329425E+00
2005   4   3   1.000  0.235200E+03  0.334281E+03  0.000000E+00  0.000000E+00  0.276082E+03  0.278344E+03  0.162478E+01  0.229813E+00
2005   4   3   2.000  0.234800E+03  0.330544E+03  0.000000E+00  0.000000E+00  0.276269E+03  0.277792E+03  0.163929E+01  0.192234E+00
2005   4   3   3.000  0.234000E+03  0.329550E+03  0.000000E+00  0.000000E+00  0.275936E+03  0.277730E+03  0.164849E+01  0.242057E+00
2005   4   3   4.000  0.231300E+03  0.327018E+03  0.000000E+00  0.000000E+00  0.276690E+03  0.277408E+03  0.156198E+01  0.232437E+00
2005   4   3   5.000  0.225600E+03  0.325937E+03  0.000000E+00  0.000000E+00  0.275533E+03  0.277151E+03  0.166486E+01  0.247958E+00
2005   4   3   6.000  0.217900E+03  0.321991E+03  0.460000E+01  0.195287E+00  0.275350E+03  0.276291E+03  0.888649E+00  0.165559E+00
2005   4   3   7.000  0.221500E+03  0.318550E+03  0.261000E+02  0.110804E+01  0.275962E+03  0.275872E+03  0.662975E+00  0.641958E-01
2005   4   3   8.000  0.229800E+03  0.329835E+03  0.189500E+03  0.804497E+01  0.277816E+03  0.277554E+03  0.287740E+00  0.508263E-01
2005   4   3   9.000  0.245100E+03  0.353345E+03  0.553600E+03  0.235024E+02  0.278764E+03  0.280902E+03  0.889779E+00  0.148038E+00
2005   4   3  10.000  0.250100E+03  0.365616E+03  0.699200E+03  0.296836E+02  0.279717E+03  0.282592E+03  0.153780E+01  0.252121E+00
2005   4   3  11.000  0.255800E+03  0.374671E+03  0.792200E+03  0.336318E+02  0.280398E+03  0.283935E+03  0.142950E+01  0.264741E+00
2005   4   3  12.000  0.263000E+03  0.379187E+03  0.825800E+03  0.350583E+02  0.290352E+03  0.284483E+03  0.943191E+00  0.266069E+00
2005   4   3  13.000  0.264700E+03  0.381551E+03  0.814300E+03  0.345700E+02  0.285498E+03  0.284884E+03  0.105939E+01  0.254999E+00
2005   4   3  14.000  0.259300E+03  0.382599E+03  0.733600E+03  0.311440E+02  0.288215E+03  0.285340E+03  0.911535E+00  0.242865E+00
2005   4   3  15.000  0.257800E+03  0.381747E+03  0.597300E+03  0.253576E+02  0.286652E+03  0.285506E+03  0.872539E+00  0.219056E+00
2005   4   3  16.000  0.258700E+03  0.377688E+03  0.418700E+03  0.177754E+02  0.285569E+03  0.285243E+03  0.107314E+01  0.238950E+00
2005   4   3  17.000  0.253400E+03  0.367092E+03  0.182500E+03  0.774780E+01  0.283335E+03  0.283794E+03  0.478341E+00  0.201004E+00
2005   4   3  18.000  0.247200E+03  0.353973E+03  0.800000E+01  0.339630E+00  0.280347E+03  0.281867E+03  0.148489E+00  0.347663E-01
2005   4   3  19.000  0.242300E+03  0.344249E+03  0.000000E+00  0.000000E+00  0.279232E+03  0.280328E+03  0.686201E+00  0.113875E+00
2005   4   3  20.000  0.244300E+03  0.338577E+03  0.000000E+00  0.000000E+00  0.278973E+03  0.279568E+03  0.758237E+00  0.127086E+00
2005   4   3  21.000  0.243000E+03  0.331736E+03  0.000000E+00  0.000000E+00  0.278582E+03  0.278499E+03  0.460851E+00  0.501225E-01
2005   4   3  22.000  0.239900E+03  0.331214E+03  0.000000E+00  0.000000E+00  0.277545E+03  0.278519E+03  0.113018E+01  0.206735E+00
2005   4   3  23.000  0.237700E+03  0.330298E+03  0.000000E+00  0.000000E+00  0.277596E+03  0.278211E+03  0.119629E+01  0.207335E+00
2005   4   4   0.000  0.230000E+03  0.326704E+03  0.000000E+00  0.000000E+00  0.277349E+03  0.277832E+03  0.972327E+00  0.154862E+00
2005   4   4   1.000  0.229200E+03  0.322972E+03  0.000000E+00  0.000000E+00  0.277067E+03  0.276797E+03  0.752099E+00  0.781335E-01
2005   4   4   2.000  0.231100E+03  0.326626E+03  0.000000E+00  0.000000E+00  0.277267E+03  0.277278E+03  0.104362E+01  0.174780E+00
2005   4   4   3.000  0.231800E+03  0.325864E+03  0.000000E+00  0.000000E+00  0.276787E+03  0.277377E+03  0.131931E+01  0.210069E+00
2005   4   4   4.000  0.232200E+03  0.326344E+03  0.000000E+00  0.000000E+00  0.276267E+03  0.277261E+03  0.129392E+01  0.193878E+00
2005   4   4   5.000  0.231700E+03  0.324165E+03  0.000000E+00  0.000000E+00  0.276608E+03  0.276976E+03  0.111668E+01  0.152460E+00
2005   4   4   6.000  0.230800E+03  0.320998E+03  0.710000E+01  0.301421E+00  0.276073E+03  0.276148E+03  0.752506E+00  0.781173E-01
2005   4   4   7.000  0.233400E+03  0.321102E+03  0.293000E+02  0.124389E+01  0.276644E+03  0.276179E+03  0.304237E+00  0.584845E-01
2005   4   4   8.000  0.237700E+03  0.334617E+03  0.210400E+03  0.893226E+01  0.280721E+03  0.278258E+03  0.179725E+00  0.638185E-01
2005   4   4   9.000  0.250300E+03  0.358217E+03  0.553400E+03  0.234939E+02  0.286938E+03  0.281684E+03  0.309978E+00  0.109126E+00
2005   4   4  10.000  0.254900E+03  0.368228E+03  0.695700E+03  0.295350E+02  0.285697E+03  0.282890E+03  0.797850E+00  0.218862E+00
2005   4   4  11.000  0.261800E+03  0.375449E+03  0.781100E+03  0.331606E+02  0.287590E+03  0.283935E+03  0.884390E+00  0.242770E+00
2005   4   4  12.000  0.267900E+03  0.380835E+03  0.824000E+03  0.349818E+02  0.287896E+03  0.284795E+03  0.101560E+01  0.265879E+00
2005   4   4  13.000  0.264300E+03  0.384021E+03  0.815600E+03  0.346252E+02  0.289179E+03  0.285348E+03  0.879785E+00  0.243575E+00
2005   4   4  14.000  0.264600E+03  0.383051E+03  0.726600E+03  0.308469E+02  0.287776E+03  0.285358E+03  0.984669E+00  0.254369E+00
2005   4   4  15.000  0.265400E+03  0.380799E+03  0.588800E+03  0.249967E+02  0.286848E+03  0.285380E+03  0.115471E+01  0.274544E+00
2005   4   4  16.000  0.262900E+03  0.375168E+03  0.411200E+03  0.174570E+02  0.285559E+03  0.284715E+03  0.102417E+01  0.239234E+00
2005   4   4  17.000  0.257500E+03  0.367027E+03  0.183200E+03  0.777752E+01  0.283818E+03  0.283793E+03  0.660583E+00  0.145775E+00
2005   4   4  18.000  0.251500E+03  0.355259E+03  0.121000E+02  0.513690E+00  0.281592E+03  0.281851E+03  0.622416E+00  0.915578E-01
2005   4   4  19.000  0.245400E+03  0.345960E+03  0.000000E+00  0.000000E+00  0.280292E+03  0.280704E+03  0.904107E+00  0.156319E+00
2005   4   4  20.000  0.243900E+03  0.339926E+03  0.000000E+00  0.000000E+00  0.279831E+03  0.279648E+03  0.692308E+00  0.768854E-01
2005   4   4  21.000  0.242500E+03  0.334809E+03  0.000000E+00  0.000000E+00  0.279050E+03  0.279206E+03  0.909221E+00  0.139452E+00
2005   4   4  22.000  0.243500E+03  0.330634E+03  0.000000E+00  0.000000E+00  0.279030E+03  0.278194E+03  0.689160E+00  0.710583E-01
2005   4   4  23.000  0.246100E+03  0.328539E+03  0.000000E+00  0.000000E+00  0.277996E+03  0.277945E+03  0.984415E+00  0.128545E+00
2005   4   5   0.000  0.245900E+03  0.325382E+03  0.000000E+00  0.000000E+00  0.278001E+03  0.277241E+03  0.688651E+00  0.711052E-01
2005   4   5   1.000  0.243900E+03  0.325157E+03  0.000000E+00  0.000000E+00  0.277515E+03  0.276997E+03  0.906216E+00  0.967474E-01
2005   4   5   2.000  0.244000E+03  0.322823E+03  0.000000E+00  0.000000E+00  0.277334E+03  0.276716E+03  0.905206E+00  0.925786E-01
2005   4   5   3.000  0.243100E+03  0.325578E+03  0.000000E+00  0.000000E+00  0.277153E+03  0.277012E+03  0.976713E+00  0.160025E+00
2005   4   5   4.000  0.244600E+03  0.327069E+03  0.000000E+00  0.000000E+00  0.276792E+03  0.277325E+03  0.112782E+01  0.219270E+00
2005   4   5   5.000  0.243500E+03  0.326684E+03  0.000000E+00  0.000000E+00  0.276762E+03  0.277014E+03  0.902981E+00  0.162109E+00
2005   4   5   6.000  0.244800E+03  0.325093E+03  0.134000E+02  0.568879E+00  0.276326E+03  0.276886E+03  0.109097E+01  0.143881E+00
2005   4   5   7.000  0.250300E+03  0.331854E+03  0.594000E+02  0.252175E+01  0.277709E+03  0.277898E+03  0.985070E+00  0.246066E+00
2005   4   5   8.000  0.259900E+03  0.346814E+03  0.231400E+03  0.982378E+01  0.281858E+03  0.279979E+03  0.756100E+00  0.107290E+00
2005   4   5   9.000  0.277400E+03  0.363072E+03  0.491500E+03  0.208660E+02  0.285531E+03  0.282465E+03  0.632489E+00  0.182968E+00
2005   4   5  10.000  0.275900E+03  0.369416E+03  0.584700E+03  0.248227E+02  0.285652E+03  0.283131E+03  0.812809E+00  0.218390E+00
2005   4   5  11.000  0.293300E+03  0.373858E+03  0.618800E+03  0.262703E+02  0.286668E+03  0.283665E+03  0.850769E+00  0.230694E+00
2005   4   5  12.000  0.315700E+03  0.375083E+03  0.647600E+03  0.274930E+02  0.285047E+03  0.283750E+03  0.151705E+01  0.341509E+00
2005   4   5  13.000  0.328300E+03  0.370633E+03  0.507300E+03  0.215368E+02  0.283632E+03  0.283063E+03  0.175685E+01  0.372163E+00
2005   4   5  14.000  0.319900E+03  0.369889E+03  0.490200E+03  0.208108E+02  0.284113E+03  0.283198E+03  0.167448E+01  0.360098E+00
2005   4   5  15.000  0.320900E+03  0.364438E+03  0.341400E+03  0.144937E+02  0.282692E+03  0.282334E+03  0.147935E+01  0.315019E+00
2005   4   5  16.000  0.323300E+03  0.358152E+03  0.166200E+03  0.705580E+01  0.281961E+03  0.281454E+03  0.808021E+00  0.192128E+00
2005   4   5  17.000  0.321100E+03  0.353735E+03  0.888000E+02  0.376989E+01  0.281900E+03  0.280836E+03  0.262283E+00  0.851444E-01
2005   4   5  18.000  0.317000E+03  0.349586E+03  0.149000E+02  0.632560E+00  0.280468E+03  0.280430E+03  0.100283E+00  0.286891E-01
2005   4   5  19.000  0.310500E+03  0.344652E+03  0.000000E+00  0.000000E+00  0.279430E+03  0.279603E+03  0.381606E+00  0.818262E-01
2005   4   5  20.000  0.315300E+03  0.342892E+03  0.000000E+00  0.000000E+00  0.279352E+03  0.279406E+03  0.585125E+00  0.891849E-01
2005   4   5  21.000  0.308300E+03  0.340472E+03  0.000000E+00  0.000000E+00  0.279055E+03  0.279320E+03  0.332385E+00  0.917296E-01
2005   4   5  22.000  0.316400E+03  0.339170E+03  0.000000E+00  0.000000E+00  0.279270E+03  0.278886E+03  0.522118E-01  0.133893E-01
2005   4   5  23.000  0.288100E+03  0.337087E+03  0.000000E+00  0.000000E+00  0.278857E+03  0.278628E+03  0.700663E+00  0.127431E+00
2005   4   6   0.000  0.288800E+03  0.337470E+03  0.000000E+00  0.000000E+00  0.279125E+03  0.278642E+03  0.770472E+00  0.152083E+00
2005   4   6   1.000  0.319300E+03  0.340520E+03  0.000000E+00  0.000000E+00  0.279636E+03  0.279068E+03  0.637946E+00  0.130494E+00
2005   4   6   2.000  0.316100E+03  0.341871E+03  0.000000E+00  0.000000E+00  0.279327E+03  0.279190E+03  0.694405E+00  0.176228E+00
2005   4   6   3.000  0.306900E+03  0.343439E+03  0.000000E+00  0.000000E+00  0.279613E+03  0.279411E+03  0.838479E+00  0.165264E+00
2005   4   6   4.000  0.290400E+03  0.342539E+03  0.000000E+00  0.000000E+00  0.279659E+03  0.279327E+03  0.950859E+00  0.182566E+00
2005   4   6   5.000  0.267100E+03  0.338489E+03  0.000000E+00  0.000000E+00  0.278067E+03  0.278861E+03  0.974437E+00  0.187924E+00
2005   4   6   6.000  0.264700E+03  0.335975E+03  0.207000E+02  0.878791E+00  0.278755E+03  0.278571E+03  0.765022E+00  0.122274E+00
2005   4   6   7.000  0.274200E+03  0.340120E+03  0.928000E+02  0.393970E+01  0.279904E+03  0.279041E+03  0.193187E+00  0.356441E-01
2005   4   6   8.000  0.278200E+03  0.351116E+03  0.215800E+03  0.916151E+01  0.282713E+03  0.280840E+03  0.148796E+00  0.460611E-01
2005   4   6   9.000  0.274300E+03  0.365898E+03  0.494000E+03  0.209721E+02  0.288387E+03  0.282836E+03  0.312164E+00  0.108479E+00
2005   4   6  10.000  0.280100E+03  0.378525E+03  0.663200E+03  0.281553E+02  0.289570E+03  0.284689E+03  0.530194E+00  0.171945E+00
2005   4   6  11.000  0.283400E+03  0.386115E+03  0.761900E+03  0.323455E+02  0.290843E+03  0.285645E+03  0.628549E+00  0.196986E+00
2005   4   6  12.000  0.287300E+03  0.388434E+03  0.773000E+03  0.328167E+02  0.289666E+03  0.286000E+03  0.828144E+00  0.232226E+00
2005   4   6  13.000  0.288100E+03  0.391728E+03  0.751100E+03  0.318870E+02  0.289586E+03  0.286888E+03  0.109322E+01  0.276273E+00
2005   4   6  14.000  0.289200E+03  0.390114E+03  0.666000E+03  0.282742E+02  0.288779E+03  0.286660E+03  0.112068E+01  0.275824E+00
2005   4   6  15.000  0.287600E+03  0.386955E+03  0.546800E+03  0.232137E+02  0.287945E+03  0.286439E+03  0.115530E+01  0.274502E+00
2005   4   6  16.000  0.295300E+03  0.378629E+03  0.279300E+03  0.118573E+02  0.285691E+03  0.285351E+03  0.101792E+01  0.226524E+00
2005   4   6  17.000  0.308400E+03  0.374068E+03  0.179700E+03  0.762893E+01  0.285253E+03  0.284796E+03  0.102307E+01  0.222493E+00
2005   4   6  18.000  0.299600E+03  0.366124E+03  0.253000E+02  0.107408E+01  0.283572E+03  0.283744E+03  0.400583E+00  0.134837E+00
2005   4   6  19.000  0.291300E+03  0.357942E+03  0.000000E+00  0.000000E+00  0.281950E+03  0.282406E+03  0.491340E+00  0.120561E+00
2005   4   6  20.000  0.325100E+03  0.356388E+03  0.000000E+00  0.000000E+00  0.282489E+03  0.282017E+03  0.318567E+00  0.665773E-01
2005   4   6  21.000  0.325100E+03  0.355109E+03  0.000000E+00  0.000000E+00  0.282128E+03  0.281777E+03  0.435718E+00  0.145033E+00
2005   4   6  22.000  0.327300E+03  0.356657E+03  0.000000E+00  0.000000E+00  0.282010E+03  0.281940E+03  0.130681E+01  0.319766E+00
2005   4   6  23.000  0.314800E+03  0.352733E+03  0.000000E+00  0.000000E+00  0.281133E+03  0.281398E+03  0.454714E+00  0.113600E+00
2005   4   7   0.000  0.310200E+03  0.349971E+03  0.000000E+00  0.000000E+00  0.280919E+03  0.281041E+03  0.525241E+00  0.121608E+00
2005   4   7   1.000  0.316100E+03  0.352321E+03  0.000000E+00  0.000000E+00  0.280894E+03  0.281220E+03  0.701831E+00  0.221863E+00
2005   4   7   2.000  0.292900E+03  0.347855E+03  0.000000E+00  0.000000E+00  0.280358E+03  0.280724E+03  0.743101E+00  0.152181E+00
2005   4   7   3.000  0.323900E+03  0.348255E+03  0.000000E+00  0.000000E+00  0.281105E+03  0.280484E+03  0.487523E+00  0.497139E-01
2005   4   7   4.000  0.300400E+03  0.345578E+03  0.000000E+00  0.000000E+00  0.280074E+03  0.280286E+03  0.729730E+00  0.133853E+00
2005   4   7   5.000  0.310300E+03  0.344805E+03  0.000000E+00  0.000000E+00  0.280117E+03  0.280080E+03  0.664091E+00  0.956475E-01
2005   4   7   6.000  0.315100E+03  0.349274E+03  0.840000E+01  0.356611E+00  0.280079E+03  0.280601E+03  0.800541E+00  0.274484E+00
2005   4   7   7.000  0.313500E+03  0.353675E+03  0.643000E+02  0.272977E+01  0.281781E+03  0.281352E+03  0.105632E+01  0.195756E+00
2005   4   7   8.000  0.328100E+03  0.354645E+03  0.141700E+03  0.601569E+01  0.281236E+03  0.281108E+03  0.167941E+01  0.346540E+00
2005   4   7   9.000  0.337200E+03  0.359457E+03  0.180800E+03  0.767563E+01  0.282337E+03  0.281909E+03  0.113831E+01  0.242528E+00
2005   4   7  10.000  0.345700E+03  0.359897E+03  0.151900E+03  0.644872E+01  0.282015E+03  0.281820E+03  0.110079E+01  0.233043E+00
2005   4   7  11.000  0.364000E+03  0.358081E+03  0.192000E+03  0.815111E+01  0.282242E+03  0.281014E+03  0.753093E+00  0.193283E+00
2005   4   7  12.000  0.343900E+03  0.362839E+03  0.281200E+03  0.119380E+02  0.283966E+03  0.282161E+03  0.729629E+00  0.192294E+00
2005   4   7  13.000  0.361800E+03  0.365400E+03  0.145500E+03  0.617701E+01  0.284101E+03  0.282285E+03  0.187336E+00  0.448879E-01
2005   4   7  14.000  0.340900E+03  0.359968E+03  0.162400E+03  0.689448E+01  0.282491E+03  0.281639E+03  0.605313E+00  0.158804E+00
2005   4   7  15.000  0.331700E+03  0.354808E+03  0.168300E+03  0.714496E+01  0.281621E+03  0.280759E+03  0.716284E+00  0.181340E+00
2005   4   7  16.000  0.334000E+03  0.352434E+03  0.109600E+03  0.465292E+01  0.281367E+03  0.280500E+03  0.489684E+00  0.133971E+00
2005   4   7  17.000  0.327900E+03  0.349007E+03  0.675000E+02  0.286562E+01  0.280490E+03  0.280023E+03  0.460480E+00  0.121967E+00
2005   4   7  18.000  0.325900E+03  0.347006E+03  0.139000E+02  0.590106E+00  0.280092E+03  0.280011E+03  0.462288E-01  0.103341E-01
2005   4   7  19.000  0.325300E+03  0.343728E+03  0.000000E+00  0.000000E+00  0.279419E+03  0.279379E+03  0.104676E+00  0.286752E-01
2005   4   7  20.000  0.329700E+03  0.342157E+03  0.000000E+00  0.000000E+00  0.279143E+03  0.279190E+03  0.462288E-01  0.101749E-01
2005   4   7  21.000  0.333600E+03  0.341348E+03  0.000000E+00  0.000000E+00  0.279065E+03  0.279029E+03  0.462288E-01  0.100399E-01
2005   4   7  22.000  0.328100E+03  0.339758E+03  0.000000E+00  0.000000E+00  0.278809E+03  0.278795E+03  0.801128E-01  0.180656E-01
2005   4   7  23.000  0.327000E+03  0.338501E+03  0.000000E+00  0.000000E+00  0.278434E+03  0.278567E+03  0.462288E-01  0.997254E-02
2005   4   8   0.000  0.335500E+03  0.337927E+03  0.000000E+00  0.000000E+00  0.278451E+03  0.278185E+03  0.110547E+00  0.288946E-01
2005   4   8   1.000  0.334600E+03  0.335995E+03  0.000000E+00  0.000000E+00  0.278118E+03  0.277528E+03  0.135548E+00  0.476917E-01
2005   4   8   2.000  0.335800E+03  0.335630E+03  0.000000E+00  0.000000E+00  0.277757E+03  0.277603E+03  0.310917E+00  0.839895E-01
2005   4   8   3.000  0.335200E+03  0.335530E+03  0.000000E+00  0.000000E+00  0.278107E+03  0.277521E+03  0.108206E+00  0.359448E-01
2005   4   8   4.000  0.335000E+03  0.335798E+03  0.000000E+00  0.000000E+00  0.277967E+03  0.277945E+03  0.462288E-01  0.969922E-02
2005   4   8   5.000  0.343600E+03  0.334856E+03  0.000000E+00  0.000000E+00  0.277403E+03  0.277238E+03  0.365036E+00  0.952968E-01
2005   4   8   6.000  0.340800E+03  0.332064E+03  0.500000E+00  0.212268E-01  0.276612E+03  0.276677E+03  0.553423E+00  0.132321E+00
2005   4   8   7.000  0.336700E+03  0.326408E+03  0.190000E+02  0.806901E+00  0.274418E+03  0.275536E+03  0.753837E+00  0.168374E+00
2005   4   8   8.000  0.332700E+03  0.326146E+03  0.553000E+02  0.234791E+01  0.275096E+03  0.275613E+03  0.129182E+01  0.259083E+00
2005   4   8   9.000  0.337000E+03  0.328597E+03  0.107400E+03  0.455967E+01  0.275907E+03  0.275904E+03  0.152627E+01  0.305666E+00
2005   4   8  10.000  0.336100E+03  0.327890E+03  0.118800E+03  0.504366E+01  0.276649E+03  0.275454E+03  0.576053E+00  0.158059E+00
2005   4   8  11.000  0.339100E+03  0.328320E+03  0.167300E+03  0.710348E+01  0.278350E+03  0.275278E+03  0.317562E+00  0.110058E+00
2005   4   8  12.000  0.334900E+03  0.327452E+03  0.230700E+03  0.979650E+01  0.275174E+03  0.275239E+03  0.144460E+01  0.291124E+00
2005   4   8  13.000  0.335500E+03  0.328853E+03  0.281400E+03  0.119486E+02  0.276810E+03  0.275389E+03  0.112204E+01  0.260369E+00
2005   4   8  14.000  0.330000E+03  0.326870E+03  0.214700E+03  0.911580E+01  0.275003E+03  0.275157E+03  0.159896E+01  0.323111E+00
2005   4   8  15.000  0.336200E+03  0.331234E+03  0.152300E+03  0.646593E+01  0.278994E+03  0.276129E+03  0.229661E+00  0.575731E-01
2005   4   8  16.000  0.332400E+03  0.323850E+03  0.105100E+03  0.446239E+01  0.274067E+03  0.274499E+03  0.101297E+01  0.214543E+00
2005   4   8  17.000  0.325800E+03  0.317787E+03  0.518000E+02  0.219979E+01  0.273041E+03  0.273616E+03  0.715015E+00  0.154398E+00
2005   4   8  18.000  0.326600E+03  0.317063E+03  0.120000E+02  0.511013E+00  0.273112E+03  0.273493E+03  0.285043E+00  0.617171E-01
2005   4   8  19.000  0.322400E+03  0.316697E+03  0.000000E+00  0.000000E+00  0.273175E+03  0.273525E+03  0.119026E+00  0.365182E-01
2005   4   8  20.000  0.318900E+03  0.315184E+03  0.000000E+00  0.000000E+00  0.272884E+03  0.273059E+03  0.140172E+00  0.309862E-01
2005   4   8  21.000  0.317300E+03  0.314269E+03  0.000000E+00  0.000000E+00  0.272679E+03  0.273161E+03  0.137355E+00  0.291287E-01
2005   4   8  22.000  0.316700E+03  0.313918E+03  0.000000E+00  0.000000E+00  0.272520E+03  0.272946E+03  0.545193E-01  0.102982E-01
2005   4   8  23.000  0.318300E+03  0.313775E+03  0.000000E+00  0.000000E+00  0.272491E+03  0.272819E+03  0.574168E-01  0.102490E-01
2005   4   9   0.000  0.322800E+03  0.314676E+03  0.000000E+00  0.000000E+00  0.272550E+03  0.273484E+03  0.577110E-01  0.102606E-01
2005   4   9   1.000  0.323300E+03  0.315078E+03  0.000000E+00  0.000000E+00  0.272425E+03  0.273579E+03  0.578143E-01  0.105076E-01
2005   4   9   2.000  0.324200E+03  0.315375E+03  0.000000E+00  0.000000E+00  0.272425E+03  0.273557E+03  0.577911E-01  0.105570E-01
2005   4   9   3.000  0.324000E+03  0.315194E+03  0.000000E+00  0.000000E+00  0.272291E+03  0.273364E+03  0.586006E-01  0.106782E-01
2005   4   9   4.000  0.319700E+03  0.314369E+03  0.000000E+00  0.000000E+00  0.272153E+03  0.273185E+03  0.595205E-01  0.107062E-01
2005   4   9   5.000  0.315800E+03  0.312617E+03  0.000000E+00  0.000000E+00  0.272231E+03  0.272655E+03  0.178694E+00  0.280905E-01
2005   4   9   6.000  0.315100E+03  0.311665E+03  0.350000E+01  0.152685E+00  0.271991E+03  0.272507E+03  0.127258E+00  0.189616E-01
2005   4   9   7.000  0.319400E+03  0.313020E+03  0.208000E+02  0.910792E+00  0.272141E+03  0.272659E+03  0.654214E-01  0.105261E-01
2005   4   9   8.000  0.319200E+03  0.312077E+03  0.384000E+02  0.168489E+01  0.272250E+03  0.272276E+03  0.401189E+00  0.752593E-01
2005   4   9   9.000  0.323200E+03  0.313998E+03  0.128000E+03  0.563697E+01  0.272356E+03  0.272512E+03  0.487765E+00  0.887155E-01
2005   4   9  10.000  0.322500E+03  0.313812E+03  0.147700E+03  0.652787E+01  0.272186E+03  0.272515E+03  0.105923E+01  0.171644E+00
2005   4   9  11.000  0.319900E+03  0.312886E+03  0.156400E+03  0.695610E+01  0.271996E+03  0.272391E+03  0.138289E+01  0.218260E+00
2005   4   9  12.000  0.323300E+03  0.312777E+03  0.140300E+03  0.629269E+01  0.272020E+03  0.272348E+03  0.113361E+01  0.186405E+00
2005   4   9  13.000  0.324400E+03  0.314439E+03  0.203500E+03  0.924832E+01  0.272265E+03  0.272592E+03  0.106384E+01  0.179964E+00
2005   4   9  14.000  0.315700E+03  0.312420E+03  0.109300E+03  0.512016E+01  0.272071E+03  0.272305E+03  0.147041E+01  0.247354E+00
2005   4   9  15.000  0.317500E+03  0.311178E+03  0.801000E+02  0.401186E+01  0.271908E+03  0.272011E+03  0.146189E+01  0.264154E+00
2005   4   9  16.000  0.317400E+03  0.310839E+03  0.735000E+02  0.402530E+01  0.271908E+03  0.271959E+03  0.146189E+01  0.278437E+00
2005   4   9  17.000  0.317500E+03  0.309656E+03  0.375000E+02  0.207610E+01  0.271639E+03  0.271700E+03  0.164224E+01  0.305865E+00
2005   4   9  18.000  0.317300E+03  0.308363E+03  0.610000E+01  0.338188E+00  0.271397E+03  0.271438E+03  0.164756E+01  0.303310E+00
2005   4   9  19.000  0.317000E+03  0.307629E+03  0.000000E+00  0.000000E+00  0.271306E+03  0.271293E+03  0.193601E+01  0.356765E+00
2005   4   9  20.000  0.316300E+03  0.306759E+03  0.000000E+00  0.000000E+00  0.271106E+03  0.271108E+03  0.207536E+01  0.384881E+00
2005   4   9  21.000  0.314300E+03  0.304411E+03  0.000000E+00  0.000000E+00  0.270502E+03  0.270541E+03  0.227882E+01  0.428915E+00
2005   4   9  22.000  0.313200E+03  0.303295E+03  0.000000E+00  0.000000E+00  0.270321E+03  0.270340E+03  0.194890E+01  0.357931E+00
2005   4   9  23.000  0.312400E+03  0.302089E+03  0.000000E+00  0.000000E+00  0.270032E+03  0.270057E+03  0.156215E+01  0.289258E+00
2005   4  10   0.000  0.312900E+03  0.301543E+03  0.000000E+00  0.000000E+00  0.269958E+03  0.269946E+03  0.155499E+01  0.288238E+00
2005   4  10   1.000  0.312700E+03  0.301412E+03  0.000000E+00  0.000000E+00  0.269965E+03  0.269931E+03  0.147148E+01  0.273305E+00
2005   4  10   2.000  0.312100E+03  0.301029E+03  0.000000E+00  0.000000E+00  0.269857E+03  0.269840E+03  0.147335E+01  0.273905E+00
2005   4  10   3.000  0.311700E+03  0.300290E+03  0.000000E+00  0.000000E+00  0.269684E+03  0.269657E+03  0.138517E+01  0.261050E+00
2005   4  10   4.000  0.313500E+03  0.300284E+03  0.000000E+00  0.000000E+00  0.269907E+03  0.269651E+03  0.865198E+00  0.177024E+00
2005   4  10   5.000  0.314000E+03  0.300309E+03  0.000000E+00  0.000000E+00  0.270045E+03  0.269643E+03  0.616822E+00  0.134987E+00
2005   4  10   6.000  0.312700E+03  0.299642E+03  0.600000E+01  0.333122E+00  0.269597E+03  0.269477E+03  0.103933E+01  0.206409E+00
2005   4  10   7.000  0.315500E+03  0.301004E+03  0.581000E+02  0.322258E+01  0.270338E+03  0.269743E+03  0.830213E+00  0.179594E+00
2005   4  10   8.000  0.298000E+03  0.303478E+03  0.234400E+03  0.129873E+02  0.270796E+03  0.270293E+03  0.672226E+00  0.155338E+00
2005   4  10   9.000  0.298200E+03  0.304464E+03  0.212800E+03  0.117726E+02  0.270777E+03  0.270524E+03  0.998766E+00  0.212517E+00
2005   4  10  10.000  0.298300E+03  0.305528E+03  0.243800E+03  0.134664E+02  0.270793E+03  0.270781E+03  0.149785E+01  0.298777E+00
2005   4  10  11.000  0.298800E+03  0.309087E+03  0.378300E+03  0.208602E+02  0.271260E+03  0.271519E+03  0.151596E+01  0.300887E+00
2005   4  10  12.000  0.293300E+03  0.309457E+03  0.320700E+03  0.176470E+02  0.271399E+03  0.271645E+03  0.168887E+01  0.329261E+00
2005   4  10  13.000  0.298100E+03  0.312492E+03  0.409100E+03  0.224663E+02  0.271835E+03  0.272189E+03  0.137472E+01  0.272999E+00
2005   4  10  14.000  0.285900E+03  0.315895E+03  0.571400E+03  0.313086E+02  0.272312E+03  0.272933E+03  0.165079E+01  0.316358E+00
2005   4  10  15.000  0.265400E+03  0.315245E+03  0.399700E+03  0.217576E+02  0.272671E+03  0.273132E+03  0.155243E+01  0.301753E+00
2005   4  10  16.000  0.243600E+03  0.314563E+03  0.372300E+03  0.201449E+02  0.272685E+03  0.273248E+03  0.103518E+01  0.314133E+00
2005   4  10  17.000  0.253100E+03  0.312034E+03  0.182000E+03  0.978850E+01  0.271765E+03  0.272758E+03  0.130268E+01  0.252541E+00
2005   4  10  18.000  0.251900E+03  0.309139E+03  0.514000E+02  0.276109E+01  0.270995E+03  0.272222E+03  0.119430E+01  0.216428E+00
2005   4  10  19.000  0.247800E+03  0.304456E+03  0.300000E+00  0.161030E-01  0.270208E+03  0.271214E+03  0.103498E+01  0.150303E+00
2005   4  10  20.000  0.247600E+03  0.301755E+03  0.000000E+00  0.000000E+00  0.270065E+03  0.270668E+03  0.796020E+00  0.139550E+00
2005   4  10  21.000  0.244700E+03  0.298006E+03  0.000000E+00  0.000000E+00  0.269731E+03  0.269868E+03  0.556978E+00  0.717122E-01
2005   4  10  22.000  0.250600E+03  0.295932E+03  0.000000E+00  0.000000E+00  0.269745E+03  0.269360E+03  0.317822E+00  0.615395E-01
2005   4  10  23.000  0.253300E+03  0.294519E+03  0.000000E+00  0.000000E+00  0.269663E+03  0.269049E+03  0.317874E+00  0.553681E-01
2005   4  11   0.000  0.252400E+03  0.293333E+03  0.000000E+00  0.000000E+00  0.269664E+03  0.268787E+03  0.397632E+00  0.769058E-01
2005   4  11   1.000  0.252800E+03  0.292177E+03  0.000000E+00  0.000000E+00  0.269866E+03  0.268565E+03  0.716399E+00  0.921493E-01
2005   4  11   2.000  0.250400E+03  0.291573E+03  0.000000E+00  0.000000E+00  0.269466E+03  0.268419E+03  0.477347E+00  0.922876E-01
2005   4  11   3.000  0.249800E+03  0.289821E+03  0.000000E+00  0.000000E+00  0.268997E+03  0.268057E+03  0.636743E+00  0.819119E-01
2005   4  11   4.000  0.250900E+03  0.288818E+03  0.000000E+00  0.000000E+00  0.268542E+03  0.267777E+03  0.397693E+00  0.769045E-01
2005   4  11   5.000  0.252900E+03  0.288146E+03  0.000000E+00  0.000000E+00  0.268584E+03  0.267623E+03  0.317970E+00  0.564030E-01
2005   4  11   6.000  0.252700E+03  0.288793E+03  0.220000E+02  0.117336E+01  0.268810E+03  0.267776E+03  0.397754E+00  0.769048E-01
2005   4  11   7.000  0.256000E+03  0.293467E+03  0.113400E+03  0.604474E+01  0.269189E+03  0.268789E+03  0.787401E-01  0.153846E-01
2005   4  11   8.000  0.264900E+03  0.304446E+03  0.295100E+03  0.157197E+02  0.271223E+03  0.271012E+03  0.618675E+00  0.138406E+00
2005   4  11   9.000  0.270000E+03  0.312229E+03  0.464200E+03  0.247019E+02  0.272060E+03  0.272476E+03  0.163676E+01  0.314753E+00
2005   4  11  10.000  0.298500E+03  0.316282E+03  0.423100E+03  0.224708E+02  0.272503E+03  0.273033E+03  0.200264E+01  0.386536E+00
2005   4  11  11.000  0.308000E+03  0.320396E+03  0.416500E+03  0.219999E+02  0.273253E+03  0.273772E+03  0.161822E+01  0.386444E+00
2005   4  11  12.000  0.311400E+03  0.321277E+03  0.288300E+03  0.150594E+02  0.273517E+03  0.274043E+03  0.119839E+01  0.354537E+00
2005   4  11  13.000  0.314400E+03  0.325005E+03  0.327300E+03  0.168986E+02  0.274067E+03  0.274733E+03  0.103909E+01  0.269720E+00
2005   4  11  14.000  0.316200E+03  0.325218E+03  0.229600E+03  0.116500E+02  0.274465E+03  0.274867E+03  0.928266E+00  0.196092E+00
2005   4  11  15.000  0.315200E+03  0.324333E+03  0.133100E+03  0.663821E+01  0.274754E+03  0.274738E+03  0.636961E+00  0.110445E+00
2005   4  11  16.000  0.314500E+03  0.323608E+03  0.115300E+03  0.566149E+01  0.274837E+03  0.274337E+03  0.477670E+00  0.846940E-01
2005   4  11  17.000  0.313800E+03  0.320564E+03  0.561000E+02  0.271448E+01  0.274837E+03  0.274045E+03  0.636957E+00  0.887729E-01
2005   4  11  18.000  0.312300E+03  0.316327E+03  0.560000E+01  0.268358E+00  0.274486E+03  0.273311E+03  0.477685E+00  0.614347E-01
2005   4  11  19.000  0.311400E+03  0.316021E+03  0.000000E+00  0.000000E+00  0.274525E+03  0.273274E+03  0.557312E+00  0.716744E-01
2005   4  11  20.000  0.310600E+03  0.316168E+03  0.000000E+00  0.000000E+00  0.274261E+03  0.273314E+03  0.636962E+00  0.823193E-01
2005   4  11  21.000  0.309800E+03  0.315120E+03  0.000000E+00  0.000000E+00  0.273632E+03  0.273092E+03  0.318399E+00  0.409645E-01
2005   4  11  22.000  0.309700E+03  0.315173E+03  0.000000E+00  0.000000E+00  0.273641E+03  0.273114E+03  0.477701E+00  0.615946E-01
2005   4  11  23.000  0.308100E+03  0.314758E+03  0.000000E+00  0.000000E+00  0.273415E+03  0.273031E+03  0.159006E+00  0.287796E-01
2005   4  12   0.000  0.301900E+03  0.314407E+03  0.000000E+00  0.000000E+00  0.273374E+03  0.273025E+03  0.557299E+00  0.787482E-01
2005   4  12   1.000  0.266900E+03  0.309089E+03  0.000000E+00  0.000000E+00  0.272221E+03  0.272110E+03  0.397692E+00  0.512285E-01
2005   4  12   2.000  0.266900E+03  0.306269E+03  0.000000E+00  0.000000E+00  0.271875E+03  0.271527E+03  0.557120E+00  0.717255E-01
2005   4  12   3.000  0.265900E+03  0.304668E+03  0.000000E+00  0.000000E+00  0.272226E+03  0.271219E+03  0.716433E+00  0.922293E-01
2005   4  12   4.000  0.263700E+03  0.304218E+03  0.000000E+00  0.000000E+00  0.272131E+03  0.271147E+03  0.557083E+00  0.107691E+00
2005   4  12   5.000  0.260400E+03  0.303017E+03  0.000000E+00  0.000000E+00  0.271975E+03  0.270913E+03  0.127395E+01  0.167054E+00
2005   4  12   6.000  0.255400E+03  0.305392E+03  0.337000E+02  0.160295E+01  0.271397E+03  0.271506E+03  0.171559E+01  0.297538E+00
2005   4  12   7.000  0.250900E+03  0.310451E+03  0.931000E+02  0.442872E+01  0.272946E+03  0.272629E+03  0.151287E+01  0.262991E+00
2005   4  12   8.000  0.252600E+03  0.322596E+03  0.296200E+03  0.140897E+02  0.274590E+03  0.274895E+03  0.716606E+00  0.139115E+00
2005   4  12   9.000  0.288400E+03  0.326291E+03  0.323200E+03  0.150841E+02  0.274672E+03  0.275162E+03  0.716602E+00  0.140536E+00
2005   4  12  10.000  0.323900E+03  0.330341E+03  0.338400E+03  0.153697E+02  0.274768E+03  0.275562E+03  0.108356E+01  0.244266E+00
2005   4  12  11.000  0.326800E+03  0.332910E+03  0.350100E+03  0.154264E+02  0.274896E+03  0.275880E+03  0.113873E+01  0.260236E+00
2005   4  12  12.000  0.325700E+03  0.332900E+03  0.243600E+03  0.107319E+02  0.274918E+03  0.275837E+03  0.107341E+01  0.231532E+00
2005   4  12  13.000  0.325100E+03  0.330868E+03  0.171400E+03  0.754987E+01  0.274919E+03  0.275577E+03  0.955500E+00  0.185570E+00
2005   4  12  14.000  0.327200E+03  0.333093E+03  0.179400E+03  0.790096E+01  0.275166E+03  0.276066E+03  0.557297E+00  0.104785E+00
2005   4  12  15.000  0.327900E+03  0.333935E+03  0.169700E+03  0.747254E+01  0.275495E+03  0.276223E+03  0.716567E+00  0.140343E+00
2005   4  12  16.000  0.325300E+03  0.331368E+03  0.961000E+02  0.423097E+01  0.275330E+03  0.275874E+03  0.716574E+00  0.140647E+00
2005   4  12  17.000  0.323100E+03  0.328431E+03  0.413000E+02  0.181802E+01  0.275001E+03  0.275481E+03  0.398007E+00  0.768936E-01
2005   4  12  18.000  0.322400E+03  0.325625E+03  0.410000E+01  0.180453E+00  0.274754E+03  0.275039E+03  0.318365E+00  0.622644E-01
2005   4  12  19.000  0.322600E+03  0.323820E+03  0.000000E+00  0.000000E+00  0.274507E+03  0.274715E+03  0.238715E+00  0.471162E-01
2005   4  12  20.000  0.330600E+03  0.323653E+03  0.000000E+00  0.000000E+00  0.274260E+03  0.274400E+03  0.792099E-01  0.134255E-01
2005   4  12  21.000  0.333100E+03  0.323553E+03  0.000000E+00  0.000000E+00  0.274425E+03  0.274505E+03  0.557338E+00  0.103526E+00
2005   4  12  22.000  0.325100E+03  0.322882E+03  0.000000E+00  0.000000E+00  0.274590E+03  0.274139E+03  0.796242E+00  0.113038E+00
2005   4  12  23.000  0.317600E+03  0.320643E+03  0.000000E+00  0.000000E+00  0.273932E+03  0.274111E+03  0.238789E+00  0.457306E-01
2005   4  13   0.000  0.319200E+03  0.320194E+03  0.000000E+00  0.000000E+00  0.274261E+03  0.273855E+03  0.238747E+00  0.307185E-01
2005   4  13   1.000  0.318800E+03  0.320564E+03  0.000000E+00  0.000000E+00  0.274672E+03  0.273849E+03  0.875874E+00  0.152099E+00
2005   4  13   2.000  0.319400E+03  0.321462E+03  0.000000E+00  0.000000E+00  0.275001E+03  0.274169E+03  0.636949E+00  0.903319E-01
2005   4  13   3.000  0.311400E+03  0.320135E+03  0.000000E+00  0.000000E+00  0.274578E+03  0.273974E+03  0.238639E+00  0.461416E-01
2005   4  13   4.000  0.313300E+03  0.319680E+03  0.000000E+00  0.000000E+00  0.274569E+03  0.273854E+03  0.477680E+00  0.616171E-01
2005   4  13   5.000  0.312600E+03  0.319281E+03  0.000000E+00  0.000000E+00  0.274534E+03  0.273832E+03  0.318356E+00  0.615330E-01
2005   4  13   6.000  0.308600E+03  0.319811E+03  0.172000E+02  0.755680E+00  0.274552E+03  0.273963E+03  0.318364E+00  0.615395E-01
2005   4  13   7.000  0.314600E+03  0.323994E+03  0.581000E+02  0.255226E+01  0.274672E+03  0.274826E+03  0.158969E+00  0.310246E-01
2005   4  13   8.000  0.315400E+03  0.335846E+03  0.178000E+03  0.781826E+01  0.275411E+03  0.276418E+03  0.787942E-01  0.134704E-01
2005   4  13   9.000  0.323300E+03  0.338524E+03  0.281600E+03  0.123670E+02  0.275988E+03  0.276926E+03  0.875828E+00  0.171557E+00
2005   4  13  10.000  0.332300E+03  0.343427E+03  0.338400E+03  0.148595E+02  0.276482E+03  0.277683E+03  0.716526E+00  0.138923E+00
2005   4  13  11.000  0.327600E+03  0.351378E+03  0.479500E+03  0.210525E+02  0.277798E+03  0.279046E+03  0.111469E+01  0.218638E+00
2005   4  13  12.000  0.328700E+03  0.348735E+03  0.325500E+03  0.142892E+02  0.277551E+03  0.278631E+03  0.127397E+01  0.247786E+00
2005   4  13  13.000  0.333200E+03  0.349178E+03  0.277900E+03  0.121980E+02  0.277880E+03  0.278837E+03  0.127396E+01  0.246321E+00
2005   4  13  14.000  0.335100E+03  0.346564E+03  0.189700E+03  0.832555E+01  0.277634E+03  0.278482E+03  0.111469E+01  0.215285E+00
2005   4  13  15.000  0.333900E+03  0.346574E+03  0.191500E+03  0.840348E+01  0.277716E+03  0.278589E+03  0.796124E+00  0.156352E+00
2005   4  13  16.000  0.334200E+03  0.345092E+03  0.127700E+03  0.560308E+01  0.277634E+03  0.278473E+03  0.636825E+00  0.124562E+00
2005   4  13  17.000  0.328200E+03  0.345208E+03  0.125100E+03  0.548831E+01  0.277798E+03  0.278649E+03  0.477485E+00  0.929452E-01
2005   4  13  18.000  0.292400E+03  0.339114E+03  0.391000E+02  0.171516E+01  0.277129E+03  0.277290E+03  0.777422E-01  0.134219E-01
2005   4  13  19.000  0.258500E+03  0.329263E+03  0.000000E+00  0.000000E+00  0.275591E+03  0.275810E+03  0.875636E+00  0.149955E+00
2005   4  13  20.000  0.249700E+03  0.322105E+03  0.000000E+00  0.000000E+00  0.275028E+03  0.274498E+03  0.875626E+00  0.151000E+00
2005   4  13  21.000  0.258900E+03  0.319321E+03  0.000000E+00  0.000000E+00  0.275199E+03  0.274092E+03  0.103497E+01  0.182257E+00
2005   4  13  22.000  0.269500E+03  0.319680E+03  0.000000E+00  0.000000E+00  0.275469E+03  0.274300E+03  0.955345E+00  0.133254E+00
2005   4  13  23.000  0.288800E+03  0.320432E+03  0.000000E+00  0.000000E+00  0.276099E+03  0.274213E+03  0.875750E+00  0.112409E+00
2005   4  14   0.000  0.259400E+03  0.318372E+03  0.000000E+00  0.000000E+00  0.275323E+03  0.274137E+03  0.103496E+01  0.138697E+00
2005   4  14   1.000  0.249300E+03  0.313715E+03  0.000000E+00  0.000000E+00  0.275049E+03  0.273313E+03  0.716284E+00  0.913803E-01
2005   4  14   2.000  0.248100E+03  0.312256E+03  0.000000E+00  0.000000E+00  0.274778E+03  0.273088E+03  0.955287E+00  0.121857E+00
2005   4  14   3.000  0.246900E+03  0.310100E+03  0.000000E+00  0.000000E+00  0.274637E+03  0.272646E+03  0.875627E+00  0.111383E+00
2005   4  14   4.000  0.247100E+03  0.310574E+03  0.000000E+00  0.000000E+00  0.274562E+03  0.272781E+03  0.636609E+00  0.122614E+00
2005   4  14   5.000  0.263400E+03  0.313210E+03  0.000000E+00  0.000000E+00  0.274941E+03  0.273143E+03  0.127392E+01  0.220488E+00
2005   4  14   6.000  0.258100E+03  0.316429E+03  0.239000E+02  0.105174E+01  0.275327E+03  0.273847E+03  0.111463E+01  0.150149E+00
2005   4  14   7.000  0.252100E+03  0.320380E+03  0.633000E+02  0.276703E+01  0.276614E+03  0.274581E+03  0.716338E+00  0.137800E+00
2005   4  14   8.000  0.263400E+03  0.344994E+03  0.350700E+03  0.153238E+02  0.278868E+03  0.278613E+03  0.111466E+01  0.178427E+00
2005   4  14   9.000  0.273500E+03  0.357900E+03  0.562200E+03  0.245403E+02  0.279361E+03  0.280698E+03  0.103501E+01  0.200305E+00
2005   4  14  10.000  0.312100E+03  0.366037E+03  0.554900E+03  0.241829E+02  0.280171E+03  0.281642E+03  0.111183E+01  0.214851E+00
2005   4  14  11.000  0.283100E+03  0.375516E+03  0.812100E+03  0.353267E+02  0.281362E+03  0.283018E+03  0.173528E+01  0.328272E+00
2005   4  14  12.000  0.287500E+03  0.379012E+03  0.852700E+03  0.370006E+02  0.281538E+03  0.283302E+03  0.194951E+01  0.367634E+00
2005   4  14  13.000  0.301100E+03  0.382471E+03  0.863900E+03  0.373827E+02  0.281762E+03  0.283649E+03  0.176385E+01  0.335450E+00
2005   4  14  14.000  0.326000E+03  0.380251E+03  0.599600E+03  0.258713E+02  0.281701E+03  0.283360E+03  0.164547E+01  0.314027E+00
2005   4  14  15.000  0.316000E+03  0.380222E+03  0.622200E+03  0.267737E+02  0.282694E+03  0.283372E+03  0.941582E+00  0.282010E+00
2005   4  14  16.000  0.305200E+03  0.378442E+03  0.480400E+03  0.206160E+02  0.287531E+03  0.283268E+03  0.100243E+01  0.285695E+00
2005   4  14  17.000  0.295700E+03  0.367528E+03  0.223600E+03  0.956971E+01  0.283687E+03  0.281825E+03  0.457838E+00  0.212614E+00
2005   4  14  18.000  0.286500E+03  0.356417E+03  0.483000E+02  0.206303E+01  0.280988E+03  0.280464E+03  0.324485E+00  0.646847E-01
2005   4  14  19.000  0.291500E+03  0.346991E+03  0.700000E+00  0.298688E-01  0.279771E+03  0.278004E+03  0.691369E+00  0.925559E-01
2005   4  14  20.000  0.266000E+03  0.340318E+03  0.000000E+00  0.000000E+00  0.279388E+03  0.276864E+03  0.976952E+00  0.173729E+00
2005   4  14  21.000  0.263500E+03  0.336365E+03  0.000000E+00  0.000000E+00  0.278881E+03  0.276281E+03  0.904649E+00  0.155858E+00
2005   4  14  22.000  0.258200E+03  0.331309E+03  0.000000E+00  0.000000E+00  0.278808E+03  0.275728E+03  0.830045E+00  0.907851E-01
2005   4  14  23.000  0.257700E+03  0.332708E+03  0.000000E+00  0.000000E+00  0.278796E+03  0.275859E+03  0.104689E+01  0.181323E+00
2005   4  15   0.000  0.258600E+03  0.329766E+03  0.000000E+00  0.000000E+00  0.278964E+03  0.275358E+03  0.457141E+00  0.918170E-01
2005   4  15   1.000  0.258400E+03  0.334397E+03  0.000000E+00  0.000000E+00  0.279475E+03  0.276264E+03  0.118909E+01  0.237791E+00
2005   4  15   2.000  0.264200E+03  0.333659E+03  0.000000E+00  0.000000E+00  0.279330E+03  0.275344E+03  0.124747E+01  0.160017E+00
2005   4  15   3.000  0.258700E+03  0.330943E+03  0.000000E+00  0.000000E+00  0.278834E+03  0.275159E+03  0.125425E+01  0.150393E+00
2005   4  15   4.000  0.260200E+03  0.329650E+03  0.000000E+00  0.000000E+00  0.278538E+03  0.275820E+03  0.123351E+01  0.146449E+00
2005   4  15   5.000  0.262600E+03  0.329346E+03  0.800000E+00  0.339630E-01  0.279141E+03  0.276112E+03  0.898200E+00  0.923232E-01
2005   4  15   6.000  0.275600E+03  0.336522E+03  0.408000E+02  0.173211E+01  0.280065E+03  0.276760E+03  0.110273E+01  0.173888E+00
2005   4  15   7.000  0.291800E+03  0.350172E+03  0.100100E+03  0.424961E+01  0.281776E+03  0.278831E+03  0.915392E+00  0.229505E+00
2005   4  15   8.000  0.269800E+03  0.369224E+03  0.400900E+03  0.170197E+02  0.285676E+03  0.284244E+03  0.223083E+01  0.437435E+00
2005   4  15   9.000  0.274500E+03  0.380864E+03  0.609200E+03  0.258628E+02  0.286475E+03  0.285470E+03  0.226744E+01  0.462156E+00
2005   4  15  10.000  0.281300E+03  0.387657E+03  0.735000E+03  0.312035E+02  0.288124E+03  0.286218E+03  0.157111E+01  0.351330E+00
2005   4  15  11.000  0.285700E+03  0.390958E+03  0.819700E+03  0.347993E+02  0.288283E+03  0.286556E+03  0.162953E+01  0.364383E+00
2005   4  15  12.000  0.291700E+03  0.393760E+03  0.865100E+03  0.367267E+02  0.290150E+03  0.286763E+03  0.118945E+01  0.299895E+00
2005   4  15  13.000  0.296800E+03  0.392911E+03  0.810500E+03  0.344087E+02  0.287754E+03  0.286909E+03  0.192248E+01  0.407528E+00
2005   4  15  14.000  0.294600E+03  0.394286E+03  0.773900E+03  0.328549E+02  0.289098E+03  0.287328E+03  0.174797E+01  0.385384E+00
2005   4  15  15.000  0.288800E+03  0.391760E+03  0.645200E+03  0.273911E+02  0.287928E+03  0.287124E+03  0.175856E+01  0.372504E+00
2005   4  15  16.000  0.290400E+03  0.381446E+03  0.316800E+03  0.134493E+02  0.286222E+03  0.285894E+03  0.229339E+01  0.490041E+00
2005   4  15  17.000  0.291400E+03  0.377234E+03  0.277800E+03  0.117936E+02  0.285821E+03  0.285304E+03  0.163233E+01  0.331242E+00
2005   4  15  18.000  0.284200E+03  0.363694E+03  0.843000E+02  0.357885E+01  0.282875E+03  0.283042E+03  0.990643E+00  0.251889E+00
2005   4  15  19.000  0.283400E+03  0.352070E+03  0.170000E+01  0.721713E-01  0.280740E+03  0.281160E+03  0.362055E+00  0.129665E+00
2005   4  15  20.000  0.303600E+03  0.344831E+03  0.000000E+00  0.000000E+00  0.279755E+03  0.279561E+03  0.199082E+00  0.603917E-01
2005   4  15  21.000  0.297600E+03  0.339619E+03  0.000000E+00  0.000000E+00  0.278833E+03  0.279089E+03  0.462288E-01  0.101146E-01
2005   4  15  22.000  0.291200E+03  0.335385E+03  0.000000E+00  0.000000E+00  0.277823E+03  0.278130E+03  0.495408E+00  0.999026E-01
2005   4  15  23.000  0.298400E+03  0.333198E+03  0.000000E+00  0.000000E+00  0.277651E+03  0.278433E+03  0.405856E+00  0.789701E-01
2005   4  16   0.000  0.279600E+03  0.329481E+03  0.000000E+00  0.000000E+00  0.277172E+03  0.277922E+03  0.315607E+00  0.122896E+00
2005   4  16   1.000  0.279100E+03  0.326754E+03  0.000000E+00  0.000000E+00  0.276928E+03  0.277076E+03  0.352946E+00  0.569022E-01
2005   4  16   2.000  0.282800E+03  0.325001E+03  0.000000E+00  0.000000E+00  0.276584E+03  0.276629E+03  0.317116E+00  0.497120E-01
2005   4  16   3.000  0.295200E+03  0.325418E+03  0.000000E+00  0.000000E+00  0.276740E+03  0.276970E+03  0.290560E+00  0.845914E-01
2005   4  16   4.000  0.314600E+03  0.330333E+03  0.000000E+00  0.000000E+00  0.277665E+03  0.277122E+03  0.353654E+00  0.137333E+00
2005   4  16   5.000  0.320000E+03  0.334118E+03  0.000000E+00  0.000000E+00  0.279417E+03  0.277685E+03  0.679794E+00  0.781373E-01
2005   4  16   6.000  0.307200E+03  0.335948E+03  0.130000E+02  0.551898E+00  0.279856E+03  0.278012E+03  0.332547E+00  0.627003E-01
2005   4  16   7.000  0.274600E+03  0.339109E+03  0.644000E+02  0.273402E+01  0.280324E+03  0.278667E+03  0.554004E+00  0.108819E+00
2005   4  16   8.000  0.275100E+03  0.359984E+03  0.345700E+03  0.146762E+02  0.286383E+03  0.282442E+03  0.357363E+00  0.119720E+00
2005   4  16   9.000  0.284600E+03  0.370286E+03  0.454000E+03  0.192740E+02  0.286174E+03  0.283621E+03  0.596565E+00  0.171407E+00
2005   4  16  10.000  0.303800E+03  0.376577E+03  0.474700E+03  0.201528E+02  0.286859E+03  0.284469E+03  0.769505E+00  0.205647E+00
2005   4  16  11.000  0.313800E+03  0.376022E+03  0.399600E+03  0.169645E+02  0.285730E+03  0.284323E+03  0.873973E+00  0.216948E+00
2005   4  16  12.000  0.320600E+03  0.372860E+03  0.383300E+03  0.162725E+02  0.285696E+03  0.283629E+03  0.779226E+00  0.206573E+00
2005   4  16  13.000  0.304400E+03  0.369277E+03  0.417300E+03  0.177159E+02  0.283916E+03  0.283278E+03  0.152356E+01  0.326597E+00
2005   4  16  14.000  0.324800E+03  0.363547E+03  0.220800E+03  0.937378E+01  0.282619E+03  0.282331E+03  0.126516E+01  0.268847E+00
2005   4  16  15.000  0.351500E+03  0.355937E+03  0.493000E+02  0.209297E+01  0.280955E+03  0.280984E+03  0.101235E+01  0.210737E+00
2005   4  16  16.000  0.348300E+03  0.342734E+03  0.338000E+02  0.143493E+01  0.278223E+03  0.278372E+03  0.109873E+01  0.235253E+00
2005   4  16  17.000  0.331700E+03  0.334763E+03  0.960000E+01  0.407555E+00  0.277057E+03  0.277299E+03  0.161632E+01  0.334472E+00
2005   4  16  18.000  0.322900E+03  0.321120E+03  0.120000E+01  0.516044E-01  0.275154E+03  0.273743E+03  0.109436E+01  0.195990E+00
2005   4  16  19.000  0.333800E+03  0.321769E+03  0.000000E+00  0.000000E+00  0.274799E+03  0.273695E+03  0.105235E+01  0.238423E+00
2005   4  16  20.000  0.336300E+03  0.319118E+03  0.000000E+00  0.000000E+00  0.274999E+03  0.273501E+03  0.445901E+00  0.455200E-01
2005   4  16  21.000  0.325600E+03  0.320781E+03  0.000000E+00  0.000000E+00  0.274068E+03  0.273855E+03  0.869755E+00  0.156618E+00
2005   4  16  22.000  0.330200E+03  0.321599E+03  0.000000E+00  0.000000E+00  0.274127E+03  0.274055E+03  0.367529E+00  0.363067E-01
2005   4  16  23.000  0.331700E+03  0.321832E+03  0.000000E+00  0.000000E+00  0.273820E+03  0.274769E+03  0.517021E+00  0.960727E-01
2005   4  17   0.000  0.330300E+03  0.320866E+03  0.000000E+00  0.000000E+00  0.273890E+03  0.274571E+03  0.439619E+00  0.707783E-01
2005   4  17   1.000  0.319500E+03  0.320477E+03  0.000000E+00  0.000000E+00  0.273753E+03  0.274689E+03  0.801171E+00  0.211279E+00
2005   4  17   2.000  0.319200E+03  0.320624E+03  0.000000E+00  0.000000E+00  0.273888E+03  0.274615E+03  0.511716E+00  0.826919E-01
2005   4  17   3.000  0.330500E+03  0.321220E+03  0.000000E+00  0.000000E+00  0.273344E+03  0.274918E+03  0.696773E-01  0.104319E-01
2005   4  17   4.000  0.328700E+03  0.317364E+03  0.000000E+00  0.000000E+00  0.272932E+03  0.274029E+03  0.149435E+00  0.281071E-01
2005   4  17   5.000  0.327800E+03  0.317439E+03  0.000000E+00  0.000000E+00  0.272959E+03  0.274076E+03  0.466141E-01  0.102387E-01
2005   4  17   6.000  0.325100E+03  0.317326E+03  0.138000E+02  0.588077E+00  0.272904E+03  0.273925E+03  0.901687E-01  0.187159E-01
2005   4  17   7.000  0.328200E+03  0.319136E+03  0.328000E+02  0.140130E+01  0.272894E+03  0.273980E+03  0.498160E-01  0.106611E-01
2005   4  17   8.000  0.334700E+03  0.325827E+03  0.126700E+03  0.542009E+01  0.273006E+03  0.274843E+03  0.497090E-01  0.107524E-01
2005   4  17   9.000  0.337500E+03  0.327115E+03  0.168500E+03  0.717293E+01  0.273345E+03  0.274708E+03  0.220603E+00  0.282915E-01
2005   4  17  10.000  0.342200E+03  0.333273E+03  0.254100E+03  0.107880E+02  0.279253E+03  0.275953E+03  0.288694E+00  0.676336E-01
2005   4  17  11.000  0.325800E+03  0.348018E+03  0.454700E+03  0.193037E+02  0.284684E+03  0.278338E+03  0.303753E+00  0.766682E-01
2005   4  17  12.000  0.323900E+03  0.337701E+03  0.316100E+03  0.134196E+02  0.276488E+03  0.276689E+03  0.144161E+01  0.306513E+00
2005   4  17  13.000  0.324300E+03  0.333336E+03  0.260500E+03  0.110592E+02  0.277554E+03  0.276102E+03  0.108484E+01  0.260951E+00
2005   4  17  14.000  0.325000E+03  0.333578E+03  0.298100E+03  0.126554E+02  0.280141E+03  0.275948E+03  0.485960E+00  0.160815E+00
2005   4  17  15.000  0.325000E+03  0.327396E+03  0.741000E+02  0.314582E+01  0.275789E+03  0.275248E+03  0.556331E+00  0.146656E+00
2005   4  17  16.000  0.322700E+03  0.325725E+03  0.646000E+02  0.274251E+01  0.276591E+03  0.275155E+03  0.460175E+00  0.132942E+00
2005   4  17  17.000  0.333600E+03  0.325364E+03  0.602000E+02  0.255571E+01  0.276609E+03  0.274963E+03  0.397201E+00  0.121937E+00
2005   4  17  18.000  0.329400E+03  0.324542E+03  0.288000E+02  0.122272E+01  0.275852E+03  0.274996E+03  0.327824E+00  0.980687E-01
2005   4  17  19.000  0.308000E+03  0.323042E+03  0.200000E+00  0.849074E-02  0.275163E+03  0.275125E+03  0.100278E+01  0.191032E+00
2005   4  17  20.000  0.304200E+03  0.323537E+03  0.000000E+00  0.000000E+00  0.275434E+03  0.275269E+03  0.118153E+01  0.222667E+00
2005   4  17  21.000  0.320300E+03  0.325196E+03  0.000000E+00  0.000000E+00  0.275591E+03  0.275417E+03  0.133921E+01  0.263269E+00
2005   4  17  22.000  0.329200E+03  0.323694E+03  0.000000E+00  0.000000E+00  0.274781E+03  0.274947E+03  0.103419E+01  0.219552E+00
2005   4  17  23.000  0.324000E+03  0.321182E+03  0.000000E+00  0.000000E+00  0.273767E+03  0.274330E+03  0.983899E+00  0.330818E+00
2005   4  18   0.000  0.322600E+03  0.321649E+03  0.000000E+00  0.000000E+00  0.273872E+03  0.274523E+03  0.100121E+01  0.314851E+00
2005   4  18   1.000  0.323700E+03  0.322514E+03  0.000000E+00  0.000000E+00  0.274060E+03  0.274276E+03  0.131708E+01  0.371194E+00
2005   4  18   2.000  0.323000E+03  0.322707E+03  0.000000E+00  0.000000E+00  0.274250E+03  0.274309E+03  0.136155E+01  0.317420E+00
2005   4  18   3.000  0.325000E+03  0.319151E+03  0.000000E+00  0.000000E+00  0.274620E+03  0.273505E+03  0.101414E+01  0.144570E+00
2005   4  18   4.000  0.323900E+03  0.318118E+03  0.100000E+00  0.437367E-02  0.274661E+03  0.273424E+03  0.963830E+00  0.106061E+00
2005   4  18   5.000  0.333700E+03  0.319271E+03  0.000000E+00  0.000000E+00  0.274890E+03  0.273535E+03  0.103564E+01  0.109721E+00
2005   4  18   6.000  0.334500E+03  0.321089E+03  0.240000E+01  0.106243E+00  0.275235E+03  0.273664E+03  0.115545E+01  0.190678E+00
2005   4  18   7.000  0.332600E+03  0.320706E+03  0.900000E+01  0.397656E+00  0.275412E+03  0.273679E+03  0.111475E+01  0.123297E+00
2005   4  18   8.000  0.337300E+03  0.323005E+03  0.336000E+02  0.148186E+01  0.275333E+03  0.273842E+03  0.116980E+01  0.191157E+00
2005   4  18   9.000  0.334200E+03  0.324491E+03  0.675000E+02  0.296744E+01  0.275906E+03  0.274065E+03  0.103510E+01  0.117998E+00
2005   4  18  10.000  0.329900E+03  0.325116E+03  0.865000E+02  0.378774E+01  0.276153E+03  0.274234E+03  0.111473E+01  0.114113E+00
2005   4  18  11.000  0.332300E+03  0.329090E+03  0.144200E+03  0.628517E+01  0.276400E+03  0.274695E+03  0.955453E+00  0.959459E-01
2005   4  18  12.000  0.333600E+03  0.333307E+03  0.190100E+03  0.822505E+01  0.276811E+03  0.274846E+03  0.796158E+00  0.105913E+00
2005   4  18  13.000  0.337500E+03  0.342470E+03  0.313600E+03  0.133827E+02  0.277539E+03  0.277707E+03  0.475666E+00  0.784472E-01
2005   4  18  14.000  0.338100E+03  0.345842E+03  0.177400E+03  0.755792E+01  0.277674E+03  0.277931E+03  0.943200E+00  0.151004E+00
2005   4  18  15.000  0.337200E+03  0.346551E+03  0.184400E+03  0.783955E+01  0.277566E+03  0.278399E+03  0.116921E+01  0.183160E+00
2005   4  18  16.000  0.335200E+03  0.345181E+03  0.752000E+02  0.319252E+01  0.277372E+03  0.278670E+03  0.384057E+00  0.519139E-01
2005   4  18  17.000  0.333500E+03  0.345115E+03  0.422000E+02  0.179155E+01  0.277326E+03  0.278344E+03  0.665955E-01  0.105167E-01
2005   4  18  18.000  0.332700E+03  0.342604E+03  0.101000E+02  0.428782E+00  0.277148E+03  0.277994E+03  0.631493E-01  0.102302E-01
2005   4  18  19.000  0.331500E+03  0.338958E+03  0.000000E+00  0.000000E+00  0.276929E+03  0.277782E+03  0.376718E+00  0.619577E-01
2005   4  18  20.000  0.335200E+03  0.337226E+03  0.000000E+00  0.000000E+00  0.276684E+03  0.277448E+03  0.755875E+00  0.113550E+00
2005   4  18  21.000  0.335300E+03  0.336648E+03  0.000000E+00  0.000000E+00  0.276753E+03  0.277276E+03  0.676687E+00  0.737327E-01
2005   4  18  22.000  0.333300E+03  0.335709E+03  0.000000E+00  0.000000E+00  0.276505E+03  0.277207E+03  0.522548E+00  0.756233E-01
2005   4  18  23.000  0.339700E+03  0.335927E+03  0.000000E+00  0.000000E+00  0.276497E+03  0.277217E+03  0.670656E+00  0.949768E-01
2005   4  19   0.000  0.337500E+03  0.335674E+03  0.000000E+00  0.000000E+00  0.276485E+03  0.277156E+03  0.441439E+00  0.524304E-01
2005   4  19   1.000  0.340700E+03  0.335542E+03  0.000000E+00  0.000000E+00  0.276226E+03  0.277106E+03  0.133335E+00  0.192598E-01
2005   4  19   2.000  0.343800E+03  0.335668E+03  0.000000E+00  0.000000E+00  0.276301E+03  0.277182E+03  0.208154E+00  0.365011E-01
2005   4  19   3.000  0.342600E+03  0.334344E+03  0.000000E+00  0.000000E+00  0.275989E+03  0.276887E+03  0.656165E+00  0.105402E+00
2005   4  19   4.000  0.340800E+03  0.333773E+03  0.000000E+00  0.000000E+00  0.275431E+03  0.276841E+03  0.987088E+00  0.197938E+00
2005   4  19   5.000  0.339000E+03  0.332801E+03  0.000000E+00  0.000000E+00  0.274844E+03  0.276669E+03  0.108519E+01  0.302814E+00
2005   4  19   6.000  0.334200E+03  0.324570E+03  0.110000E+02  0.467962E+00  0.274420E+03  0.274502E+03  0.116877E+01  0.277141E+00
2005   4  19   7.000  0.333300E+03  0.322634E+03  0.495000E+02  0.212045E+01  0.274208E+03  0.274095E+03  0.856166E+00  0.136719E+00
2005   4  19   8.000  0.334900E+03  0.326053E+03  0.124200E+03  0.532469E+01  0.274700E+03  0.274729E+03  0.835076E+00  0.130828E+00
2005   4  19   9.000  0.333900E+03  0.329644E+03  0.182900E+03  0.780018E+01  0.274784E+03  0.275246E+03  0.104376E+01  0.218144E+00
2005   4  19  10.000  0.333200E+03  0.331428E+03  0.158600E+03  0.673634E+01  0.274743E+03  0.276078E+03  0.944706E+00  0.200392E+00
2005   4  19  11.000  0.340200E+03  0.331447E+03  0.125700E+03  0.533670E+01  0.274552E+03  0.275929E+03  0.825196E+00  0.179914E+00
2005   4  19  12.000  0.336200E+03  0.335245E+03  0.274500E+03  0.116559E+02  0.276359E+03  0.276472E+03  0.889270E+00  0.181889E+00
2005   4  19  13.000  0.348600E+03  0.338709E+03  0.227200E+03  0.964596E+01  0.281403E+03  0.276858E+03  0.284654E+00  0.957532E-01
2005   4  19  14.000  0.351700E+03  0.351705E+03  0.317700E+03  0.134896E+02  0.284664E+03  0.278876E+03  0.187146E+00  0.378044E-01
2005   4  19  15.000  0.344800E+03  0.338919E+03  0.140500E+03  0.596534E+01  0.276254E+03  0.276740E+03  0.454787E+00  0.108430E+00
2005   4  19  16.000  0.339200E+03  0.330945E+03  0.591000E+02  0.250965E+01  0.276042E+03  0.275788E+03  0.310061E+00  0.851430E-01
2005   4  19  17.000  0.340700E+03  0.325635E+03  0.551000E+02  0.234086E+01  0.274806E+03  0.274898E+03  0.279893E+00  0.414311E-01
2005   4  19  18.000  0.336400E+03  0.323523E+03  0.610000E+01  0.259021E+00  0.274263E+03  0.274832E+03  0.498792E+00  0.814790E-01
2005   4  19  19.000  0.327200E+03  0.317242E+03  0.000000E+00  0.000000E+00  0.273491E+03  0.273251E+03  0.353979E+00  0.563214E-01
2005   4  19  20.000  0.331300E+03  0.318163E+03  0.000000E+00  0.000000E+00  0.273900E+03  0.273442E+03  0.449743E+00  0.489830E-01
2005   4  19  21.000  0.330200E+03  0.318456E+03  0.000000E+00  0.000000E+00  0.273929E+03  0.273357E+03  0.664658E+00  0.134077E+00
2005   4  19  22.000  0.329200E+03  0.318856E+03  0.000000E+00  0.000000E+00  0.273952E+03  0.273415E+03  0.801170E+00  0.167998E+00
2005   4  19  23.000  0.307000E+03  0.316324E+03  0.000000E+00  0.000000E+00  0.274401E+03  0.273303E+03  0.815806E+00  0.106292E+00
2005   4  20   0.000  0.299300E+03  0.316213E+03  0.000000E+00  0.000000E+00  0.274521E+03  0.273544E+03  0.521765E+00  0.958841E-01
2005   4  20   1.000  0.285400E+03  0.313385E+03  0.000000E+00  0.000000E+00  0.273854E+03  0.273478E+03  0.519557E+00  0.501363E-01
2005   4  20   2.000  0.327400E+03  0.318444E+03  0.000000E+00  0.000000E+00  0.273895E+03  0.274249E+03  0.750172E+00  0.151510E+00
2005   4  20   3.000  0.332000E+03  0.318550E+03  0.000000E+00  0.000000E+00  0.274089E+03  0.273487E+03  0.634505E+00  0.784865E-01
2005   4  20   4.000  0.318600E+03  0.316087E+03  0.000000E+00  0.000000E+00  0.273185E+03  0.273269E+03  0.129181E+00  0.257267E-01
2005   4  20   5.000  0.324400E+03  0.316788E+03  0.000000E+00  0.000000E+00  0.273433E+03  0.273260E+03  0.232859E+00  0.219687E-01
2005   4  20   6.000  0.327600E+03  0.317581E+03  0.960000E+01  0.416309E+00  0.273272E+03  0.273329E+03  0.781557E-01  0.958219E-02
2005   4  20   7.000  0.315500E+03  0.316005E+03  0.225000E+02  0.978492E+00  0.272845E+03  0.273128E+03  0.125000E+00  0.189475E-01
2005   4  20   8.000  0.330100E+03  0.321634E+03  0.912000E+02  0.401555E+01  0.273115E+03  0.273806E+03  0.648998E-01  0.109932E-01
2005   4  20   9.000  0.336600E+03  0.325394E+03  0.154800E+03  0.684594E+01  0.273115E+03  0.274259E+03  0.648998E-01  0.113536E-01
2005   4  20  10.000  0.338700E+03  0.327052E+03  0.182100E+03  0.807124E+01  0.273115E+03  0.274467E+03  0.648998E-01  0.114672E-01
2005   4  20  11.000  0.349400E+03  0.328931E+03  0.246200E+03  0.109454E+02  0.273602E+03  0.274493E+03  0.238831E+00  0.310001E-01
2005   4  20  12.000  0.347600E+03  0.324572E+03  0.278400E+03  0.123562E+02  0.273635E+03  0.274122E+03  0.713602E+00  0.160124E+00
2005   4  20  13.000  0.354500E+03  0.326697E+03  0.281300E+03  0.124682E+02  0.274096E+03  0.274471E+03  0.716627E+00  0.120968E+00
2005   4  20  14.000  0.347500E+03  0.324860E+03  0.245500E+03  0.108472E+02  0.273746E+03  0.274250E+03  0.857329E+00  0.194885E+00
2005   4  20  15.000  0.339300E+03  0.322923E+03  0.183300E+03  0.808621E+01  0.273635E+03  0.274032E+03  0.713602E+00  0.158033E+00
2005   4  20  16.000  0.336100E+03  0.322205E+03  0.138000E+03  0.609158E+01  0.273655E+03  0.274013E+03  0.961629E+00  0.226102E+00
2005   4  20  17.000  0.328700E+03  0.320060E+03  0.603000E+02  0.266564E+01  0.273591E+03  0.273780E+03  0.948685E+00  0.218933E+00
2005   4  20  18.000  0.322500E+03  0.318275E+03  0.160000E+02  0.709701E+00  0.273528E+03  0.273557E+03  0.935731E+00  0.201888E+00
2005   4  20  19.000  0.323400E+03  0.317789E+03  0.100000E+00  0.446250E-02  0.273661E+03  0.273462E+03  0.920824E+00  0.155565E+00
2005   4  20  20.000  0.322900E+03  0.317249E+03  0.000000E+00  0.000000E+00  0.273697E+03  0.273302E+03  0.767583E+00  0.153547E+00
2005   4  20  21.000  0.326000E+03  0.317760E+03  0.000000E+00  0.000000E+00  0.273904E+03  0.273364E+03  0.743072E+00  0.137470E+00
2005   4  20  22.000  0.327000E+03  0.317366E+03  0.000000E+00  0.000000E+00  0.273791E+03  0.273319E+03  0.646278E+00  0.779485E-01
2005   4  20  23.000  0.325800E+03  0.318261E+03  0.000000E+00  0.000000E+00  0.273655E+03  0.273538E+03  0.961629E+00  0.182516E+00
2005   4  21   0.000  0.325100E+03  0.318259E+03  0.000000E+00  0.000000E+00  0.273585E+03  0.273553E+03  0.103354E+01  0.221009E+00
2005   4  21   1.000  0.325800E+03  0.318672E+03  0.000000E+00  0.000000E+00  0.273710E+03  0.273617E+03  0.105683E+01  0.210742E+00
2005   4  21   2.000  0.325800E+03  0.319163E+03  0.000000E+00  0.000000E+00  0.273689E+03  0.273715E+03  0.135913E+01  0.312195E+00
2005   4  21   3.000  0.326700E+03  0.317285E+03  0.000000E+00  0.000000E+00  0.273428E+03  0.273343E+03  0.615957E+00  0.100986E+00
2005   4  21   4.000  0.324600E+03  0.316999E+03  0.000000E+00  0.000000E+00  0.273685E+03  0.273264E+03  0.477744E+00  0.733243E-01
2005   4  21   5.000  0.330600E+03  0.317074E+03  0.000000E+00  0.000000E+00  0.273046E+03  0.273235E+03  0.649425E-01  0.110541E-01
2005   4  21   6.000  0.331200E+03  0.317585E+03  0.820000E+01  0.368591E+00  0.273190E+03  0.273321E+03  0.153181E+00  0.224639E-01
2005   4  21   7.000  0.332800E+03  0.319043E+03  0.316000E+02  0.141927E+01  0.273115E+03  0.273485E+03  0.648998E-01  0.112812E-01
2005   4  21   8.000  0.339100E+03  0.324249E+03  0.149300E+03  0.670644E+01  0.273438E+03  0.274059E+03  0.238852E+00  0.325414E-01
2005   4  21   9.000  0.330500E+03  0.323037E+03  0.167600E+03  0.750288E+01  0.273874E+03  0.274223E+03  0.771802E+00  0.160139E+00
2005   4  21  10.000  0.337900E+03  0.325620E+03  0.211400E+03  0.941470E+01  0.274153E+03  0.274584E+03  0.903554E+00  0.186203E+00
2005   4  21  11.000  0.308700E+03  0.329579E+03  0.396500E+03  0.175813E+02  0.274768E+03  0.275375E+03  0.108356E+01  0.213998E+00
2005   4  21  12.000  0.311700E+03  0.332446E+03  0.417000E+03  0.182631E+02  0.275235E+03  0.275821E+03  0.115545E+01  0.214488E+00
2005   4  21  13.000  0.296400E+03  0.339649E+03  0.593700E+03  0.254689E+02  0.275868E+03  0.276838E+03  0.134282E+01  0.254529E+00
2005   4  21  14.000  0.305000E+03  0.341370E+03  0.487200E+03  0.208588E+02  0.275372E+03  0.276779E+03  0.153674E+01  0.338409E+00
2005   4  21  15.000  0.302400E+03  0.343310E+03  0.415900E+03  0.177674E+02  0.276464E+03  0.277254E+03  0.138346E+01  0.234312E+00
2005   4  21  16.000  0.301800E+03  0.337510E+03  0.185400E+03  0.790363E+01  0.276153E+03  0.276607E+03  0.955461E+00  0.155345E+00
2005   4  21  17.000  0.290100E+03  0.333715E+03  0.154000E+03  0.655527E+01  0.275824E+03  0.276195E+03  0.716554E+00  0.115214E+00
2005   4  21  18.000  0.271500E+03  0.327815E+03  0.573000E+02  0.243607E+01  0.274575E+03  0.275626E+03  0.317743E+00  0.489732E-01
2005   4  21  19.000  0.273500E+03  0.321345E+03  0.700000E+00  0.297368E-01  0.273384E+03  0.274364E+03  0.397281E+00  0.555525E-01
2005   4  21  20.000  0.264600E+03  0.315506E+03  0.000000E+00  0.000000E+00  0.272733E+03  0.273578E+03  0.237569E+00  0.276554E-01
2005   4  21  21.000  0.232600E+03  0.307886E+03  0.000000E+00  0.000000E+00  0.271423E+03  0.272781E+03  0.555943E+00  0.497643E-01
2005   4  21  22.000  0.230000E+03  0.305084E+03  0.000000E+00  0.000000E+00  0.271711E+03  0.272630E+03  0.103307E+01  0.143872E+00
2005   4  21  23.000  0.228000E+03  0.301815E+03  0.000000E+00  0.000000E+00  0.271271E+03  0.271797E+03  0.794278E+00  0.710230E-01
2005   4  22   0.000  0.227500E+03  0.301405E+03  0.000000E+00  0.000000E+00  0.271176E+03  0.271628E+03  0.953080E+00  0.911995E-01
2005   4  22   1.000  0.225500E+03  0.300503E+03  0.000000E+00  0.000000E+00  0.271109E+03  0.271884E+03  0.111179E+01  0.158253E+00
2005   4  22   2.000  0.224700E+03  0.298496E+03  0.000000E+00  0.000000E+00  0.271059E+03  0.271192E+03  0.873161E+00  0.781315E-01
2005   4  22   3.000  0.223600E+03  0.295853E+03  0.000000E+00  0.000000E+00  0.270395E+03  0.270769E+03  0.793512E+00  0.711020E-01
2005   4  22   4.000  0.222300E+03  0.294343E+03  0.000000E+00  0.000000E+00  0.270576E+03  0.270503E+03  0.872739E+00  0.782096E-01
2005   4  22   5.000  0.221600E+03  0.294737E+03  0.800000E+00  0.340228E-01  0.270643E+03  0.270455E+03  0.103134E+01  0.923416E-01
2005   4  22   6.000  0.220200E+03  0.295524E+03  0.191000E+02  0.812466E+00  0.271044E+03  0.270620E+03  0.951739E+00  0.852448E-01
2005   4  22   7.000  0.219200E+03  0.302315E+03  0.647000E+02  0.275265E+01  0.272475E+03  0.271770E+03  0.792796E+00  0.135860E+00
2005   4  22   8.000  0.231400E+03  0.327760E+03  0.443600E+03  0.188777E+02  0.275313E+03  0.276204E+03  0.115576E+01  0.186567E+00
2005   4  22   9.000  0.244000E+03  0.341900E+03  0.647500E+03  0.274888E+02  0.276041E+03  0.277997E+03  0.140698E+01  0.250722E+00
2005   4  22  10.000  0.252100E+03  0.356234E+03  0.782900E+03  0.332370E+02  0.277749E+03  0.279944E+03  0.101979E+01  0.158931E+00
2005   4  22  11.000  0.255200E+03  0.364710E+03  0.881600E+03  0.374272E+02  0.278833E+03  0.281343E+03  0.139262E+01  0.220994E+00
2005   4  22  12.000  0.260000E+03  0.369630E+03  0.909900E+03  0.386286E+02  0.279370E+03  0.282206E+03  0.158431E+01  0.255642E+00
2005   4  22  13.000  0.265800E+03  0.372504E+03  0.882300E+03  0.374569E+02  0.290594E+03  0.282791E+03  0.988039E+00  0.266905E+00
2005   4  22  14.000  0.260100E+03  0.375119E+03  0.803500E+03  0.341115E+02  0.285057E+03  0.283414E+03  0.774639E+00  0.209427E+00
2005   4  22  15.000  0.261100E+03  0.373825E+03  0.658400E+03  0.279515E+02  0.288282E+03  0.283436E+03  0.584706E+00  0.185519E+00
2005   4  22  16.000  0.262500E+03  0.370744E+03  0.483700E+03  0.205348E+02  0.285307E+03  0.283329E+03  0.551233E+00  0.160234E+00
2005   4  22  17.000  0.261100E+03  0.362561E+03  0.283800E+03  0.120484E+02  0.282644E+03  0.282413E+03  0.104673E+01  0.225971E+00
2005   4  22  18.000  0.255400E+03  0.350562E+03  0.917000E+02  0.389300E+01  0.280428E+03  0.280559E+03  0.222648E+00  0.856487E-01
2005   4  22  19.000  0.249200E+03  0.338877E+03  0.000000E+00  0.000000E+00  0.278007E+03  0.278731E+03  0.812927E+00  0.131375E+00
2005   4  22  20.000  0.245900E+03  0.332548E+03  0.000000E+00  0.000000E+00  0.277709E+03  0.277736E+03  0.840640E+00  0.991385E-01
2005   4  22  21.000  0.247900E+03  0.328825E+03  0.000000E+00  0.000000E+00  0.276908E+03  0.277275E+03  0.838310E+00  0.199235E+00
2005   4  22  22.000  0.246300E+03  0.327879E+03  0.000000E+00  0.000000E+00  0.276869E+03  0.277093E+03  0.929822E+00  0.235651E+00
2005   4  22  23.000  0.251100E+03  0.329009E+03  0.000000E+00  0.000000E+00  0.277259E+03  0.277116E+03  0.968880E+00  0.219243E+00
2005   4  23   0.000  0.255100E+03  0.328233E+03  0.000000E+00  0.000000E+00  0.277854E+03  0.276876E+03  0.834503E+00  0.919936E-01
2005   4  23   1.000  0.260400E+03  0.331533E+03  0.000000E+00  0.000000E+00  0.277213E+03  0.277331E+03  0.106669E+01  0.262549E+00
2005   4  23   2.000  0.277900E+03  0.332106E+03  0.000000E+00  0.000000E+00  0.278466E+03  0.277249E+03  0.102997E+01  0.143074E+00
2005   4  23   3.000  0.277100E+03  0.330224E+03  0.000000E+00  0.000000E+00  0.278477E+03  0.276944E+03  0.688327E+00  0.710611E-01
2005   4  23   4.000  0.288600E+03  0.328976E+03  0.000000E+00  0.000000E+00  0.278140E+03  0.276638E+03  0.155054E+00  0.413778E-01
2005   4  23   5.000  0.288700E+03  0.330015E+03  0.220000E+01  0.933981E-01  0.278281E+03  0.276805E+03  0.470013E+00  0.908932E-01
2005   4  23   6.000  0.308900E+03  0.334223E+03  0.362000E+02  0.153682E+01  0.278928E+03  0.277298E+03  0.259389E+00  0.547362E-01
2005   4  23   7.000  0.295600E+03  0.341850E+03  0.128200E+03  0.544256E+01  0.280420E+03  0.278573E+03  0.664738E-01  0.276353E-01
2005   4  23   8.000  0.283400E+03  0.363434E+03  0.380000E+03  0.161324E+02  0.286575E+03  0.281840E+03  0.169283E+00  0.355930E-01
2005   4  23   9.000  0.279600E+03  0.375498E+03  0.641700E+03  0.272425E+02  0.286977E+03  0.284274E+03  0.925999E+00  0.240106E+00
2005   4  23  10.000  0.289300E+03  0.382480E+03  0.755200E+03  0.320610E+02  0.290084E+03  0.284790E+03  0.683792E+00  0.208928E+00
2005   4  23  11.000  0.318300E+03  0.385693E+03  0.598300E+03  0.254000E+02  0.290068E+03  0.285264E+03  0.426315E+00  0.145874E+00
2005   4  23  12.000  0.334500E+03  0.381592E+03  0.465800E+03  0.197749E+02  0.286146E+03  0.284887E+03  0.105404E+01  0.252248E+00
2005   4  23  13.000  0.331800E+03  0.375866E+03  0.418100E+03  0.177499E+02  0.284969E+03  0.284105E+03  0.157466E+01  0.337833E+00
2005   4  23  14.000  0.347000E+03  0.366988E+03  0.252500E+03  0.107196E+02  0.282841E+03  0.282614E+03  0.168492E+01  0.345607E+00
2005   4  23  15.000  0.357300E+03  0.351836E+03  0.689000E+02  0.292506E+01  0.280150E+03  0.279753E+03  0.747366E+00  0.182061E+00
2005   4  23  16.000  0.344900E+03  0.355333E+03  0.901000E+02  0.382508E+01  0.282232E+03  0.280864E+03  0.462288E-01  0.106466E-01
2005   4  23  17.000  0.339100E+03  0.350073E+03  0.675000E+02  0.286562E+01  0.281137E+03  0.279790E+03  0.203767E+00  0.593764E-01
2005   4  23  18.000  0.310800E+03  0.347027E+03  0.465000E+02  0.197410E+01  0.280329E+03  0.279776E+03  0.462288E-01  0.106466E-01
2005   4  23  19.000  0.315700E+03  0.340787E+03  0.160000E+01  0.679259E-01  0.278916E+03  0.278522E+03  0.189471E+00  0.602980E-01
2005   4  23  20.000  0.321900E+03  0.339144E+03  0.000000E+00  0.000000E+00  0.278815E+03  0.278400E+03  0.306450E+00  0.799579E-01
2005   4  23  21.000  0.322300E+03  0.338324E+03  0.000000E+00  0.000000E+00  0.278486E+03  0.278316E+03  0.523323E+00  0.865196E-01
2005   4  23  22.000  0.327600E+03  0.338230E+03  0.000000E+00  0.000000E+00  0.278575E+03  0.278409E+03  0.525064E+00  0.884312E-01
2005   4  23  23.000  0.326000E+03  0.337813E+03  0.000000E+00  0.000000E+00  0.278681E+03  0.278294E+03  0.419052E+00  0.635347E-01
2005   4  24   0.000  0.292500E+03  0.334355E+03  0.000000E+00  0.000000E+00  0.278342E+03  0.277826E+03  0.515077E+00  0.615050E-01
2005   4  24   1.000  0.328600E+03  0.336280E+03  0.000000E+00  0.000000E+00  0.278861E+03  0.277919E+03  0.300470E+00  0.426836E-01
2005   4  24   2.000  0.300900E+03  0.333404E+03  0.000000E+00  0.000000E+00  0.277952E+03  0.277722E+03  0.446195E+00  0.903558E-01
2005   4  24   3.000  0.296600E+03  0.332880E+03  0.000000E+00  0.000000E+00  0.278239E+03  0.277491E+03  0.611016E+00  0.740218E-01
2005   4  24   4.000  0.288800E+03  0.331827E+03  0.000000E+00  0.000000E+00  0.278095E+03  0.277493E+03  0.716811E+00  0.131715E+00
2005   4  24   5.000  0.284100E+03  0.331468E+03  0.130000E+01  0.551898E-01  0.278677E+03  0.277313E+03  0.768260E+00  0.781489E-01
2005   4  24   6.000  0.321300E+03  0.338656E+03  0.286000E+02  0.121418E+01  0.279423E+03  0.278163E+03  0.502206E+00  0.199343E+00
2005   4  24   7.000  0.321100E+03  0.342697E+03  0.567000E+02  0.240712E+01  0.280138E+03  0.278739E+03  0.151303E+00  0.373706E-01
2005   4  24   8.000  0.317800E+03  0.350463E+03  0.158400E+03  0.672466E+01  0.281946E+03  0.279835E+03  0.126453E+00  0.272251E-01
2005   4  24   9.000  0.321700E+03  0.357045E+03  0.251500E+03  0.106771E+02  0.284309E+03  0.281031E+03  0.242207E+00  0.837351E-01
2005   4  24  10.000  0.317300E+03  0.368643E+03  0.438600E+03  0.186202E+02  0.288512E+03  0.282865E+03  0.312315E+00  0.108075E+00
2005   4  24  11.000  0.332700E+03  0.373283E+03  0.435400E+03  0.184843E+02  0.285958E+03  0.283516E+03  0.649854E+00  0.183432E+00
2005   4  24  12.000  0.340200E+03  0.375964E+03  0.404400E+03  0.171683E+02  0.286531E+03  0.284072E+03  0.766682E+00  0.205887E+00
2005   4  24  13.000  0.332800E+03  0.380496E+03  0.513000E+03  0.217787E+02  0.287858E+03  0.284837E+03  0.858189E+00  0.229325E+00
2005   4  24  14.000  0.327100E+03  0.380386E+03  0.493900E+03  0.209679E+02  0.286055E+03  0.284949E+03  0.136759E+01  0.306370E+00
2005   4  24  15.000  0.328500E+03  0.375721E+03  0.363000E+03  0.154107E+02  0.285556E+03  0.284203E+03  0.105416E+01  0.250497E+00
2005   4  24  16.000  0.327000E+03  0.369316E+03  0.227900E+03  0.967520E+01  0.284080E+03  0.283347E+03  0.921553E+00  0.215100E+00
2005   4  24  17.000  0.315100E+03  0.364368E+03  0.202300E+03  0.858838E+01  0.283292E+03  0.282727E+03  0.112325E+01  0.245656E+00
2005   4  24  18.000  0.333600E+03  0.357360E+03  0.538000E+02  0.228401E+01  0.281550E+03  0.281480E+03  0.824492E+00  0.177526E+00
2005   4  24  19.000  0.342700E+03  0.353086E+03  0.100000E+01  0.424537E-01  0.281685E+03  0.280774E+03  0.138024E+00  0.443533E-01
2005   4  24  20.000  0.347700E+03  0.351299E+03  0.000000E+00  0.000000E+00  0.281407E+03  0.280494E+03  0.871453E-01  0.182621E-01
2005   4  24  21.000  0.342900E+03  0.348916E+03  0.000000E+00  0.000000E+00  0.280918E+03  0.280077E+03  0.112876E+00  0.288296E-01
2005   4  24  22.000  0.324200E+03  0.346461E+03  0.000000E+00  0.000000E+00  0.280001E+03  0.279874E+03  0.660797E+00  0.112144E+00
2005   4  24  23.000  0.311100E+03  0.344274E+03  0.000000E+00  0.000000E+00  0.280322E+03  0.279710E+03  0.357188E+00  0.104391E+00
2005   4  25   0.000  0.308600E+03  0.341437E+03  0.000000E+00  0.000000E+00  0.279957E+03  0.279222E+03  0.350115E+00  0.357377E-01
2005   4  25   1.000  0.315400E+03  0.340297E+03  0.000000E+00  0.000000E+00  0.279601E+03  0.278943E+03  0.213694E+00  0.426388E-01
2005   4  25   2.000  0.272700E+03  0.334375E+03  0.000000E+00  0.000000E+00  0.278959E+03  0.278244E+03  0.554614E+00  0.568204E-01
2005   4  25   3.000  0.266800E+03  0.332181E+03  0.000000E+00  0.000000E+00  0.278339E+03  0.278094E+03  0.771294E+00  0.126584E+00
2005   4  25   4.000  0.270100E+03  0.332176E+03  0.000000E+00  0.000000E+00  0.278796E+03  0.278066E+03  0.856214E+00  0.153667E+00
2005   4  25   5.000  0.302000E+03  0.335402E+03  0.170000E+01  0.721713E-01  0.278351E+03  0.278220E+03  0.653385E+00  0.208459E+00
2005   4  25   6.000  0.333800E+03  0.340253E+03  0.182000E+02  0.772657E+00  0.279507E+03  0.278626E+03  0.107722E+01  0.147734E+00
2005   4  25   7.000  0.341100E+03  0.342374E+03  0.413000E+02  0.175334E+01  0.278895E+03  0.278711E+03  0.630374E+00  0.140151E+00
2005   4  25   8.000  0.340800E+03  0.340036E+03  0.491000E+02  0.208448E+01  0.278456E+03  0.278023E+03  0.462556E+00  0.122006E+00
2005   4  25   9.000  0.346300E+03  0.340585E+03  0.598000E+02  0.253873E+01  0.278245E+03  0.278219E+03  0.128362E+01  0.260194E+00
2005   4  25  10.000  0.351100E+03  0.342303E+03  0.930000E+02  0.394819E+01  0.279131E+03  0.278372E+03  0.674029E+00  0.166295E+00
2005   4  25  11.000  0.347200E+03  0.341347E+03  0.103600E+03  0.439820E+01  0.278258E+03  0.278174E+03  0.121995E+01  0.253687E+00
2005   4  25  12.000  0.344400E+03  0.340802E+03  0.130800E+03  0.555294E+01  0.278208E+03  0.278053E+03  0.139094E+01  0.286683E+00
2005   4  25  13.000  0.343600E+03  0.343111E+03  0.192000E+03  0.815111E+01  0.278743E+03  0.278487E+03  0.189346E+01  0.382526E+00
2005   4  25  14.000  0.341700E+03  0.346525E+03  0.264700E+03  0.112375E+02  0.279550E+03  0.278992E+03  0.159011E+01  0.332637E+00
2005   4  25  15.000  0.337900E+03  0.343706E+03  0.117200E+03  0.497557E+01  0.278621E+03  0.278635E+03  0.129759E+01  0.264937E+00
2005   4  25  16.000  0.326800E+03  0.344931E+03  0.147100E+03  0.624494E+01  0.279489E+03  0.279054E+03  0.119451E+01  0.252864E+00
2005   4  25  17.000  0.329400E+03  0.343729E+03  0.486000E+02  0.206325E+01  0.279045E+03  0.278971E+03  0.136775E+01  0.287698E+00
2005   4  25  18.000  0.328700E+03  0.343162E+03  0.400000E+02  0.169815E+01  0.279101E+03  0.278919E+03  0.134115E+01  0.274630E+00
2005   4  25  19.000  0.330300E+03  0.340858E+03  0.140000E+01  0.594352E-01  0.278496E+03  0.278499E+03  0.751879E+00  0.156740E+00
2005   4  25  20.000  0.336300E+03  0.340527E+03  0.000000E+00  0.000000E+00  0.278549E+03  0.278437E+03  0.823070E+00  0.161376E+00
2005   4  25  21.000  0.325900E+03  0.340195E+03  0.000000E+00  0.000000E+00  0.278609E+03  0.278479E+03  0.894166E+00  0.189300E+00
2005   4  25  22.000  0.339100E+03  0.339760E+03  0.000000E+00  0.000000E+00  0.278292E+03  0.278226E+03  0.541010E+00  0.114102E+00
2005   4  25  23.000  0.339700E+03  0.339455E+03  0.000000E+00  0.000000E+00  0.278246E+03  0.278187E+03  0.868811E+00  0.174375E+00
2005   4  26   0.000  0.330700E+03  0.339071E+03  0.000000E+00  0.000000E+00  0.278352E+03  0.278219E+03  0.676639E+00  0.120703E+00
2005   4  26   1.000  0.323700E+03  0.337237E+03  0.000000E+00  0.000000E+00  0.277840E+03  0.277900E+03  0.436948E+00  0.888314E-01
2005   4  26   2.000  0.338900E+03  0.337363E+03  0.000000E+00  0.000000E+00  0.277771E+03  0.277770E+03  0.671196E+00  0.135252E+00
2005   4  26   3.000  0.337900E+03  0.335884E+03  0.000000E+00  0.000000E+00  0.277374E+03  0.277454E+03  0.879743E+00  0.179897E+00
2005   4  26   4.000  0.338400E+03  0.335824E+03  0.000000E+00  0.000000E+00  0.277467E+03  0.277486E+03  0.782264E+00  0.155308E+00
2005   4  26   5.000  0.335300E+03  0.334970E+03  0.000000E+00  0.000000E+00  0.277250E+03  0.277319E+03  0.728192E+00  0.146394E+00
2005   4  26   6.000  0.319700E+03  0.334944E+03  0.361000E+02  0.153258E+01  0.277450E+03  0.277421E+03  0.109325E+01  0.220772E+00
2005   4  26   7.000  0.304600E+03  0.339830E+03  0.137700E+03  0.584587E+01  0.279197E+03  0.278364E+03  0.623358E+00  0.153518E+00
2005   4  26   8.000  0.282600E+03  0.350472E+03  0.430500E+03  0.182763E+02  0.282828E+03  0.280029E+03  0.805680E+00  0.215485E+00
2005   4  26   9.000  0.294500E+03  0.352361E+03  0.345700E+03  0.146762E+02  0.281283E+03  0.280168E+03  0.880481E+00  0.216053E+00
2005   4  26  10.000  0.294300E+03  0.356105E+03  0.349700E+03  0.148461E+02  0.283565E+03  0.280910E+03  0.586564E+00  0.170453E+00
2005   4  26  11.000  0.299800E+03  0.366728E+03  0.590900E+03  0.250859E+02  0.288664E+03  0.282336E+03  0.505264E+00  0.171886E+00
2005   4  26  12.000  0.298200E+03  0.379377E+03  0.896000E+03  0.380385E+02  0.289505E+03  0.284159E+03  0.894717E+00  0.254947E+00
2005   4  26  13.000  0.299400E+03  0.383894E+03  0.932300E+03  0.395796E+02  0.288034E+03  0.284822E+03  0.124077E+01  0.311881E+00
2005   4  26  14.000  0.293000E+03  0.381541E+03  0.627200E+03  0.266270E+02  0.288897E+03  0.284807E+03  0.653412E+00  0.197383E+00
2005   4  26  15.000  0.288900E+03  0.381930E+03  0.588500E+03  0.249840E+02  0.289727E+03  0.285149E+03  0.590175E+00  0.185156E+00
2005   4  26  16.000  0.293800E+03  0.377251E+03  0.433800E+03  0.184164E+02  0.285219E+03  0.284789E+03  0.142260E+01  0.305278E+00
2005   4  26  17.000  0.287900E+03  0.372510E+03  0.287800E+03  0.122182E+02  0.285532E+03  0.284312E+03  0.952097E+00  0.225423E+00
2005   4  26  18.000  0.277600E+03  0.364146E+03  0.967000E+02  0.410527E+01  0.283754E+03  0.283241E+03  0.187926E+00  0.561016E-01
2005   4  26  19.000  0.271000E+03  0.353760E+03  0.390000E+01  0.165569E+00  0.281594E+03  0.281522E+03  0.275579E+00  0.304907E-01
2005   4  26  20.000  0.263100E+03  0.345150E+03  0.000000E+00  0.000000E+00  0.280086E+03  0.280370E+03  0.480594E+00  0.111640E+00
2005   4  26  21.000  0.262000E+03  0.340902E+03  0.000000E+00  0.000000E+00  0.279760E+03  0.279803E+03  0.617214E+00  0.189446E+00
2005   4  26  22.000  0.273100E+03  0.340183E+03  0.000000E+00  0.000000E+00  0.279948E+03  0.279395E+03  0.598210E+00  0.141773E+00
2005   4  26  23.000  0.272100E+03  0.338428E+03  0.000000E+00  0.000000E+00  0.280590E+03  0.279110E+03  0.770011E+00  0.781331E-01
2005   4  27   0.000  0.291300E+03  0.340786E+03  0.000000E+00  0.000000E+00  0.280226E+03  0.279418E+03  0.687510E+00  0.144913E+00
2005   4  27   1.000  0.286600E+03  0.343293E+03  0.000000E+00  0.000000E+00  0.280083E+03  0.279711E+03  0.851896E+00  0.247715E+00
2005   4  27   2.000  0.328400E+03  0.351814E+03  0.000000E+00  0.000000E+00  0.281897E+03  0.280661E+03  0.843924E+00  0.243075E+00
2005   4  27   3.000  0.333400E+03  0.351859E+03  0.000000E+00  0.000000E+00  0.281439E+03  0.280498E+03  0.605578E+00  0.996304E-01
2005   4  27   4.000  0.329600E+03  0.350021E+03  0.000000E+00  0.000000E+00  0.280459E+03  0.280256E+03  0.488431E+00  0.106131E+00
2005   4  27   5.000  0.311000E+03  0.346064E+03  0.120000E+01  0.509444E-01  0.279909E+03  0.279818E+03  0.415206E+00  0.828863E-01
2005   4  27   6.000  0.326400E+03  0.347219E+03  0.151000E+02  0.641051E+00  0.280325E+03  0.279883E+03  0.367801E+00  0.123901E+00
2005   4  27   7.000  0.323400E+03  0.352643E+03  0.859000E+02  0.364677E+01  0.281781E+03  0.280827E+03  0.426790E+00  0.725423E-01
2005   4  27   8.000  0.331000E+03  0.361151E+03  0.195400E+03  0.829545E+01  0.283014E+03  0.282294E+03  0.106843E+01  0.230182E+00
2005   4  27   9.000  0.343900E+03  0.361314E+03  0.216500E+03  0.919122E+01  0.282174E+03  0.281878E+03  0.145898E+01  0.299653E+00
2005   4  27  10.000  0.341900E+03  0.360181E+03  0.220700E+03  0.936953E+01  0.282979E+03  0.281553E+03  0.692484E+00  0.181616E+00
2005   4  27  11.000  0.350300E+03  0.352929E+03  0.105100E+03  0.446188E+01  0.280151E+03  0.280279E+03  0.112235E+01  0.235105E+00
2005   4  27  12.000  0.355900E+03  0.349400E+03  0.807000E+02  0.342601E+01  0.279869E+03  0.279756E+03  0.121911E+01  0.254335E+00
2005   4  27  13.000  0.350300E+03  0.349736E+03  0.139300E+03  0.591380E+01  0.280681E+03  0.279797E+03  0.838689E+00  0.201519E+00
2005   4  27  14.000  0.352900E+03  0.347665E+03  0.513000E+02  0.217787E+01  0.279707E+03  0.279522E+03  0.727212E+00  0.166299E+00
2005   4  27  15.000  0.348900E+03  0.345717E+03  0.227000E+02  0.963699E+00  0.279334E+03  0.279325E+03  0.106716E+01  0.215578E+00
2005   4  27  16.000  0.345700E+03  0.345693E+03  0.242000E+02  0.102738E+01  0.279542E+03  0.279413E+03  0.130639E+01  0.264024E+00
2005   4  27  17.000  0.346600E+03  0.346128E+03  0.135000E+02  0.573125E+00  0.279663E+03  0.279513E+03  0.123627E+01  0.249943E+00
2005   4  27  18.000  0.341200E+03  0.345194E+03  0.370000E+01  0.157079E+00  0.279472E+03  0.279377E+03  0.133674E+01  0.279646E+00
2005   4  27  19.000  0.336600E+03  0.345754E+03  0.000000E+00  0.000000E+00  0.279682E+03  0.279557E+03  0.173293E+01  0.380452E+00
2005   4  27  20.000  0.334200E+03  0.346223E+03  0.000000E+00  0.000000E+00  0.279812E+03  0.279653E+03  0.990708E+00  0.212230E+00
2005   4  27  21.000  0.329600E+03  0.344671E+03  0.000000E+00  0.000000E+00  0.279394E+03  0.279374E+03  0.579369E+00  0.133404E+00
2005   4  27  22.000  0.329000E+03  0.343544E+03  0.000000E+00  0.000000E+00  0.279213E+03  0.279181E+03  0.540171E+00  0.106237E+00
2005   4  27  23.000  0.331200E+03  0.341721E+03  0.000000E+00  0.000000E+00  0.278680E+03  0.278765E+03  0.507682E+00  0.103030E+00
2005   4  28   0.000  0.330600E+03  0.341149E+03  0.000000E+00  0.000000E+00  0.278936E+03  0.278893E+03  0.433973E+00  0.870067E-01
2005   4  28   1.000  0.328100E+03  0.340073E+03  0.000000E+00  0.000000E+00  0.278453E+03  0.278533E+03  0.445692E+00  0.856620E-01
2005   4  28   2.000  0.302700E+03  0.336208E+03  0.000000E+00  0.000000E+00  0.277819E+03  0.278314E+03  0.426326E+00  0.870689E-01
2005   4  28   3.000  0.310200E+03  0.335315E+03  0.000000E+00  0.000000E+00  0.277895E+03  0.278140E+03  0.368803E+00  0.101912E+00
2005   4  28   4.000  0.318300E+03  0.335473E+03  0.000000E+00  0.000000E+00  0.277994E+03  0.278105E+03  0.326131E+00  0.111233E+00
2005   4  28   5.000  0.324700E+03  0.336378E+03  0.190000E+01  0.806620E-01  0.278206E+03  0.278133E+03  0.282421E+00  0.113921E+00
2005   4  28   6.000  0.337100E+03  0.339857E+03  0.258000E+02  0.109531E+01  0.278798E+03  0.278474E+03  0.521230E+00  0.731919E-01
2005   4  28   7.000  0.333800E+03  0.348648E+03  0.134000E+03  0.568879E+01  0.281947E+03  0.279907E+03  0.243117E+00  0.863536E-01
2005   4  28   8.000  0.337100E+03  0.356778E+03  0.128800E+03  0.546804E+01  0.283063E+03  0.281409E+03  0.168728E+00  0.618598E-01
2005   4  28   9.000  0.344600E+03  0.371389E+03  0.262200E+03  0.111314E+02  0.286976E+03  0.283025E+03  0.167422E+00  0.360162E-01
2005   4  28  10.000  0.339600E+03  0.382074E+03  0.527400E+03  0.223901E+02  0.291247E+03  0.284952E+03  0.368015E+00  0.133218E+00
2005   4  28  11.000  0.340300E+03  0.389468E+03  0.766500E+03  0.325408E+02  0.287912E+03  0.286083E+03  0.148857E+01  0.342400E+00
2005   4  28  12.000  0.321500E+03  0.394018E+03  0.844200E+03  0.358394E+02  0.290823E+03  0.286702E+03  0.110338E+01  0.288737E+00
2005   4  28  13.000  0.339400E+03  0.393032E+03  0.541300E+03  0.229802E+02  0.287386E+03  0.287096E+03  0.155041E+01  0.328788E+00
2005   4  28  14.000  0.347100E+03  0.392122E+03  0.436500E+03  0.185310E+02  0.290941E+03  0.286876E+03  0.608310E+00  0.184336E+00
2005   4  28  15.000  0.343500E+03  0.390509E+03  0.350900E+03  0.148970E+02  0.288232E+03  0.286967E+03  0.764728E+00  0.194422E+00
2005   4  28  16.000  0.345400E+03  0.382216E+03  0.203800E+03  0.865206E+01  0.286645E+03  0.285635E+03  0.728381E+00  0.181873E+00
2005   4  28  17.000  0.336800E+03  0.376670E+03  0.137100E+03  0.582040E+01  0.286076E+03  0.285012E+03  0.495791E+00  0.134728E+00
2005   4  28  18.000  0.334300E+03  0.375066E+03  0.610000E+02  0.258968E+01  0.285854E+03  0.284684E+03  0.462288E-01  0.105099E-01
2005   4  28  19.000  0.336200E+03  0.368167E+03  0.120000E+01  0.509444E-01  0.283870E+03  0.283836E+03  0.389253E+00  0.943413E-01
2005   4  28  20.000  0.338200E+03  0.365167E+03  0.000000E+00  0.000000E+00  0.283975E+03  0.283045E+03  0.599681E+00  0.112615E+00
2005   4  28  21.000  0.338700E+03  0.363035E+03  0.000000E+00  0.000000E+00  0.283801E+03  0.282901E+03  0.272229E+00  0.461456E-01
2005   4  28  22.000  0.317800E+03  0.358903E+03  0.000000E+00  0.000000E+00  0.283127E+03  0.282370E+03  0.477656E+00  0.537693E-01
2005   4  28  23.000  0.332300E+03  0.358900E+03  0.000000E+00  0.000000E+00  0.283273E+03  0.282214E+03  0.437331E+00  0.956180E-01
2005   4  29   0.000  0.339200E+03  0.359567E+03  0.000000E+00  0.000000E+00  0.283352E+03  0.282195E+03  0.442052E+00  0.115208E+00
2005   4  29   1.000  0.339200E+03  0.358781E+03  0.000000E+00  0.000000E+00  0.283664E+03  0.282106E+03  0.488950E+00  0.498611E-01
2005   4  29   2.000  0.317800E+03  0.358529E+03  0.000000E+00  0.000000E+00  0.283216E+03  0.282224E+03  0.733083E+00  0.152060E+00
2005   4  29   3.000  0.306700E+03  0.355739E+03  0.000000E+00  0.000000E+00  0.282866E+03  0.281731E+03  0.769735E+00  0.122382E+00
2005   4  29   4.000  0.333600E+03  0.359262E+03  0.000000E+00  0.000000E+00  0.283210E+03  0.282208E+03  0.662770E+00  0.152200E+00
2005   4  29   5.000  0.329200E+03  0.358757E+03  0.290000E+01  0.123116E+00  0.283369E+03  0.281934E+03  0.699390E+00  0.109405E+00
2005   4  29   6.000  0.324700E+03  0.362995E+03  0.497000E+02  0.210995E+01  0.284023E+03  0.282536E+03  0.548992E+00  0.153418E+00
2005   4  29   7.000  0.306300E+03  0.372102E+03  0.145800E+03  0.618975E+01  0.285907E+03  0.284760E+03  0.117543E+01  0.197856E+00
2005   4  29   8.000  0.329500E+03  0.385701E+03  0.309000E+03  0.131182E+02  0.289998E+03  0.286714E+03  0.317627E+00  0.110357E+00
2005   4  29   9.000  0.350200E+03  0.396880E+03  0.307500E+03  0.130545E+02  0.290947E+03  0.287303E+03  0.193268E+00  0.444889E-01
2005   4  29  10.000  0.345700E+03  0.400621E+03  0.472600E+03  0.200636E+02  0.292623E+03  0.288510E+03  0.444275E+00  0.147261E+00
2005   4  29  11.000  0.323700E+03  0.406374E+03  0.734300E+03  0.311737E+02  0.292259E+03  0.289410E+03  0.109224E+01  0.275814E+00
2005   4  29  12.000  0.319400E+03  0.411257E+03  0.843700E+03  0.358182E+02  0.293790E+03  0.289937E+03  0.997609E+00  0.266178E+00
2005   4  29  13.000  0.348600E+03  0.409759E+03  0.605500E+03  0.257057E+02  0.290476E+03  0.289990E+03  0.152640E+01  0.329967E+00
2005   4  29  14.000  0.321600E+03  0.414641E+03  0.777500E+03  0.330077E+02  0.295032E+03  0.290903E+03  0.110874E+01  0.287328E+00
2005   4  29  15.000  0.325000E+03  0.411557E+03  0.634700E+03  0.269454E+02  0.291142E+03  0.290360E+03  0.119414E+01  0.275659E+00
2005   4  29  16.000  0.327800E+03  0.412409E+03  0.521700E+03  0.221481E+02  0.294198E+03  0.290913E+03  0.795916E+00  0.218068E+00
2005   4  29  17.000  0.324400E+03  0.400925E+03  0.212800E+03  0.903415E+01  0.289207E+03  0.289392E+03  0.952377E+00  0.213999E+00
2005   4  29  18.000  0.319200E+03  0.391225E+03  0.834000E+02  0.354064E+01  0.288812E+03  0.288144E+03  0.301223E+00  0.865049E-01
2005   4  29  19.000  0.329800E+03  0.384101E+03  0.640000E+01  0.271704E+00  0.287122E+03  0.287012E+03  0.296811E+00  0.981832E-01
2005   4  29  20.000  0.323800E+03  0.377762E+03  0.000000E+00  0.000000E+00  0.286231E+03  0.285820E+03  0.427421E+00  0.114860E+00
2005   4  29  21.000  0.314700E+03  0.373068E+03  0.000000E+00  0.000000E+00  0.285676E+03  0.285229E+03  0.562430E+00  0.120426E+00
2005   4  29  22.000  0.308000E+03  0.369769E+03  0.000000E+00  0.000000E+00  0.285294E+03  0.284763E+03  0.640540E+00  0.154366E+00
2005   4  29  23.000  0.292900E+03  0.365061E+03  0.000000E+00  0.000000E+00  0.284811E+03  0.284143E+03  0.775253E+00  0.108846E+00
2005   4  30   0.000  0.297300E+03  0.366126E+03  0.000000E+00  0.000000E+00  0.285195E+03  0.284203E+03  0.840732E+00  0.147039E+00
2005   4  30   1.000  0.288500E+03  0.362638E+03  0.000000E+00  0.000000E+00  0.284372E+03  0.283700E+03  0.879631E+00  0.117331E+00
2005   4  30   2.000  0.285000E+03  0.360416E+03  0.000000E+00  0.000000E+00  0.284292E+03  0.283375E+03  0.942847E+00  0.140639E+00
2005   4  30   3.000  0.288500E+03  0.358644E+03  0.000000E+00  0.000000E+00  0.283854E+03  0.283010E+03  0.920753E+00  0.121626E+00
2005   4  30   4.000  0.295800E+03  0.360210E+03  0.000000E+00  0.000000E+00  0.284476E+03  0.283137E+03  0.836474E+00  0.903242E-01
2005   4  30   5.000  0.290500E+03  0.360036E+03  0.800000E+01  0.339630E+00  0.284375E+03  0.283075E+03  0.980498E+00  0.152130E+00
2005   4  30   6.000  0.286800E+03  0.361714E+03  0.416000E+02  0.176607E+01  0.285460E+03  0.283320E+03  0.764046E+00  0.781591E-01
2005   4  30   7.000  0.290900E+03  0.371754E+03  0.175000E+03  0.742940E+01  0.287606E+03  0.284666E+03  0.573691E-01  0.124916E-01
2005   4  30   8.000  0.302500E+03  0.400063E+03  0.426400E+03  0.181023E+02  0.294009E+03  0.288711E+03  0.138686E+00  0.274144E-01
2005   4  30   9.000  0.310700E+03  0.412711E+03  0.648800E+03  0.275440E+02  0.295061E+03  0.290871E+03  0.494751E+00  0.160592E+00
2005   4  30  10.000  0.314100E+03  0.418414E+03  0.732700E+03  0.311058E+02  0.293642E+03  0.291660E+03  0.113355E+01  0.275342E+00
2005   4  30  11.000  0.317500E+03  0.421362E+03  0.780600E+03  0.331394E+02  0.293923E+03  0.292132E+03  0.144012E+01  0.331077E+00
2005   4  30  12.000  0.324400E+03  0.427654E+03  0.890700E+03  0.378135E+02  0.296390E+03  0.292867E+03  0.112587E+01  0.288440E+00
2005   4  30  13.000  0.331500E+03  0.428474E+03  0.894200E+03  0.379621E+02  0.294368E+03  0.292921E+03  0.150804E+01  0.344025E+00
2005   4  30  14.000  0.333000E+03  0.428390E+03  0.764300E+03  0.324474E+02  0.294971E+03  0.293291E+03  0.150476E+01  0.342093E+00
2005   4  30  15.000  0.331400E+03  0.427597E+03  0.662900E+03  0.281426E+02  0.295161E+03  0.293258E+03  0.113787E+01  0.275259E+00
2005   4  30  16.000  0.328300E+03  0.425825E+03  0.508800E+03  0.216004E+02  0.295331E+03  0.293310E+03  0.785027E+00  0.206599E+00
2005   4  30  17.000  0.320200E+03  0.416309E+03  0.301600E+03  0.128040E+02  0.292293E+03  0.292195E+03  0.131709E+01  0.279466E+00
2005   4  30  18.000  0.314400E+03  0.403204E+03  0.117300E+03  0.497982E+01  0.290474E+03  0.290301E+03  0.588635E+00  0.133903E+00
2005   4  30  19.000  0.304900E+03  0.391467E+03  0.540000E+01  0.229250E+00  0.288544E+03  0.288668E+03  0.624361E+00  0.852008E-01
2005   4  30  20.000  0.297100E+03  0.382241E+03  0.000000E+00  0.000000E+00  0.287496E+03  0.287262E+03  0.661230E+00  0.899740E-01
2005   4  30  21.000  0.297800E+03  0.378812E+03  0.000000E+00  0.000000E+00  0.286907E+03  0.286757E+03  0.716016E+00  0.199109E+00
2005   4  30  22.000  0.298000E+03  0.378571E+03  0.000000E+00  0.000000E+00  0.286779E+03  0.286637E+03  0.846464E+00  0.218977E+00
2005   4  30  23.000  0.296700E+03  0.377457E+03  0.000000E+00  0.000000E+00  0.286419E+03  0.286393E+03  0.851001E+00  0.236362E+00
2005   5   1   0.000  0.296700E+03  0.381154E+03  0.000000E+00  0.000000E+00  0.286196E+03  0.287086E+03  0.947451E+00  0.256587E+00
2005   5   1   1.000  0.294800E+03  0.381692E+03  0.000000E+00  0.000000E+00  0.285969E+03  0.287089E+03  0.956034E+00  0.239039E+00
2005   5   1   2.000  0.294200E+03  0.374928E+03  0.000000E+00  0.000000E+00  0.286794E+03  0.285884E+03  0.542879E+00  0.568477E-01
2005   5   1   3.000  0.295400E+03  0.376446E+03  0.000000E+00  0.000000E+00  0.286543E+03  0.286020E+03  0.994144E+00  0.223309E+00
2005   5   1   4.000  0.294200E+03  0.375427E+03  0.000000E+00  0.000000E+00  0.286012E+03  0.285825E+03  0.101111E+01  0.182998E+00
2005   5   1   5.000  0.292800E+03  0.372423E+03  0.550000E+01  0.233495E+00  0.286237E+03  0.285385E+03  0.979008E+00  0.120663E+00
2005   5   1   6.000  0.295100E+03  0.372590E+03  0.373000E+02  0.158352E+01  0.287031E+03  0.285408E+03  0.691215E+00  0.710317E-01
2005   5   1   7.000  0.302900E+03  0.385433E+03  0.201800E+03  0.856715E+01  0.289943E+03  0.287115E+03  0.462288E-01  0.131146E-01
2005   5   1   8.000  0.313000E+03  0.412358E+03  0.434000E+03  0.184249E+02  0.295291E+03  0.290812E+03  0.924575E-01  0.201450E-01
2005   5   1   9.000  0.321500E+03  0.420088E+03  0.625900E+03  0.265718E+02  0.295949E+03  0.292058E+03  0.444412E+00  0.146277E+00
2005   5   1  10.000  0.325800E+03  0.423308E+03  0.689600E+03  0.292761E+02  0.294894E+03  0.292464E+03  0.936006E+00  0.242045E+00
2005   5   1  11.000  0.333600E+03  0.430155E+03  0.866600E+03  0.367904E+02  0.297290E+03  0.293321E+03  0.994216E+00  0.266048E+00
2005   5   1  12.000  0.342800E+03  0.438172E+03  0.923000E+03  0.391848E+02  0.297949E+03  0.294432E+03  0.947863E+00  0.255029E+00
2005   5   1  13.000  0.343000E+03  0.439761E+03  0.897200E+03  0.380895E+02  0.296725E+03  0.294827E+03  0.136464E+01  0.321875E+00
2005   5   1  14.000  0.342500E+03  0.439639E+03  0.796800E+03  0.338271E+02  0.297447E+03  0.294981E+03  0.116614E+01  0.287943E+00
2005   5   1  15.000  0.341600E+03  0.437723E+03  0.660300E+03  0.280322E+02  0.295806E+03  0.295116E+03  0.151186E+01  0.329724E+00
2005   5   1  16.000  0.338500E+03  0.433547E+03  0.508800E+03  0.216004E+02  0.295577E+03  0.294743E+03  0.152339E+01  0.326973E+00
2005   5   1  17.000  0.329600E+03  0.425987E+03  0.303100E+03  0.128677E+02  0.294287E+03  0.293890E+03  0.968477E+00  0.214684E+00
2005   5   1  18.000  0.320800E+03  0.413506E+03  0.120900E+03  0.513265E+01  0.292237E+03  0.292167E+03  0.491384E+00  0.110564E+00
2005   5   1  19.000  0.310200E+03  0.400473E+03  0.550000E+01  0.233495E+00  0.289738E+03  0.290346E+03  0.635724E+00  0.138506E+00
2005   5   1  20.000  0.304600E+03  0.391572E+03  0.000000E+00  0.000000E+00  0.288924E+03  0.288955E+03  0.648310E+00  0.142416E+00
2005   5   1  21.000  0.305300E+03  0.386363E+03  0.000000E+00  0.000000E+00  0.288475E+03  0.288252E+03  0.691334E+00  0.145198E+00
2005   5   1  22.000  0.303600E+03  0.382749E+03  0.000000E+00  0.000000E+00  0.288390E+03  0.287699E+03  0.770291E+00  0.126355E+00
2005   5   1  23.000  0.303800E+03  0.380550E+03  0.000000E+00  0.000000E+00  0.288046E+03  0.287300E+03  0.819367E+00  0.117496E+00
2005   5   2   0.000  0.307200E+03  0.380280E+03  0.000000E+00  0.000000E+00  0.287345E+03  0.287164E+03  0.801623E+00  0.163168E+00
2005   5   2   1.000  0.309700E+03  0.380574E+03  0.000000E+00  0.000000E+00  0.288126E+03  0.287085E+03  0.838620E+00  0.138511E+00
2005   5   2   2.000  0.297700E+03  0.376722E+03  0.000000E+00  0.000000E+00  0.287540E+03  0.286518E+03  0.395848E+00  0.753380E-01
2005   5   2   3.000  0.294800E+03  0.374538E+03  0.000000E+00  0.000000E+00  0.287211E+03  0.286253E+03  0.835773E+00  0.128631E+00
2005   5   2   4.000  0.291000E+03  0.376407E+03  0.000000E+00  0.000000E+00  0.287090E+03  0.286368E+03  0.906450E+00  0.166206E+00
2005   5   2   5.000  0.287100E+03  0.376005E+03  0.250000E+01  0.106134E+00  0.286726E+03  0.286261E+03  0.833366E+00  0.141362E+00
2005   5   2   6.000  0.288600E+03  0.376004E+03  0.304000E+02  0.129059E+01  0.287311E+03  0.286211E+03  0.907916E+00  0.142932E+00
2005   5   2   7.000  0.296200E+03  0.393006E+03  0.212400E+03  0.901716E+01  0.291771E+03  0.288931E+03  0.488236E+00  0.945187E-01
2005   5   2   8.000  0.311400E+03  0.423541E+03  0.469500E+03  0.199320E+02  0.296286E+03  0.292847E+03  0.462288E-01  0.106466E-01
2005   5   2   9.000  0.323000E+03  0.444534E+03  0.634000E+03  0.269156E+02  0.300655E+03  0.294922E+03  0.182243E+00  0.384315E-01
2005   5   2  10.000  0.329200E+03  0.441122E+03  0.766900E+03  0.325577E+02  0.296359E+03  0.295235E+03  0.860820E+00  0.221126E+00
2005   5   2  11.000  0.337900E+03  0.444081E+03  0.843900E+03  0.358267E+02  0.298896E+03  0.295751E+03  0.126384E+01  0.309853E+00
2005   5   2  12.000  0.339900E+03  0.446229E+03  0.796800E+03  0.338271E+02  0.298188E+03  0.296096E+03  0.943569E+00  0.243105E+00
2005   5   2  13.000  0.335800E+03  0.442227E+03  0.832100E+03  0.353257E+02  0.297172E+03  0.295435E+03  0.150062E+01  0.343199E+00
2005   5   2  14.000  0.351100E+03  0.433124E+03  0.624700E+03  0.265208E+02  0.294451E+03  0.294301E+03  0.210641E+01  0.436595E+00
2005   5   2  15.000  0.355900E+03  0.420735E+03  0.271500E+03  0.115262E+02  0.292960E+03  0.292785E+03  0.155772E+01  0.323092E+00
2005   5   2  16.000  0.345800E+03  0.418540E+03  0.273600E+03  0.116153E+02  0.294198E+03  0.292742E+03  0.759774E+00  0.192137E+00
2005   5   2  17.000  0.333500E+03  0.414201E+03  0.188200E+03  0.798978E+01  0.292988E+03  0.292203E+03  0.397707E+00  0.111116E+00
2005   5   2  18.000  0.322800E+03  0.406465E+03  0.888000E+02  0.376989E+01  0.291248E+03  0.291229E+03  0.717341E+00  0.163094E+00
2005   5   2  19.000  0.330200E+03  0.396776E+03  0.830000E+01  0.352366E+00  0.289313E+03  0.289618E+03  0.419955E+00  0.156686E+00
2005   5   2  20.000  0.330500E+03  0.391796E+03  0.000000E+00  0.000000E+00  0.289097E+03  0.288962E+03  0.507873E+00  0.105815E+00
2005   5   2  21.000  0.355900E+03  0.391917E+03  0.000000E+00  0.000000E+00  0.289406E+03  0.288793E+03  0.395725E+00  0.153421E+00
2005   5   2  22.000  0.352800E+03  0.389886E+03  0.000000E+00  0.000000E+00  0.289008E+03  0.288475E+03  0.422838E+00  0.990838E-01
2005   5   2  23.000  0.326300E+03  0.383685E+03  0.000000E+00  0.000000E+00  0.288358E+03  0.287656E+03  0.411773E+00  0.427520E-01
2005   5   3   0.000  0.343700E+03  0.382411E+03  0.000000E+00  0.000000E+00  0.288181E+03  0.287308E+03  0.489461E+00  0.497501E-01
2005   5   3   1.000  0.353800E+03  0.381767E+03  0.000000E+00  0.000000E+00  0.287385E+03  0.287236E+03  0.304857E+00  0.888710E-01
2005   5   3   2.000  0.365400E+03  0.381359E+03  0.000000E+00  0.000000E+00  0.286786E+03  0.286848E+03  0.507894E+00  0.639229E-01
2005   5   3   3.000  0.363300E+03  0.378428E+03  0.000000E+00  0.000000E+00  0.286129E+03  0.286297E+03  0.785121E-01  0.181800E-01
2005   5   3   4.000  0.361600E+03  0.375384E+03  0.000000E+00  0.000000E+00  0.285587E+03  0.285679E+03  0.105664E+00  0.285250E-01
2005   5   3   5.000  0.369800E+03  0.373692E+03  0.000000E+00  0.000000E+00  0.284984E+03  0.285320E+03  0.462288E-01  0.106466E-01
2005   5   3   6.000  0.366200E+03  0.369870E+03  0.170000E+01  0.721713E-01  0.284498E+03  0.284697E+03  0.116285E+00  0.271800E-01
2005   5   3   7.000  0.367200E+03  0.369124E+03  0.730000E+02  0.309912E+01  0.284989E+03  0.283945E+03  0.418737E+00  0.121848E+00
2005   5   3   8.000  0.365800E+03  0.376981E+03  0.122900E+03  0.521756E+01  0.287662E+03  0.285697E+03  0.131594E+00  0.273160E-01
2005   5   3   9.000  0.369500E+03  0.377932E+03  0.118900E+03  0.504774E+01  0.287034E+03  0.285284E+03  0.207418E+00  0.620259E-01
2005   5   3  10.000  0.361800E+03  0.384387E+03  0.164200E+03  0.697090E+01  0.288828E+03  0.286583E+03  0.134662E+00  0.282273E-01
2005   5   3  11.000  0.362300E+03  0.393367E+03  0.223300E+03  0.947991E+01  0.290630E+03  0.287792E+03  0.137876E+00  0.287106E-01
2005   5   3  12.000  0.363900E+03  0.396303E+03  0.158000E+03  0.670768E+01  0.289775E+03  0.288238E+03  0.924575E-01  0.204495E-01
2005   5   3  13.000  0.363900E+03  0.406349E+03  0.345500E+03  0.146678E+02  0.293835E+03  0.289394E+03  0.179142E+00  0.377699E-01
2005   5   3  14.000  0.368400E+03  0.391732E+03  0.118400E+03  0.502652E+01  0.289611E+03  0.287486E+03  0.359083E+00  0.159186E+00
2005   5   3  15.000  0.369300E+03  0.369159E+03  0.112000E+02  0.475481E+00  0.283027E+03  0.283601E+03  0.225658E+01  0.518223E+00
2005   5   3  16.000  0.363300E+03  0.364042E+03  0.122000E+02  0.517935E+00  0.283244E+03  0.283256E+03  0.188739E+01  0.384238E+00
2005   5   3  17.000  0.357600E+03  0.362481E+03  0.339000E+02  0.143918E+01  0.282950E+03  0.282990E+03  0.158823E+01  0.320407E+00
2005   5   3  18.000  0.360100E+03  0.359135E+03  0.240000E+01  0.101889E+00  0.282124E+03  0.282331E+03  0.127814E+01  0.257586E+00
2005   5   3  19.000  0.342000E+03  0.356809E+03  0.150000E+01  0.636805E-01  0.282043E+03  0.282072E+03  0.234842E+01  0.502771E+00
2005   5   3  20.000  0.323700E+03  0.359025E+03  0.000000E+00  0.000000E+00  0.282747E+03  0.282756E+03  0.186144E+01  0.398002E+00
2005   5   3  21.000  0.330000E+03  0.358805E+03  0.000000E+00  0.000000E+00  0.282542E+03  0.282629E+03  0.104982E+01  0.206307E+00
2005   5   3  22.000  0.326600E+03  0.355347E+03  0.000000E+00  0.000000E+00  0.281649E+03  0.281927E+03  0.614434E+00  0.124479E+00
2005   5   3  23.000  0.346500E+03  0.351231E+03  0.000000E+00  0.000000E+00  0.280563E+03  0.280792E+03  0.177134E+01  0.372226E+00
2005   5   4   0.000  0.347500E+03  0.350017E+03  0.000000E+00  0.000000E+00  0.280452E+03  0.280710E+03  0.121456E+01  0.243665E+00
2005   5   4   1.000  0.337600E+03  0.348516E+03  0.000000E+00  0.000000E+00  0.280279E+03  0.280459E+03  0.174235E+01  0.365873E+00
2005   5   4   2.000  0.332100E+03  0.347536E+03  0.000000E+00  0.000000E+00  0.280153E+03  0.280345E+03  0.159683E+01  0.332581E+00
2005   5   4   3.000  0.331500E+03  0.346292E+03  0.000000E+00  0.000000E+00  0.279845E+03  0.280082E+03  0.141323E+01  0.291816E+00
2005   5   4   4.000  0.330700E+03  0.345605E+03  0.000000E+00  0.000000E+00  0.279713E+03  0.280007E+03  0.891783E+00  0.174995E+00
2005   5   4   5.000  0.333500E+03  0.345618E+03  0.000000E+00  0.000000E+00  0.279897E+03  0.279991E+03  0.385939E+00  0.900045E-01
2005   5   4   6.000  0.335800E+03  0.345325E+03  0.550000E+01  0.233495E+00  0.279894E+03  0.279765E+03  0.308286E+00  0.824195E-01
2005   5   4   7.000  0.336000E+03  0.348310E+03  0.524000E+02  0.222457E+01  0.281510E+03  0.280192E+03  0.170795E+00  0.609771E-01
2005   5   4   8.000  0.332800E+03  0.357928E+03  0.186200E+03  0.790488E+01  0.284580E+03  0.281836E+03  0.193428E+00  0.479965E-01
2005   5   4   9.000  0.337000E+03  0.360096E+03  0.286300E+03  0.121545E+02  0.282274E+03  0.281808E+03  0.127678E+01  0.280936E+00
2005   5   4  10.000  0.348200E+03  0.361729E+03  0.379500E+03  0.161112E+02  0.282885E+03  0.281776E+03  0.140214E+01  0.316058E+00
2005   5   4  11.000  0.349700E+03  0.358378E+03  0.215100E+03  0.913179E+01  0.282022E+03  0.281301E+03  0.890373E+00  0.215772E+00
2005   5   4  12.000  0.335200E+03  0.366872E+03  0.447500E+03  0.189980E+02  0.287789E+03  0.282684E+03  0.576709E+00  0.184416E+00
2005   5   4  13.000  0.339000E+03  0.374498E+03  0.592700E+03  0.251623E+02  0.286405E+03  0.283779E+03  0.102791E+01  0.263871E+00
2005   5   4  14.000  0.341900E+03  0.367457E+03  0.331700E+03  0.140819E+02  0.282856E+03  0.282830E+03  0.155387E+01  0.326549E+00
2005   5   4  15.000  0.342700E+03  0.364511E+03  0.190500E+03  0.808743E+01  0.283521E+03  0.282716E+03  0.101970E+01  0.235638E+00
2005   5   4  16.000  0.334300E+03  0.360429E+03  0.156200E+03  0.663127E+01  0.282629E+03  0.282083E+03  0.917576E+00  0.212901E+00
2005   5   4  17.000  0.349000E+03  0.352982E+03  0.516000E+02  0.219061E+01  0.280497E+03  0.280716E+03  0.129284E+01  0.264702E+00
2005   5   4  18.000  0.351900E+03  0.345108E+03  0.000000E+00  0.000000E+00  0.280508E+03  0.279078E+03  0.241482E+00  0.846901E-01
2005   5   4  19.000  0.347000E+03  0.340621E+03  0.000000E+00  0.000000E+00  0.278432E+03  0.278588E+03  0.910089E+00  0.196362E+00
2005   5   4  20.000  0.343200E+03  0.336412E+03  0.000000E+00  0.000000E+00  0.278037E+03  0.277754E+03  0.620234E+00  0.155636E+00
2005   5   4  21.000  0.339600E+03  0.335209E+03  0.000000E+00  0.000000E+00  0.278612E+03  0.277606E+03  0.307058E+00  0.964948E-01
2005   5   4  22.000  0.338900E+03  0.334383E+03  0.000000E+00  0.000000E+00  0.277247E+03  0.277537E+03  0.133232E+01  0.266137E+00
2005   5   4  23.000  0.330400E+03  0.334251E+03  0.000000E+00  0.000000E+00  0.277468E+03  0.277673E+03  0.993983E+00  0.199569E+00
2005   5   5   0.000  0.333200E+03  0.335412E+03  0.000000E+00  0.000000E+00  0.277833E+03  0.277893E+03  0.735695E+00  0.154975E+00
2005   5   5   1.000  0.334800E+03  0.334907E+03  0.000000E+00  0.000000E+00  0.277714E+03  0.277612E+03  0.533339E+00  0.127549E+00
2005   5   5   2.000  0.343900E+03  0.334763E+03  0.000000E+00  0.000000E+00  0.277657E+03  0.277436E+03  0.521388E+00  0.129241E+00
2005   5   5   3.000  0.335000E+03  0.333949E+03  0.000000E+00  0.000000E+00  0.277264E+03  0.277415E+03  0.744369E+00  0.159962E+00
2005   5   5   4.000  0.331800E+03  0.333602E+03  0.000000E+00  0.000000E+00  0.277543E+03  0.277360E+03  0.412175E+00  0.105633E+00
2005   5   5   5.000  0.332700E+03  0.334789E+03  0.500000E+00  0.212268E-01  0.277716E+03  0.277701E+03  0.492515E+00  0.111631E+00
2005   5   5   6.000  0.344700E+03  0.336194E+03  0.175000E+02  0.742940E+00  0.277896E+03  0.277652E+03  0.586361E+00  0.140271E+00
2005   5   5   7.000  0.345200E+03  0.336331E+03  0.360000E+02  0.152833E+01  0.278355E+03  0.277488E+03  0.371466E+00  0.109122E+00
2005   5   5   8.000  0.342200E+03  0.338441E+03  0.743000E+02  0.315431E+01  0.278714E+03  0.277924E+03  0.544548E+00  0.143239E+00
2005   5   5   9.000  0.344400E+03  0.334036E+03  0.559000E+02  0.237316E+01  0.276957E+03  0.276844E+03  0.815326E+00  0.190372E+00
2005   5   5  10.000  0.345700E+03  0.328067E+03  0.976000E+02  0.415498E+01  0.275450E+03  0.274783E+03  0.362717E+00  0.699175E-01
2005   5   5  11.000  0.336400E+03  0.333188E+03  0.234500E+03  0.100468E+02  0.275408E+03  0.275857E+03  0.104288E+01  0.204471E+00
2005   5   5  12.000  0.336300E+03  0.339418E+03  0.299600E+03  0.127406E+02  0.278067E+03  0.277618E+03  0.191297E+01  0.348186E+00
2005   5   5  13.000  0.336200E+03  0.348473E+03  0.318800E+03  0.135342E+02  0.282159E+03  0.279461E+03  0.743563E+00  0.204125E+00
2005   5   5  14.000  0.334300E+03  0.352642E+03  0.361400E+03  0.153428E+02  0.281881E+03  0.279952E+03  0.887650E+00  0.227900E+00
2005   5   5  15.000  0.335600E+03  0.353216E+03  0.260900E+03  0.110762E+02  0.282284E+03  0.280160E+03  0.598140E+00  0.170996E+00
2005   5   5  16.000  0.351700E+03  0.349262E+03  0.911000E+02  0.386753E+01  0.280613E+03  0.279538E+03  0.420543E+00  0.123550E+00
2005   5   5  17.000  0.340500E+03  0.348161E+03  0.363000E+02  0.154107E+01  0.280940E+03  0.279845E+03  0.122246E+00  0.269988E-01
2005   5   5  18.000  0.353800E+03  0.343160E+03  0.109000E+02  0.462745E+00  0.279193E+03  0.278590E+03  0.389531E+00  0.110238E+00
2005   5   5  19.000  0.334800E+03  0.339896E+03  0.310000E+01  0.131606E+00  0.278550E+03  0.278403E+03  0.549626E+00  0.128602E+00
2005   5   5  20.000  0.345900E+03  0.338224E+03  0.000000E+00  0.000000E+00  0.277889E+03  0.277990E+03  0.117596E+01  0.235510E+00
2005   5   5  21.000  0.345000E+03  0.337375E+03  0.000000E+00  0.000000E+00  0.277921E+03  0.277874E+03  0.799274E+00  0.171134E+00
2005   5   5  22.000  0.343900E+03  0.336743E+03  0.000000E+00  0.000000E+00  0.277725E+03  0.277763E+03  0.874990E+00  0.181144E+00
2005   5   5  23.000  0.345800E+03  0.336764E+03  0.000000E+00  0.000000E+00  0.278069E+03  0.277732E+03  0.469160E+00  0.117336E+00
2005   5   6   0.000  0.345600E+03  0.336079E+03  0.000000E+00  0.000000E+00  0.277678E+03  0.277568E+03  0.607377E+00  0.139418E+00
2005   5   6   1.000  0.343900E+03  0.334196E+03  0.000000E+00  0.000000E+00  0.277411E+03  0.277124E+03  0.465708E+00  0.118229E+00
2005   5   6   2.000  0.341700E+03  0.323641E+03  0.000000E+00  0.000000E+00  0.275996E+03  0.274215E+03  0.807440E+00  0.154525E+00
2005   5   6   3.000  0.341700E+03  0.327288E+03  0.000000E+00  0.000000E+00  0.276076E+03  0.274096E+03  0.103066E+01  0.166665E+00
2005   5   6   4.000  0.342000E+03  0.330417E+03  0.000000E+00  0.000000E+00  0.275888E+03  0.277358E+03  0.718591E+00  0.112150E+00
2005   5   6   5.000  0.339900E+03  0.325120E+03  0.600000E+00  0.254878E-01  0.275381E+03  0.275625E+03  0.101342E+01  0.210322E+00
2005   5   6   6.000  0.335200E+03  0.329938E+03  0.790000E+01  0.335384E+00  0.275166E+03  0.276772E+03  0.935156E+00  0.158975E+00
2005   5   6   7.000  0.337900E+03  0.331058E+03  0.177000E+02  0.751465E+00  0.274728E+03  0.276611E+03  0.916466E+00  0.241972E+00
2005   5   6   8.000  0.331900E+03  0.325376E+03  0.620000E+02  0.263574E+01  0.275281E+03  0.274340E+03  0.937144E+00  0.135098E+00
2005   5   6   9.000  0.327500E+03  0.335138E+03  0.187000E+03  0.793884E+01  0.277618E+03  0.277454E+03  0.133163E+01  0.263863E+00
2005   5   6  10.000  0.337200E+03  0.336528E+03  0.135300E+03  0.574425E+01  0.277826E+03  0.277246E+03  0.923188E+00  0.212115E+00
2005   5   6  11.000  0.338500E+03  0.334098E+03  0.138100E+03  0.586396E+01  0.276718E+03  0.276721E+03  0.118010E+01  0.245640E+00
2005   5   6  12.000  0.338800E+03  0.331602E+03  0.146200E+03  0.621237E+01  0.274762E+03  0.276322E+03  0.110778E+01  0.305194E+00
2005   5   6  13.000  0.337900E+03  0.334741E+03  0.148000E+03  0.628584E+01  0.277557E+03  0.277178E+03  0.187232E+01  0.342842E+00
2005   5   6  14.000  0.339500E+03  0.337901E+03  0.110900E+03  0.470811E+01  0.278257E+03  0.277647E+03  0.860640E+00  0.199403E+00
2005   5   6  15.000  0.333700E+03  0.337158E+03  0.671000E+02  0.284864E+01  0.277777E+03  0.277571E+03  0.842734E+00  0.186991E+00
2005   5   6  16.000  0.322200E+03  0.341596E+03  0.153500E+03  0.651664E+01  0.278925E+03  0.278552E+03  0.138925E+01  0.283010E+00
2005   5   6  17.000  0.338000E+03  0.338760E+03  0.326000E+02  0.138399E+01  0.277804E+03  0.277887E+03  0.138877E+01  0.290845E+00
2005   5   6  18.000  0.338000E+03  0.336345E+03  0.390000E+01  0.165569E+00  0.277494E+03  0.277544E+03  0.115327E+01  0.234640E+00
2005   5   6  19.000  0.330800E+03  0.336730E+03  0.100000E+00  0.424537E-02  0.277896E+03  0.277796E+03  0.148343E+01  0.307083E+00
2005   5   6  20.000  0.330600E+03  0.337830E+03  0.000000E+00  0.000000E+00  0.278153E+03  0.278022E+03  0.119258E+01  0.238417E+00
2005   5   6  21.000  0.338900E+03  0.335780E+03  0.000000E+00  0.000000E+00  0.277359E+03  0.277432E+03  0.128200E+01  0.265206E+00
2005   5   6  22.000  0.336800E+03  0.335093E+03  0.000000E+00  0.000000E+00  0.277334E+03  0.277392E+03  0.946312E+00  0.188853E+00
2005   5   6  23.000  0.328600E+03  0.333980E+03  0.000000E+00  0.000000E+00  0.277188E+03  0.277260E+03  0.107144E+01  0.217762E+00
2005   5   7   0.000  0.325400E+03  0.334531E+03  0.000000E+00  0.000000E+00  0.277445E+03  0.277433E+03  0.118862E+01  0.241218E+00
2005   5   7   1.000  0.321400E+03  0.335070E+03  0.000000E+00  0.000000E+00  0.277573E+03  0.277568E+03  0.114347E+01  0.237950E+00
2005   5   7   2.000  0.283900E+03  0.331488E+03  0.000000E+00  0.000000E+00  0.276379E+03  0.277161E+03  0.810057E+00  0.301901E+00
2005   5   7   3.000  0.299100E+03  0.332606E+03  0.000000E+00  0.000000E+00  0.276975E+03  0.277326E+03  0.616246E+00  0.210383E+00
2005   5   7   4.000  0.308300E+03  0.333608E+03  0.000000E+00  0.000000E+00  0.277161E+03  0.277428E+03  0.557996E+00  0.188793E+00
2005   5   7   5.000  0.285900E+03  0.331180E+03  0.560000E+01  0.237741E+00  0.276334E+03  0.277076E+03  0.781289E+00  0.291769E+00
2005   5   7   6.000  0.291600E+03  0.335220E+03  0.586000E+02  0.248779E+01  0.278139E+03  0.277833E+03  0.171752E+01  0.346866E+00
2005   5   7   7.000  0.282400E+03  0.340143E+03  0.161800E+03  0.686901E+01  0.278882E+03  0.278670E+03  0.124206E+01  0.247017E+00
2005   5   7   8.000  0.290600E+03  0.348556E+03  0.364800E+03  0.154871E+02  0.280538E+03  0.279828E+03  0.164587E+01  0.343087E+00
2005   5   7   9.000  0.316500E+03  0.357168E+03  0.539400E+03  0.228995E+02  0.282048E+03  0.280787E+03  0.170783E+01  0.370687E+00
2005   5   7  10.000  0.325600E+03  0.352347E+03  0.228200E+03  0.968793E+01  0.280103E+03  0.280149E+03  0.164715E+01  0.343866E+00
2005   5   7  11.000  0.341800E+03  0.346592E+03  0.163000E+03  0.691995E+01  0.279132E+03  0.279037E+03  0.178141E+01  0.363937E+00
2005   5   7  12.000  0.344800E+03  0.343241E+03  0.172600E+03  0.732751E+01  0.278505E+03  0.278424E+03  0.179210E+01  0.363681E+00
2005   5   7  13.000  0.340600E+03  0.342821E+03  0.130900E+03  0.555719E+01  0.278763E+03  0.278599E+03  0.195912E+01  0.400445E+00
2005   5   7  14.000  0.344800E+03  0.342418E+03  0.836000E+02  0.354913E+01  0.278717E+03  0.278568E+03  0.188387E+01  0.386817E+00
2005   5   7  15.000  0.341100E+03  0.343684E+03  0.669000E+02  0.284015E+01  0.279224E+03  0.278959E+03  0.218092E+01  0.454818E+00
2005   5   7  16.000  0.339200E+03  0.345674E+03  0.387000E+02  0.164296E+01  0.279723E+03  0.279450E+03  0.207329E+01  0.438651E+00
2005   5   7  17.000  0.333900E+03  0.346662E+03  0.448000E+02  0.190193E+01  0.279908E+03  0.279641E+03  0.175296E+01  0.366015E+00
2005   5   7  18.000  0.338200E+03  0.344323E+03  0.127000E+02  0.539162E+00  0.279168E+03  0.279120E+03  0.187331E+01  0.409855E+00
2005   5   7  19.000  0.339600E+03  0.343583E+03  0.130000E+01  0.551898E-01  0.279156E+03  0.279050E+03  0.177732E+01  0.384545E+00
2005   5   7  20.000  0.339400E+03  0.340200E+03  0.000000E+00  0.000000E+00  0.278295E+03  0.278317E+03  0.215581E+01  0.473488E+00
2005   5   7  21.000  0.332600E+03  0.331768E+03  0.000000E+00  0.000000E+00  0.276395E+03  0.276586E+03  0.282637E+01  0.625114E+00
2005   5   7  22.000  0.325000E+03  0.323619E+03  0.000000E+00  0.000000E+00  0.274507E+03  0.274477E+03  0.154166E+01  0.330571E+00
2005   5   7  23.000  0.327900E+03  0.325041E+03  0.000000E+00  0.000000E+00  0.274598E+03  0.274749E+03  0.221553E+01  0.508715E+00
2005   5   8   0.000  0.324500E+03  0.321763E+03  0.000000E+00  0.000000E+00  0.274224E+03  0.274190E+03  0.160505E+01  0.341917E+00
2005   5   8   1.000  0.318200E+03  0.316909E+03  0.000000E+00  0.000000E+00  0.273994E+03  0.273294E+03  0.764197E+00  0.130568E+00
2005   5   8   2.000  0.323100E+03  0.317863E+03  0.000000E+00  0.000000E+00  0.274025E+03  0.273395E+03  0.953473E+00  0.176859E+00
2005   5   8   3.000  0.322200E+03  0.317414E+03  0.000000E+00  0.000000E+00  0.273806E+03  0.273350E+03  0.909921E+00  0.163105E+00
2005   5   8   4.000  0.320700E+03  0.317197E+03  0.000000E+00  0.000000E+00  0.273833E+03  0.273319E+03  0.837215E+00  0.170927E+00
2005   5   8   5.000  0.314300E+03  0.318995E+03  0.380000E+01  0.179792E+00  0.273940E+03  0.273787E+03  0.130830E+01  0.269663E+00
2005   5   8   6.000  0.302200E+03  0.319226E+03  0.498000E+02  0.235587E+01  0.273855E+03  0.273906E+03  0.138829E+01  0.315583E+00
2005   5   8   7.000  0.281700E+03  0.320943E+03  0.250000E+03  0.117711E+02  0.273864E+03  0.274243E+03  0.147210E+01  0.367459E+00
2005   5   8   8.000  0.259600E+03  0.324817E+03  0.565100E+03  0.264118E+02  0.274181E+03  0.274889E+03  0.113807E+01  0.267166E+00
2005   5   8   9.000  0.284000E+03  0.330478E+03  0.692100E+03  0.319875E+02  0.274808E+03  0.275593E+03  0.112518E+01  0.230598E+00
2005   5   8  10.000  0.280500E+03  0.336298E+03  0.924100E+03  0.420979E+02  0.275349E+03  0.276449E+03  0.138260E+01  0.294210E+00
2005   5   8  11.000  0.294000E+03  0.337705E+03  0.652600E+03  0.291397E+02  0.275999E+03  0.276786E+03  0.142768E+01  0.275741E+00
2005   5   8  12.000  0.306300E+03  0.339441E+03  0.583300E+03  0.255382E+02  0.276261E+03  0.276966E+03  0.142485E+01  0.261625E+00
2005   5   8  13.000  0.296300E+03  0.342990E+03  0.574200E+03  0.245608E+02  0.276576E+03  0.277476E+03  0.156346E+01  0.293538E+00
2005   5   8  14.000  0.295300E+03  0.349936E+03  0.553100E+03  0.235908E+02  0.277469E+03  0.278216E+03  0.151288E+01  0.242810E+00
2005   5   8  15.000  0.300700E+03  0.349005E+03  0.364300E+03  0.154866E+02  0.277551E+03  0.279049E+03  0.135361E+01  0.209921E+00
2005   5   8  16.000  0.297300E+03  0.348032E+03  0.292700E+03  0.124262E+02  0.277634E+03  0.279230E+03  0.955415E+00  0.148345E+00
2005   5   8  17.000  0.307100E+03  0.346447E+03  0.202600E+03  0.860112E+01  0.277634E+03  0.279070E+03  0.955415E+00  0.147392E+00
2005   5   8  18.000  0.311800E+03  0.341926E+03  0.500000E+02  0.212268E+01  0.277222E+03  0.278504E+03  0.397840E+00  0.551788E-01
2005   5   8  19.000  0.316600E+03  0.335716E+03  0.000000E+00  0.000000E+00  0.276400E+03  0.277388E+03  0.477572E+00  0.741326E-01
2005   5   8  20.000  0.314100E+03  0.332135E+03  0.000000E+00  0.000000E+00  0.275988E+03  0.276875E+03  0.636902E+00  0.937434E-01
2005   5   8  21.000  0.313700E+03  0.330466E+03  0.000000E+00  0.000000E+00  0.275824E+03  0.276661E+03  0.557262E+00  0.800513E-01
2005   5   8  22.000  0.311900E+03  0.329305E+03  0.000000E+00  0.000000E+00  0.275813E+03  0.276906E+03  0.636907E+00  0.707940E-01
2005   5   8  23.000  0.303200E+03  0.327334E+03  0.000000E+00  0.000000E+00  0.275289E+03  0.276588E+03  0.477538E+00  0.693132E-01
2005   5   9   0.000  0.303100E+03  0.325797E+03  0.000000E+00  0.000000E+00  0.274951E+03  0.276519E+03  0.397883E+00  0.559875E-01
2005   5   9   1.000  0.303800E+03  0.324651E+03  0.000000E+00  0.000000E+00  0.274748E+03  0.275989E+03  0.557242E+00  0.497110E-01
2005   5   9   2.000  0.308700E+03  0.324454E+03  0.000000E+00  0.000000E+00  0.274859E+03  0.275941E+03  0.397956E+00  0.581682E-01
2005   5   9   3.000  0.311900E+03  0.324414E+03  0.000000E+00  0.000000E+00  0.275018E+03  0.275867E+03  0.318305E+00  0.284150E-01
2005   5   9   4.000  0.320900E+03  0.325506E+03  0.000000E+00  0.000000E+00  0.275083E+03  0.276209E+03  0.716585E+00  0.761375E-01
2005   5   9   5.000  0.334300E+03  0.325551E+03  0.150000E+01  0.636836E-01  0.274505E+03  0.275426E+03  0.969697E+00  0.158768E+00
2005   5   9   6.000  0.333800E+03  0.326747E+03  0.164000E+02  0.696342E+00  0.274731E+03  0.275726E+03  0.118597E+01  0.200516E+00
2005   5   9   7.000  0.331600E+03  0.325899E+03  0.409000E+02  0.173636E+01  0.274391E+03  0.275281E+03  0.848061E+00  0.131741E+00
2005   5   9   8.000  0.331900E+03  0.325164E+03  0.711000E+02  0.301995E+01  0.274740E+03  0.275204E+03  0.945608E+00  0.131657E+00
2005   5   9   9.000  0.335200E+03  0.329512E+03  0.187200E+03  0.795008E+01  0.274837E+03  0.275766E+03  0.875868E+00  0.134083E+00
2005   5   9  10.000  0.332300E+03  0.324884E+03  0.998000E+02  0.423816E+01  0.273833E+03  0.274812E+03  0.837215E+00  0.168606E+00
2005   5   9  11.000  0.331400E+03  0.326920E+03  0.224900E+03  0.960185E+01  0.274277E+03  0.274706E+03  0.892655E+00  0.159633E+00
2005   5   9  12.000  0.317400E+03  0.341812E+03  0.401900E+03  0.170673E+02  0.275495E+03  0.278014E+03  0.397969E+00  0.449587E-01
2005   5   9  13.000  0.317200E+03  0.337397E+03  0.306500E+03  0.130121E+02  0.274863E+03  0.277008E+03  0.167936E+01  0.357559E+00
2005   5   9  14.000  0.312300E+03  0.343022E+03  0.448400E+03  0.190362E+02  0.275821E+03  0.277980E+03  0.140598E+01  0.251012E+00
2005   5   9  15.000  0.308700E+03  0.343113E+03  0.317700E+03  0.134875E+02  0.276335E+03  0.278220E+03  0.142299E+01  0.238383E+00
2005   5   9  16.000  0.319800E+03  0.341446E+03  0.143000E+03  0.607088E+01  0.276868E+03  0.278171E+03  0.118322E+01  0.179639E+00
2005   5   9  17.000  0.324800E+03  0.339921E+03  0.589000E+02  0.250052E+01  0.276773E+03  0.278002E+03  0.391918E+00  0.561419E-01
2005   5   9  18.000  0.310600E+03  0.337257E+03  0.663000E+02  0.281468E+01  0.276602E+03  0.277672E+03  0.625538E+00  0.985396E-01
2005   5   9  19.000  0.304200E+03  0.332974E+03  0.700000E+01  0.297176E+00  0.276179E+03  0.277100E+03  0.857955E+00  0.126152E+00
2005   5   9  20.000  0.270800E+03  0.326121E+03  0.000000E+00  0.000000E+00  0.274427E+03  0.276585E+03  0.622359E+00  0.739992E-01
2005   5   9  21.000  0.284800E+03  0.324240E+03  0.000000E+00  0.000000E+00  0.274716E+03  0.275911E+03  0.544500E+00  0.568866E-01
2005   5   9  22.000  0.306500E+03  0.325678E+03  0.000000E+00  0.000000E+00  0.275670E+03  0.276054E+03  0.622473E+00  0.110524E+00
2005   5   9  23.000  0.262000E+03  0.320274E+03  0.000000E+00  0.000000E+00  0.274011E+03  0.275421E+03  0.620818E+00  0.601858E-01
2005   5  10   0.000  0.240700E+03  0.315993E+03  0.000000E+00  0.000000E+00  0.273232E+03  0.275055E+03  0.776261E+00  0.115093E+00
2005   5  10   1.000  0.250700E+03  0.315484E+03  0.000000E+00  0.000000E+00  0.273507E+03  0.274672E+03  0.854226E+00  0.146158E+00
2005   5  10   2.000  0.248400E+03  0.313451E+03  0.000000E+00  0.000000E+00  0.273449E+03  0.274745E+03  0.108759E+01  0.118883E+00
2005   5  10   3.000  0.257800E+03  0.313295E+03  0.000000E+00  0.000000E+00  0.273618E+03  0.274628E+03  0.108756E+01  0.122463E+00
2005   5  10   4.000  0.261900E+03  0.313940E+03  0.000000E+00  0.000000E+00  0.273592E+03  0.274602E+03  0.124302E+01  0.184186E+00
2005   5  10   5.000  0.248600E+03  0.312940E+03  0.119000E+02  0.505199E+00  0.273367E+03  0.274113E+03  0.853749E+00  0.820456E-01
2005   5  10   6.000  0.264000E+03  0.318520E+03  0.871000E+02  0.369937E+01  0.275145E+03  0.275024E+03  0.231230E+00  0.382805E-01
2005   5  10   7.000  0.273500E+03  0.329362E+03  0.162700E+03  0.690722E+01  0.276249E+03  0.276678E+03  0.732114E-01  0.137499E-01
2005   5  10   8.000  0.287200E+03  0.348866E+03  0.345300E+03  0.146593E+02  0.277542E+03  0.279481E+03  0.385392E+00  0.464439E-01
2005   5  10   9.000  0.322300E+03  0.348945E+03  0.213100E+03  0.904688E+01  0.277753E+03  0.279310E+03  0.918717E+00  0.147640E+00
2005   5  10  10.000  0.335700E+03  0.348443E+03  0.277900E+03  0.117979E+02  0.277123E+03  0.278997E+03  0.131494E+01  0.216376E+00
2005   5  10  11.000  0.331400E+03  0.343282E+03  0.116900E+03  0.496284E+01  0.276883E+03  0.278331E+03  0.892415E+00  0.146759E+00
2005   5  10  12.000  0.346200E+03  0.338709E+03  0.861000E+02  0.365526E+01  0.275998E+03  0.277333E+03  0.808539E+00  0.135549E+00
2005   5  10  13.000  0.345000E+03  0.341503E+03  0.113400E+03  0.481425E+01  0.275741E+03  0.277972E+03  0.354476E+00  0.461983E-01
2005   5  10  14.000  0.345500E+03  0.335184E+03  0.711000E+02  0.301944E+01  0.275661E+03  0.276755E+03  0.575114E+00  0.991966E-01
2005   5  10  15.000  0.335500E+03  0.336956E+03  0.893000E+02  0.379181E+01  0.275792E+03  0.277439E+03  0.195354E+00  0.270738E-01
2005   5  10  16.000  0.330300E+03  0.338572E+03  0.588000E+02  0.249628E+01  0.277866E+03  0.277792E+03  0.859520E-01  0.193537E-01
2005   5  10  17.000  0.341500E+03  0.333659E+03  0.226000E+02  0.959453E+00  0.276807E+03  0.276543E+03  0.293005E+00  0.853036E-01
2005   5  10  18.000  0.336500E+03  0.327426E+03  0.161000E+02  0.683759E+00  0.274361E+03  0.275586E+03  0.747409E+00  0.190549E+00
2005   5  10  19.000  0.322500E+03  0.325304E+03  0.000000E+00  0.000000E+00  0.274502E+03  0.275560E+03  0.626350E+00  0.132670E+00
2005   5  10  20.000  0.309100E+03  0.324826E+03  0.000000E+00  0.000000E+00  0.275612E+03  0.275684E+03  0.724451E+00  0.122709E+00
2005   5  10  21.000  0.317300E+03  0.325299E+03  0.000000E+00  0.000000E+00  0.275478E+03  0.275648E+03  0.419245E+00  0.861585E-01
2005   5  10  22.000  0.305700E+03  0.323327E+03  0.000000E+00  0.000000E+00  0.275063E+03  0.275237E+03  0.239346E+00  0.586260E-01
2005   5  10  23.000  0.322900E+03  0.323319E+03  0.000000E+00  0.000000E+00  0.275108E+03  0.275007E+03  0.314733E+00  0.831496E-01
2005   5  11   0.000  0.325300E+03  0.321731E+03  0.000000E+00  0.000000E+00  0.274450E+03  0.274634E+03  0.636173E+00  0.139716E+00
2005   5  11   1.000  0.328300E+03  0.321270E+03  0.000000E+00  0.000000E+00  0.274387E+03  0.274508E+03  0.122709E+00  0.364182E-01
2005   5  11   2.000  0.320800E+03  0.320764E+03  0.000000E+00  0.000000E+00  0.274460E+03  0.274603E+03  0.345871E+00  0.807508E-01
2005   5  11   3.000  0.285300E+03  0.317316E+03  0.000000E+00  0.000000E+00  0.274097E+03  0.274943E+03  0.266058E+00  0.765286E-01
2005   5  11   4.000  0.277300E+03  0.315314E+03  0.000000E+00  0.000000E+00  0.273980E+03  0.274677E+03  0.440912E+00  0.839875E-01
2005   5  11   5.000  0.272400E+03  0.313396E+03  0.121000E+02  0.513690E+00  0.273712E+03  0.274233E+03  0.259426E+00  0.285772E-01
2005   5  11   6.000  0.254300E+03  0.314577E+03  0.685000E+02  0.290834E+01  0.274654E+03  0.274481E+03  0.106254E+00  0.359817E-01
2005   5  11   7.000  0.242100E+03  0.324527E+03  0.225400E+03  0.956906E+01  0.278225E+03  0.275756E+03  0.234570E+00  0.856952E-01
2005   5  11   8.000  0.255100E+03  0.327062E+03  0.161300E+03  0.684778E+01  0.276675E+03  0.275993E+03  0.333601E+00  0.983418E-01
2005   5  11   9.000  0.272100E+03  0.343744E+03  0.458300E+03  0.194565E+02  0.284405E+03  0.278361E+03  0.295571E+00  0.808375E-01
2005   5  11  10.000  0.281300E+03  0.350251E+03  0.613800E+03  0.260581E+02  0.281844E+03  0.279233E+03  0.972409E+00  0.252905E+00
2005   5  11  11.000  0.290300E+03  0.352971E+03  0.599600E+03  0.254552E+02  0.281597E+03  0.279759E+03  0.136391E+01  0.319079E+00
2005   5  11  12.000  0.302300E+03  0.361382E+03  0.680300E+03  0.288812E+02  0.284339E+03  0.281196E+03  0.119003E+01  0.297482E+00
2005   5  11  13.000  0.303400E+03  0.362068E+03  0.528500E+03  0.224368E+02  0.282722E+03  0.281523E+03  0.134921E+01  0.307055E+00
2005   5  11  14.000  0.307700E+03  0.372654E+03  0.855000E+03  0.362979E+02  0.287530E+03  0.283019E+03  0.126034E+01  0.321527E+00
2005   5  11  15.000  0.298900E+03  0.370679E+03  0.741100E+03  0.314624E+02  0.283640E+03  0.282785E+03  0.171941E+01  0.375589E+00
2005   5  11  16.000  0.286600E+03  0.363652E+03  0.447700E+03  0.190065E+02  0.283000E+03  0.282169E+03  0.156391E+01  0.338272E+00
2005   5  11  17.000  0.269800E+03  0.360347E+03  0.353100E+03  0.149904E+02  0.282518E+03  0.282112E+03  0.174766E+01  0.355056E+00
2005   5  11  18.000  0.255400E+03  0.351365E+03  0.163200E+03  0.692844E+01  0.280890E+03  0.280816E+03  0.136540E+01  0.285628E+00
2005   5  11  19.000  0.249700E+03  0.339969E+03  0.210000E+02  0.891527E+00  0.278728E+03  0.279000E+03  0.274732E+00  0.116943E+00
2005   5  11  20.000  0.242200E+03  0.330830E+03  0.000000E+00  0.000000E+00  0.277382E+03  0.277815E+03  0.347624E+00  0.598475E-01
2005   5  11  21.000  0.238500E+03  0.324106E+03  0.000000E+00  0.000000E+00  0.276614E+03  0.276753E+03  0.417867E+00  0.822141E-01
2005   5  11  22.000  0.240600E+03  0.319232E+03  0.000000E+00  0.000000E+00  0.276401E+03  0.275981E+03  0.559401E+00  0.568484E-01
2005   5  11  23.000  0.239600E+03  0.314709E+03  0.000000E+00  0.000000E+00  0.275995E+03  0.275388E+03  0.484852E+00  0.500567E-01
2005   5  12   0.000  0.239300E+03  0.314264E+03  0.000000E+00  0.000000E+00  0.275602E+03  0.274928E+03  0.718778E+00  0.876009E-01
2005   5  12   1.000  0.240000E+03  0.312322E+03  0.000000E+00  0.000000E+00  0.275840E+03  0.274755E+03  0.696998E+00  0.711909E-01
2005   5  12   2.000  0.241900E+03  0.314575E+03  0.000000E+00  0.000000E+00  0.276072E+03  0.274913E+03  0.694307E+00  0.137263E+00
2005   5  12   3.000  0.243600E+03  0.313981E+03  0.000000E+00  0.000000E+00  0.275864E+03  0.274864E+03  0.473576E+00  0.878066E-01
2005   5  12   4.000  0.246400E+03  0.314198E+03  0.000000E+00  0.000000E+00  0.275957E+03  0.274827E+03  0.471527E+00  0.874946E-01
2005   5  12   5.000  0.254600E+03  0.314332E+03  0.114000E+02  0.483972E+00  0.275903E+03  0.274605E+03  0.250933E+00  0.533981E-01
2005   5  12   6.000  0.255200E+03  0.318678E+03  0.479000E+02  0.203353E+01  0.277207E+03  0.275368E+03  0.328720E+00  0.582751E-01
2005   5  12   7.000  0.284200E+03  0.329305E+03  0.124400E+03  0.528124E+01  0.279307E+03  0.276806E+03  0.745321E-01  0.273379E-01
2005   5  12   8.000  0.308000E+03  0.351933E+03  0.300100E+03  0.127404E+02  0.283857E+03  0.280029E+03  0.924575E-01  0.195307E-01
2005   5  12   9.000  0.309200E+03  0.360498E+03  0.434200E+03  0.184334E+02  0.285963E+03  0.281270E+03  0.332058E+00  0.120958E+00
2005   5  12  10.000  0.316700E+03  0.367814E+03  0.500400E+03  0.212438E+02  0.286563E+03  0.282482E+03  0.549194E+00  0.172944E+00
2005   5  12  11.000  0.302300E+03  0.378075E+03  0.786600E+03  0.333941E+02  0.289160E+03  0.284057E+03  0.848259E+00  0.242626E+00
2005   5  12  12.000  0.310900E+03  0.381017E+03  0.713500E+03  0.302907E+02  0.287035E+03  0.284542E+03  0.104098E+01  0.265449E+00
2005   5  12  13.000  0.322600E+03  0.386325E+03  0.746800E+03  0.317044E+02  0.288036E+03  0.285663E+03  0.146497E+01  0.342221E+00
2005   5  12  14.000  0.317000E+03  0.388584E+03  0.687200E+03  0.291742E+02  0.287951E+03  0.286180E+03  0.144029E+01  0.330571E+00
2005   5  12  15.000  0.316400E+03  0.391793E+03  0.661900E+03  0.281001E+02  0.288741E+03  0.286960E+03  0.150317E+01  0.340661E+00
2005   5  12  16.000  0.301200E+03  0.387451E+03  0.472500E+03  0.200594E+02  0.287482E+03  0.286492E+03  0.126252E+01  0.283803E+00
2005   5  12  17.000  0.295300E+03  0.381815E+03  0.312100E+03  0.132498E+02  0.286465E+03  0.285985E+03  0.138693E+01  0.290591E+00
2005   5  12  18.000  0.285300E+03  0.373594E+03  0.148100E+03  0.628739E+01  0.285127E+03  0.284856E+03  0.766175E+00  0.166973E+00
2005   5  12  19.000  0.282000E+03  0.363129E+03  0.191000E+02  0.810866E+00  0.283187E+03  0.283303E+03  0.275348E+00  0.494999E-01
2005   5  12  20.000  0.283900E+03  0.355083E+03  0.000000E+00  0.000000E+00  0.281936E+03  0.281858E+03  0.490631E+00  0.921548E-01
2005   5  12  21.000  0.272000E+03  0.349097E+03  0.000000E+00  0.000000E+00  0.281133E+03  0.281014E+03  0.616051E+00  0.840893E-01
2005   5  12  22.000  0.275600E+03  0.344878E+03  0.000000E+00  0.000000E+00  0.281163E+03  0.280334E+03  0.628903E+00  0.643633E-01
2005   5  12  23.000  0.283400E+03  0.342493E+03  0.000000E+00  0.000000E+00  0.281287E+03  0.279922E+03  0.627559E+00  0.639629E-01
2005   5  13   0.000  0.271100E+03  0.339356E+03  0.000000E+00  0.000000E+00  0.280787E+03  0.279449E+03  0.696367E+00  0.710261E-01
2005   5  13   1.000  0.270500E+03  0.338941E+03  0.000000E+00  0.000000E+00  0.280864E+03  0.279322E+03  0.838802E+00  0.852442E-01
2005   5  13   2.000  0.315800E+03  0.343735E+03  0.000000E+00  0.000000E+00  0.281133E+03  0.279741E+03  0.558167E+00  0.109110E+00
2005   5  13   3.000  0.317200E+03  0.344725E+03  0.000000E+00  0.000000E+00  0.281063E+03  0.279839E+03  0.411560E+00  0.780419E-01
2005   5  13   4.000  0.306000E+03  0.345442E+03  0.000000E+00  0.000000E+00  0.281211E+03  0.279964E+03  0.551873E+00  0.109610E+00
2005   5  13   5.000  0.331400E+03  0.347985E+03  0.300000E+00  0.127361E-01  0.281043E+03  0.280166E+03  0.585423E+00  0.686484E-01
2005   5  13   6.000  0.334800E+03  0.351165E+03  0.442000E+02  0.187645E+01  0.281291E+03  0.280582E+03  0.339845E+00  0.497298E-01
2005   5  13   7.000  0.337700E+03  0.355290E+03  0.798000E+02  0.338780E+01  0.282110E+03  0.281086E+03  0.871358E-01  0.186286E-01
2005   5  13   8.000  0.347100E+03  0.358905E+03  0.152200E+03  0.646145E+01  0.283828E+03  0.281517E+03  0.232902E+00  0.848243E-01
2005   5  13   9.000  0.328000E+03  0.366202E+03  0.396900E+03  0.168499E+02  0.286756E+03  0.282569E+03  0.494069E+00  0.160799E+00
2005   5  13  10.000  0.345700E+03  0.376906E+03  0.380300E+03  0.161451E+02  0.287868E+03  0.284517E+03  0.462495E+00  0.147661E+00
2005   5  13  11.000  0.344200E+03  0.388068E+03  0.642700E+03  0.272850E+02  0.289581E+03  0.286119E+03  0.101093E+01  0.263207E+00
2005   5  13  12.000  0.331300E+03  0.389156E+03  0.601000E+03  0.255147E+02  0.287286E+03  0.286418E+03  0.155864E+01  0.340207E+00
2005   5  13  13.000  0.332000E+03  0.399722E+03  0.809200E+03  0.343535E+02  0.291605E+03  0.288158E+03  0.136128E+01  0.331287E+00
2005   5  13  14.000  0.337500E+03  0.394478E+03  0.482700E+03  0.204924E+02  0.287492E+03  0.287381E+03  0.138972E+01  0.295899E+00
2005   5  13  15.000  0.332300E+03  0.391132E+03  0.344500E+03  0.146253E+02  0.288989E+03  0.287314E+03  0.982613E+00  0.238428E+00
2005   5  13  16.000  0.325800E+03  0.395917E+03  0.532100E+03  0.225896E+02  0.292078E+03  0.287851E+03  0.655963E+00  0.195643E+00
2005   5  13  17.000  0.327000E+03  0.391671E+03  0.337200E+03  0.143154E+02  0.287536E+03  0.287479E+03  0.123408E+01  0.259975E+00
2005   5  13  18.000  0.313900E+03  0.383454E+03  0.148100E+03  0.628739E+01  0.286925E+03  0.286532E+03  0.925605E+00  0.199809E+00
2005   5  13  19.000  0.294200E+03  0.372878E+03  0.207000E+02  0.878791E+00  0.284934E+03  0.285105E+03  0.475466E+00  0.923348E-01
2005   5  13  20.000  0.292900E+03  0.365127E+03  0.000000E+00  0.000000E+00  0.283626E+03  0.283771E+03  0.580874E+00  0.106566E+00
2005   5  13  21.000  0.284900E+03  0.359970E+03  0.000000E+00  0.000000E+00  0.283191E+03  0.283049E+03  0.674809E+00  0.169954E+00
2005   5  13  22.000  0.282200E+03  0.357607E+03  0.000000E+00  0.000000E+00  0.282866E+03  0.282708E+03  0.762133E+00  0.210477E+00
2005   5  13  23.000  0.317700E+03  0.360662E+03  0.000000E+00  0.000000E+00  0.283838E+03  0.282885E+03  0.783908E+00  0.198776E+00
2005   5  14   0.000  0.299200E+03  0.361362E+03  0.000000E+00  0.000000E+00  0.283290E+03  0.283001E+03  0.882786E+00  0.234822E+00
2005   5  14   1.000  0.283100E+03  0.360689E+03  0.000000E+00  0.000000E+00  0.282929E+03  0.282947E+03  0.966299E+00  0.234121E+00
2005   5  14   2.000  0.289300E+03  0.361878E+03  0.000000E+00  0.000000E+00  0.283308E+03  0.283003E+03  0.952460E+00  0.254710E+00
2005   5  14   3.000  0.297500E+03  0.359150E+03  0.000000E+00  0.000000E+00  0.283512E+03  0.282560E+03  0.910189E+00  0.116857E+00
2005   5  14   4.000  0.302400E+03  0.357380E+03  0.000000E+00  0.000000E+00  0.283409E+03  0.282273E+03  0.766048E+00  0.119732E+00
2005   5  14   5.000  0.300100E+03  0.361455E+03  0.228000E+02  0.967944E+00  0.284158E+03  0.282969E+03  0.910795E+00  0.170849E+00
2005   5  14   6.000  0.318400E+03  0.367336E+03  0.868000E+02  0.368498E+01  0.284878E+03  0.283401E+03  0.375691E+00  0.110502E+00
2005   5  14   7.000  0.319600E+03  0.376191E+03  0.228000E+03  0.967944E+01  0.286354E+03  0.285352E+03  0.862917E+00  0.197401E+00
2005   5  14   8.000  0.331200E+03  0.381253E+03  0.316800E+03  0.134493E+02  0.286937E+03  0.285740E+03  0.891650E+00  0.214347E+00
2005   5  14   9.000  0.330900E+03  0.383284E+03  0.356700E+03  0.151432E+02  0.286545E+03  0.286100E+03  0.155759E+01  0.323250E+00
2005   5  14  10.000  0.341800E+03  0.382507E+03  0.317700E+03  0.134875E+02  0.286463E+03  0.285783E+03  0.128752E+01  0.281240E+00
2005   5  14  11.000  0.350000E+03  0.383468E+03  0.287300E+03  0.121969E+02  0.287651E+03  0.285921E+03  0.681718E+00  0.182191E+00
2005   5  14  12.000  0.353700E+03  0.382937E+03  0.387300E+03  0.164423E+02  0.286115E+03  0.285732E+03  0.185600E+01  0.378751E+00
2005   5  14  13.000  0.355800E+03  0.371137E+03  0.181500E+03  0.770535E+01  0.283526E+03  0.283635E+03  0.141069E+01  0.291788E+00
2005   5  14  14.000  0.356000E+03  0.362125E+03  0.110000E+03  0.466991E+01  0.282301E+03  0.282314E+03  0.194572E+01  0.403576E+00
2005   5  14  15.000  0.357100E+03  0.358163E+03  0.148500E+03  0.630437E+01  0.281585E+03  0.281552E+03  0.169124E+01  0.341782E+00
2005   5  14  16.000  0.354700E+03  0.354909E+03  0.427000E+02  0.181277E+01  0.281154E+03  0.281242E+03  0.156765E+01  0.323186E+00
2005   5  14  17.000  0.352000E+03  0.357227E+03  0.720000E+02  0.305667E+01  0.282015E+03  0.281785E+03  0.169563E+01  0.340646E+00
2005   5  14  18.000  0.343300E+03  0.357529E+03  0.444000E+02  0.188494E+01  0.282044E+03  0.281920E+03  0.149130E+01  0.305366E+00
2005   5  14  19.000  0.348100E+03  0.356189E+03  0.230000E+01  0.976435E-01  0.281689E+03  0.281653E+03  0.125352E+01  0.259921E+00
2005   5  14  20.000  0.355400E+03  0.353964E+03  0.000000E+00  0.000000E+00  0.281070E+03  0.281114E+03  0.109820E+01  0.223300E+00
2005   5  14  21.000  0.349200E+03  0.352481E+03  0.000000E+00  0.000000E+00  0.280930E+03  0.280938E+03  0.127032E+01  0.260903E+00
2005   5  14  22.000  0.333100E+03  0.351682E+03  0.000000E+00  0.000000E+00  0.280985E+03  0.280975E+03  0.101693E+01  0.205807E+00
2005   5  14  23.000  0.330000E+03  0.352807E+03  0.000000E+00  0.000000E+00  0.281279E+03  0.281204E+03  0.102103E+01  0.229307E+00
2005   5  15   0.000  0.339700E+03  0.353348E+03  0.000000E+00  0.000000E+00  0.281262E+03  0.281189E+03  0.909443E+00  0.182153E+00
2005   5  15   1.000  0.287200E+03  0.348578E+03  0.000000E+00  0.000000E+00  0.279699E+03  0.280724E+03  0.755429E+00  0.210337E+00
2005   5  15   2.000  0.309400E+03  0.347670E+03  0.000000E+00  0.000000E+00  0.279918E+03  0.280360E+03  0.608599E+00  0.225906E+00
2005   5  15   3.000  0.317300E+03  0.346087E+03  0.000000E+00  0.000000E+00  0.279877E+03  0.280387E+03  0.387442E+00  0.118887E+00
2005   5  15   4.000  0.314800E+03  0.344721E+03  0.000000E+00  0.000000E+00  0.279605E+03  0.279866E+03  0.371544E+00  0.716693E-01
2005   5  15   5.000  0.327000E+03  0.344908E+03  0.210000E+01  0.891527E-01  0.279957E+03  0.280127E+03  0.254798E+00  0.778347E-01
2005   5  15   6.000  0.341000E+03  0.347520E+03  0.165000E+02  0.700486E+00  0.280094E+03  0.280064E+03  0.666096E+00  0.123213E+00
2005   5  15   7.000  0.333700E+03  0.348851E+03  0.115800E+03  0.491614E+01  0.281796E+03  0.279851E+03  0.235187E+00  0.848490E-01
2005   5  15   8.000  0.316300E+03  0.360691E+03  0.285200E+03  0.121078E+02  0.285667E+03  0.281994E+03  0.226912E+00  0.578388E-01
2005   5  15   9.000  0.300900E+03  0.372614E+03  0.670200E+03  0.284525E+02  0.288540E+03  0.283556E+03  0.738981E+00  0.219309E+00
2005   5  15  10.000  0.311700E+03  0.378701E+03  0.671500E+03  0.285077E+02  0.286120E+03  0.284581E+03  0.131780E+01  0.308489E+00
2005   5  15  11.000  0.318700E+03  0.383920E+03  0.785900E+03  0.333644E+02  0.287868E+03  0.285289E+03  0.150772E+01  0.353880E+00
2005   5  15  12.000  0.324200E+03  0.381476E+03  0.602300E+03  0.255699E+02  0.285703E+03  0.285060E+03  0.168153E+01  0.362654E+00
2005   5  15  13.000  0.341600E+03  0.376498E+03  0.377900E+03  0.160432E+02  0.284856E+03  0.284480E+03  0.185167E+01  0.379973E+00
2005   5  15  14.000  0.336500E+03  0.378032E+03  0.424600E+03  0.180258E+02  0.288188E+03  0.284655E+03  0.724878E+00  0.206647E+00
2005   5  15  15.000  0.335000E+03  0.377450E+03  0.411700E+03  0.174782E+02  0.285605E+03  0.284690E+03  0.124676E+01  0.283507E+00
2005   5  15  16.000  0.351500E+03  0.371781E+03  0.147600E+03  0.626616E+01  0.285320E+03  0.283845E+03  0.465107E+00  0.136075E+00
2005   5  15  17.000  0.350200E+03  0.366676E+03  0.899000E+02  0.381659E+01  0.283876E+03  0.283200E+03  0.625933E+00  0.156695E+00
2005   5  15  18.000  0.346700E+03  0.361734E+03  0.497000E+02  0.210995E+01  0.282674E+03  0.282473E+03  0.855849E+00  0.187657E+00
2005   5  15  19.000  0.342900E+03  0.357999E+03  0.249000E+02  0.105710E+01  0.282181E+03  0.281922E+03  0.669307E+00  0.152770E+00
2005   5  15  20.000  0.345100E+03  0.354958E+03  0.000000E+00  0.000000E+00  0.282313E+03  0.281365E+03  0.170041E+00  0.617559E-01
2005   5  15  21.000  0.342600E+03  0.353775E+03  0.000000E+00  0.000000E+00  0.282295E+03  0.281262E+03  0.849432E-01  0.251949E-01
2005   5  15  22.000  0.309700E+03  0.348791E+03  0.000000E+00  0.000000E+00  0.280986E+03  0.280915E+03  0.121010E+00  0.406756E-01
2005   5  15  23.000  0.276000E+03  0.342399E+03  0.000000E+00  0.000000E+00  0.279763E+03  0.279977E+03  0.421940E+00  0.632266E-01
2005   5  16   0.000  0.271400E+03  0.337510E+03  0.000000E+00  0.000000E+00  0.279486E+03  0.279327E+03  0.489342E+00  0.497112E-01
2005   5  16   1.000  0.306300E+03  0.338746E+03  0.000000E+00  0.000000E+00  0.279946E+03  0.279276E+03  0.222831E+00  0.568166E-01
2005   5  16   2.000  0.326900E+03  0.340621E+03  0.000000E+00  0.000000E+00  0.280065E+03  0.279424E+03  0.360827E+00  0.497738E-01
2005   5  16   3.000  0.321100E+03  0.340944E+03  0.000000E+00  0.000000E+00  0.280159E+03  0.279489E+03  0.138446E+00  0.486282E-01
2005   5  16   4.000  0.302400E+03  0.339924E+03  0.000000E+00  0.000000E+00  0.279657E+03  0.279642E+03  0.500323E+00  0.120455E+00
2005   5  16   5.000  0.333500E+03  0.342891E+03  0.800000E+00  0.339630E-01  0.280467E+03  0.279620E+03  0.129779E+00  0.485744E-01
2005   5  16   6.000  0.346500E+03  0.346434E+03  0.141000E+02  0.598597E+00  0.280886E+03  0.280007E+03  0.144533E+00  0.539120E-01
2005   5  16   7.000  0.365000E+03  0.351094E+03  0.273000E+02  0.115899E+01  0.281533E+03  0.280496E+03  0.882783E-01  0.178372E-01
2005   5  16   8.000  0.363600E+03  0.352568E+03  0.789000E+02  0.334960E+01  0.281443E+03  0.280414E+03  0.428789E+00  0.122079E+00
2005   5  16   9.000  0.349300E+03  0.360713E+03  0.173800E+03  0.737845E+01  0.284645E+03  0.281872E+03  0.191653E+00  0.477583E-01
2005   5  16  10.000  0.353800E+03  0.368773E+03  0.268000E+03  0.113776E+02  0.286574E+03  0.282940E+03  0.252866E+00  0.671168E-01
2005   5  16  11.000  0.365000E+03  0.362128E+03  0.978000E+02  0.415197E+01  0.282503E+03  0.281789E+03  0.323082E+00  0.968098E-01
2005   5  16  12.000  0.370800E+03  0.359712E+03  0.117300E+03  0.497982E+01  0.283737E+03  0.281390E+03  0.325996E+00  0.109714E+00
2005   5  16  13.000  0.358400E+03  0.354727E+03  0.771000E+02  0.327318E+01  0.281605E+03  0.280687E+03  0.430422E+00  0.123597E+00
2005   5  16  14.000  0.359000E+03  0.358757E+03  0.141000E+03  0.598597E+01  0.284451E+03  0.281410E+03  0.219500E+00  0.598195E-01
2005   5  16  15.000  0.358000E+03  0.352034E+03  0.461000E+02  0.195712E+01  0.280082E+03  0.280339E+03  0.128889E+01  0.274773E+00
2005   5  16  16.000  0.350100E+03  0.345894E+03  0.341000E+02  0.144767E+01  0.279255E+03  0.279324E+03  0.144836E+01  0.294479E+00
2005   5  16  17.000  0.342400E+03  0.339933E+03  0.113000E+02  0.479727E+00  0.278074E+03  0.278284E+03  0.105605E+01  0.219967E+00
2005   5  16  18.000  0.340600E+03  0.335186E+03  0.120000E+02  0.509444E+00  0.277256E+03  0.277376E+03  0.969411E+00  0.209474E+00
2005   5  16  19.000  0.339200E+03  0.324054E+03  0.174000E+02  0.740201E+00  0.275399E+03  0.273868E+03  0.101017E+01  0.206215E+00
2005   5  16  20.000  0.318400E+03  0.325559E+03  0.000000E+00  0.000000E+00  0.276288E+03  0.275157E+03  0.944568E+00  0.128786E+00
2005   5  16  21.000  0.295700E+03  0.329691E+03  0.000000E+00  0.000000E+00  0.276172E+03  0.277887E+03  0.118654E+01  0.231882E+00
2005   5  16  22.000  0.264800E+03  0.326532E+03  0.000000E+00  0.000000E+00  0.276411E+03  0.277514E+03  0.107438E+01  0.160635E+00
2005   5  16  23.000  0.252200E+03  0.322473E+03  0.000000E+00  0.000000E+00  0.275297E+03  0.276374E+03  0.631988E+00  0.668425E-01
2005   5  17   0.000  0.248400E+03  0.319781E+03  0.000000E+00  0.000000E+00  0.275285E+03  0.275956E+03  0.705256E+00  0.724006E-01
2005   5  17   1.000  0.247100E+03  0.316822E+03  0.000000E+00  0.000000E+00  0.275210E+03  0.275618E+03  0.630486E+00  0.640054E-01
2005   5  17   2.000  0.246400E+03  0.316871E+03  0.000000E+00  0.000000E+00  0.275394E+03  0.276082E+03  0.107134E+01  0.155924E+00
2005   5  17   3.000  0.247500E+03  0.317145E+03  0.000000E+00  0.000000E+00  0.275467E+03  0.276061E+03  0.107101E+01  0.161128E+00
2005   5  17   4.000  0.247800E+03  0.316197E+03  0.000000E+00  0.000000E+00  0.275668E+03  0.275314E+03  0.777010E+00  0.781371E-01
2005   5  17   5.000  0.247200E+03  0.315930E+03  0.850000E+01  0.360856E+00  0.275727E+03  0.275233E+03  0.778418E+00  0.781361E-01
2005   5  17   6.000  0.250300E+03  0.321027E+03  0.460000E+02  0.195287E+01  0.277176E+03  0.276066E+03  0.560394E+00  0.105030E+00
2005   5  17   7.000  0.256900E+03  0.335894E+03  0.214600E+03  0.911056E+01  0.279238E+03  0.278307E+03  0.210000E+00  0.394290E-01
2005   5  17   8.000  0.267900E+03  0.348662E+03  0.304800E+03  0.129399E+02  0.283926E+03  0.280069E+03  0.222644E+00  0.663249E-01
2005   5  17   9.000  0.279000E+03  0.354101E+03  0.200100E+03  0.849498E+01  0.282304E+03  0.280723E+03  0.149864E+00  0.359942E-01
2005   5  17  10.000  0.304500E+03  0.357840E+03  0.223700E+03  0.949689E+01  0.283362E+03  0.281487E+03  0.400611E+00  0.122973E+00
2005   5  17  11.000  0.303200E+03  0.364441E+03  0.362500E+03  0.153895E+02  0.284305E+03  0.282623E+03  0.919572E+00  0.225359E+00
2005   5  17  12.000  0.308700E+03  0.383884E+03  0.961900E+03  0.408362E+02  0.290014E+03  0.285213E+03  0.131015E+01  0.332061E+00
2005   5  17  13.000  0.319700E+03  0.389812E+03  0.890100E+03  0.377880E+02  0.287725E+03  0.285907E+03  0.142007E+01  0.333234E+00
2005   5  17  14.000  0.333100E+03  0.388549E+03  0.738700E+03  0.313605E+02  0.288069E+03  0.285831E+03  0.146781E+01  0.343343E+00
2005   5  17  15.000  0.337900E+03  0.379699E+03  0.417600E+03  0.177287E+02  0.285171E+03  0.284733E+03  0.140934E+01  0.306770E+00
2005   5  17  16.000  0.335900E+03  0.371146E+03  0.183400E+03  0.778601E+01  0.284360E+03  0.283756E+03  0.993248E+00  0.225470E+00
2005   5  17  17.000  0.337100E+03  0.369636E+03  0.174200E+03  0.739543E+01  0.284244E+03  0.283770E+03  0.132605E+01  0.275888E+00
2005   5  17  18.000  0.344800E+03  0.363853E+03  0.699000E+02  0.296751E+01  0.282933E+03  0.282690E+03  0.860956E+00  0.188021E+00
2005   5  17  19.000  0.319200E+03  0.356728E+03  0.850000E+01  0.360856E+00  0.282092E+03  0.281818E+03  0.211671E+00  0.616964E-01
2005   5  17  20.000  0.336700E+03  0.355259E+03  0.000000E+00  0.000000E+00  0.282351E+03  0.281539E+03  0.133269E+00  0.444862E-01
2005   5  17  21.000  0.327600E+03  0.352246E+03  0.000000E+00  0.000000E+00  0.281761E+03  0.281146E+03  0.775226E-01  0.275102E-01
2005   5  17  22.000  0.330700E+03  0.350650E+03  0.000000E+00  0.000000E+00  0.281543E+03  0.280875E+03  0.103024E+00  0.409237E-01
2005   5  17  23.000  0.333400E+03  0.348780E+03  0.000000E+00  0.000000E+00  0.280493E+03  0.280324E+03  0.386535E+00  0.915478E-01
2005   5  18   0.000  0.333000E+03  0.346401E+03  0.000000E+00  0.000000E+00  0.280482E+03  0.279783E+03  0.134789E+00  0.493361E-01
2005   5  18   1.000  0.342700E+03  0.345820E+03  0.000000E+00  0.000000E+00  0.280484E+03  0.279582E+03  0.138096E+00  0.489236E-01
2005   5  18   2.000  0.344100E+03  0.344923E+03  0.000000E+00  0.000000E+00  0.279642E+03  0.279438E+03  0.430083E+00  0.105082E+00
2005   5  18   3.000  0.344000E+03  0.343318E+03  0.000000E+00  0.000000E+00  0.278997E+03  0.279108E+03  0.896524E+00  0.180921E+00
2005   5  18   4.000  0.353100E+03  0.343214E+03  0.000000E+00  0.000000E+00  0.278968E+03  0.279011E+03  0.947069E+00  0.191538E+00
2005   5  18   5.000  0.351600E+03  0.342987E+03  0.000000E+00  0.000000E+00  0.278994E+03  0.278977E+03  0.754819E+00  0.159261E+00
2005   5  18   6.000  0.349100E+03  0.342070E+03  0.180000E+01  0.764166E-01  0.278711E+03  0.278786E+03  0.120461E+01  0.243520E+00
2005   5  18   7.000  0.349800E+03  0.342198E+03  0.351000E+02  0.149012E+01  0.278814E+03  0.278699E+03  0.912520E+00  0.195549E+00
2005   5  18   8.000  0.347500E+03  0.340462E+03  0.157000E+02  0.666523E+00  0.278251E+03  0.278389E+03  0.121496E+01  0.247219E+00
2005   5  18   9.000  0.346800E+03  0.339064E+03  0.314000E+02  0.133305E+01  0.277959E+03  0.278074E+03  0.123814E+01  0.249053E+00
2005   5  18  10.000  0.343100E+03  0.336747E+03  0.337000E+02  0.143069E+01  0.277479E+03  0.277623E+03  0.148127E+01  0.302039E+00
2005   5  18  11.000  0.342100E+03  0.335694E+03  0.370000E+02  0.157079E+01  0.277283E+03  0.277434E+03  0.124265E+01  0.249500E+00
2005   5  18  12.000  0.344200E+03  0.335383E+03  0.257000E+02  0.109106E+01  0.277320E+03  0.277376E+03  0.986607E+00  0.206171E+00
2005   5  18  13.000  0.345200E+03  0.336460E+03  0.527000E+02  0.223731E+01  0.278150E+03  0.277469E+03  0.553819E+00  0.143969E+00
2005   5  18  14.000  0.340600E+03  0.340293E+03  0.114800E+03  0.487368E+01  0.279295E+03  0.278168E+03  0.588259E+00  0.155073E+00
2005   5  18  15.000  0.337300E+03  0.340978E+03  0.878000E+02  0.372743E+01  0.278981E+03  0.278295E+03  0.558293E+00  0.143732E+00
2005   5  18  16.000  0.351800E+03  0.340709E+03  0.533000E+02  0.226278E+01  0.279167E+03  0.278077E+03  0.366868E+00  0.110215E+00
2005   5  18  17.000  0.349100E+03  0.338493E+03  0.890000E+01  0.377838E+00  0.278270E+03  0.277799E+03  0.345706E+00  0.973343E-01
2005   5  18  18.000  0.339900E+03  0.336682E+03  0.110000E+01  0.466991E-01  0.277623E+03  0.277679E+03  0.765939E+00  0.160340E+00
2005   5  18  19.000  0.347300E+03  0.334951E+03  0.000000E+00  0.000000E+00  0.277590E+03  0.277167E+03  0.401648E+00  0.110032E+00
2005   5  18  20.000  0.347200E+03  0.323443E+03  0.000000E+00  0.000000E+00  0.275749E+03  0.274463E+03  0.579631E+00  0.110579E+00
2005   5  18  21.000  0.337400E+03  0.320667E+03  0.000000E+00  0.000000E+00  0.275687E+03  0.274322E+03  0.586920E+00  0.579210E-01
2005   5  18  22.000  0.333300E+03  0.322907E+03  0.000000E+00  0.000000E+00  0.275669E+03  0.275744E+03  0.207104E+00  0.388275E-01
2005   5  18  23.000  0.330000E+03  0.326477E+03  0.000000E+00  0.000000E+00  0.275744E+03  0.276217E+03  0.503472E+00  0.968175E-01
2005   5  19   0.000  0.329000E+03  0.328305E+03  0.000000E+00  0.000000E+00  0.275734E+03  0.276821E+03  0.572533E+00  0.744818E-01
2005   5  19   1.000  0.307700E+03  0.326965E+03  0.000000E+00  0.000000E+00  0.275720E+03  0.276417E+03  0.419520E+00  0.427692E-01
2005   5  19   2.000  0.248500E+03  0.319584E+03  0.000000E+00  0.000000E+00  0.274193E+03  0.275552E+03  0.480770E+00  0.934625E-01
2005   5  19   3.000  0.244200E+03  0.314199E+03  0.000000E+00  0.000000E+00  0.273533E+03  0.274871E+03  0.406552E+00  0.426878E-01
2005   5  19   4.000  0.241600E+03  0.311155E+03  0.000000E+00  0.000000E+00  0.273783E+03  0.274315E+03  0.628672E+00  0.639338E-01
2005   5  19   5.000  0.241900E+03  0.311214E+03  0.101000E+02  0.428931E+00  0.274209E+03  0.274363E+03  0.481016E+00  0.914425E-01
2005   5  19   6.000  0.243200E+03  0.310779E+03  0.441000E+02  0.187344E+01  0.274950E+03  0.274335E+03  0.492888E-01  0.115685E-01
2005   5  19   7.000  0.249900E+03  0.326812E+03  0.212100E+03  0.901076E+01  0.278413E+03  0.276715E+03  0.301680E+00  0.964473E-01
2005   5  19   8.000  0.263200E+03  0.351551E+03  0.560900E+03  0.238123E+02  0.287333E+03  0.279996E+03  0.303553E+00  0.766674E-01
2005   5  19   9.000  0.271300E+03  0.358036E+03  0.536800E+03  0.227891E+02  0.285226E+03  0.280808E+03  0.379706E+00  0.133114E+00
2005   5  19  10.000  0.284700E+03  0.365360E+03  0.598000E+03  0.253873E+02  0.287806E+03  0.282062E+03  0.513501E+00  0.172074E+00
2005   5  19  11.000  0.298100E+03  0.372681E+03  0.744200E+03  0.315940E+02  0.286465E+03  0.283200E+03  0.106810E+01  0.276339E+00
2005   5  19  12.000  0.301500E+03  0.381527E+03  0.967600E+03  0.410782E+02  0.288022E+03  0.284529E+03  0.146828E+01  0.355616E+00
2005   5  19  13.000  0.306600E+03  0.388496E+03  0.101460E+04  0.430735E+02  0.289232E+03  0.285537E+03  0.134167E+01  0.334491E+00
2005   5  19  14.000  0.295100E+03  0.386707E+03  0.801300E+03  0.340181E+02  0.287868E+03  0.285630E+03  0.128405E+01  0.310848E+00
2005   5  19  15.000  0.298400E+03  0.387601E+03  0.719100E+03  0.305285E+02  0.288573E+03  0.286128E+03  0.134182E+01  0.320330E+00
2005   5  19  16.000  0.294800E+03  0.384582E+03  0.522800E+03  0.221948E+02  0.287137E+03  0.285975E+03  0.130051E+01  0.295757E+00
2005   5  19  17.000  0.290000E+03  0.375228E+03  0.254200E+03  0.107917E+02  0.285354E+03  0.284795E+03  0.100231E+01  0.225903E+00
2005   5  19  18.000  0.287300E+03  0.369292E+03  0.158300E+03  0.672042E+01  0.284754E+03  0.284103E+03  0.765298E+00  0.177676E+00
2005   5  19  19.000  0.275800E+03  0.359052E+03  0.265000E+02  0.112502E+01  0.282830E+03  0.282594E+03  0.204306E+00  0.838517E-01
2005   5  19  20.000  0.272600E+03  0.351355E+03  0.000000E+00  0.000000E+00  0.281261E+03  0.281365E+03  0.454474E+00  0.122901E+00
2005   5  19  21.000  0.268500E+03  0.345326E+03  0.000000E+00  0.000000E+00  0.280534E+03  0.280672E+03  0.488827E+00  0.164942E+00
2005   5  19  22.000  0.267600E+03  0.342458E+03  0.000000E+00  0.000000E+00  0.280921E+03  0.280014E+03  0.644407E+00  0.809066E-01
2005   5  19  23.000  0.269000E+03  0.340452E+03  0.000000E+00  0.000000E+00  0.281028E+03  0.279671E+03  0.746945E+00  0.781413E-01
2005   5  20   0.000  0.271100E+03  0.338256E+03  0.000000E+00  0.000000E+00  0.280888E+03  0.279309E+03  0.697994E+00  0.710570E-01
2005   5  20   1.000  0.269500E+03  0.339351E+03  0.000000E+00  0.000000E+00  0.281436E+03  0.279428E+03  0.910408E+00  0.923458E-01
2005   5  20   2.000  0.270300E+03  0.339244E+03  0.000000E+00  0.000000E+00  0.281257E+03  0.279355E+03  0.837378E+00  0.852191E-01
2005   5  20   3.000  0.268400E+03  0.340673E+03  0.000000E+00  0.000000E+00  0.280927E+03  0.279655E+03  0.976032E+00  0.170617E+00
2005   5  20   4.000  0.268600E+03  0.341669E+03  0.000000E+00  0.000000E+00  0.281334E+03  0.279665E+03  0.906669E+00  0.952151E-01
2005   5  20   5.000  0.268800E+03  0.341450E+03  0.133000E+02  0.564634E+00  0.281519E+03  0.279618E+03  0.392806E+00  0.742571E-01
2005   5  20   6.000  0.273600E+03  0.346047E+03  0.696000E+02  0.295478E+01  0.283040E+03  0.280272E+03  0.247430E+00  0.553548E-01
2005   5  20   7.000  0.281300E+03  0.360931E+03  0.206000E+03  0.874546E+01  0.286245E+03  0.282507E+03  0.104833E+00  0.414943E-01
2005   5  20   8.000  0.294400E+03  0.389040E+03  0.536700E+03  0.227849E+02  0.293599E+03  0.287254E+03  0.264382E+00  0.758919E-01
2005   5  20   9.000  0.299300E+03  0.402797E+03  0.702700E+03  0.298322E+02  0.293047E+03  0.288948E+03  0.549365E+00  0.171990E+00
2005   5  20  10.000  0.307000E+03  0.410403E+03  0.812600E+03  0.344979E+02  0.293505E+03  0.289959E+03  0.953597E+00  0.254030E+00
2005   5  20  11.000  0.315200E+03  0.414774E+03  0.834300E+03  0.354191E+02  0.293196E+03  0.290640E+03  0.116182E+01  0.288075E+00
2005   5  20  12.000  0.316500E+03  0.420825E+03  0.927600E+03  0.393800E+02  0.296011E+03  0.291469E+03  0.979404E+00  0.266612E+00
2005   5  20  13.000  0.321000E+03  0.428215E+03  0.891500E+03  0.378475E+02  0.297536E+03  0.292671E+03  0.691591E+00  0.209013E+00
2005   5  20  14.000  0.326900E+03  0.428743E+03  0.776900E+03  0.329823E+02  0.296623E+03  0.292884E+03  0.721069E+00  0.209295E+00
2005   5  20  15.000  0.319700E+03  0.428917E+03  0.704700E+03  0.299171E+02  0.297751E+03  0.293195E+03  0.594945E+00  0.185566E+00
2005   5  20  16.000  0.319900E+03  0.423920E+03  0.521600E+03  0.221438E+02  0.293869E+03  0.292850E+03  0.894424E+00  0.218358E+00
2005   5  20  17.000  0.317700E+03  0.415901E+03  0.289300E+03  0.122819E+02  0.292970E+03  0.292069E+03  0.810173E+00  0.192490E+00
2005   5  20  18.000  0.318100E+03  0.404595E+03  0.129200E+03  0.548502E+01  0.290857E+03  0.290393E+03  0.312167E+00  0.851595E-01
2005   5  20  19.000  0.313100E+03  0.392935E+03  0.244000E+02  0.103587E+01  0.288807E+03  0.288785E+03  0.250555E+00  0.486066E-01
2005   5  20  20.000  0.306900E+03  0.383488E+03  0.000000E+00  0.000000E+00  0.287720E+03  0.287125E+03  0.560102E+00  0.568285E-01
2005   5  20  21.000  0.300200E+03  0.376645E+03  0.000000E+00  0.000000E+00  0.286797E+03  0.286132E+03  0.636658E+00  0.100744E+00
2005   5  20  22.000  0.295200E+03  0.373632E+03  0.000000E+00  0.000000E+00  0.286923E+03  0.285705E+03  0.783446E+00  0.141824E+00
2005   5  20  23.000  0.312600E+03  0.375926E+03  0.000000E+00  0.000000E+00  0.286966E+03  0.285897E+03  0.734535E+00  0.155607E+00
2005   5  21   0.000  0.325400E+03  0.378840E+03  0.000000E+00  0.000000E+00  0.286013E+03  0.286356E+03  0.815295E+00  0.285611E+00
2005   5  21   1.000  0.323100E+03  0.373671E+03  0.000000E+00  0.000000E+00  0.285423E+03  0.285323E+03  0.488064E+00  0.850963E-01
2005   5  21   2.000  0.350500E+03  0.375343E+03  0.000000E+00  0.000000E+00  0.285797E+03  0.285453E+03  0.715138E+00  0.172921E+00
2005   5  21   3.000  0.343300E+03  0.371392E+03  0.000000E+00  0.000000E+00  0.284558E+03  0.284735E+03  0.361395E+00  0.140438E+00
2005   5  21   4.000  0.354400E+03  0.370867E+03  0.000000E+00  0.000000E+00  0.284946E+03  0.284642E+03  0.623689E+00  0.103799E+00
2005   5  21   5.000  0.337300E+03  0.368994E+03  0.950000E+01  0.403310E+00  0.285121E+03  0.284417E+03  0.273035E+00  0.507138E-01
2005   5  21   6.000  0.308800E+03  0.370894E+03  0.739000E+02  0.313733E+01  0.285902E+03  0.284841E+03  0.326716E+00  0.819678E-01
2005   5  21   7.000  0.337500E+03  0.381941E+03  0.152200E+03  0.646145E+01  0.288648E+03  0.286575E+03  0.147622E+00  0.495679E-01
2005   5  21   8.000  0.354500E+03  0.389259E+03  0.259500E+03  0.110167E+02  0.289542E+03  0.287264E+03  0.441607E+00  0.135026E+00
2005   5  21   9.000  0.362300E+03  0.388537E+03  0.212600E+03  0.902565E+01  0.287635E+03  0.286994E+03  0.750423E+00  0.180499E+00
2005   5  21  10.000  0.344200E+03  0.392831E+03  0.353500E+03  0.150074E+02  0.289996E+03  0.287807E+03  0.777229E+00  0.204086E+00
2005   5  21  11.000  0.346800E+03  0.396735E+03  0.425400E+03  0.180598E+02  0.289431E+03  0.288322E+03  0.118571E+01  0.271634E+00
2005   5  21  12.000  0.359100E+03  0.395272E+03  0.257700E+03  0.109403E+02  0.289072E+03  0.288131E+03  0.787572E+00  0.192877E+00
2005   5  21  13.000  0.361300E+03  0.400522E+03  0.304900E+03  0.129441E+02  0.293170E+03  0.289023E+03  0.299645E+00  0.109574E+00
2005   5  21  14.000  0.363500E+03  0.400867E+03  0.252300E+03  0.107111E+02  0.290496E+03  0.289130E+03  0.475194E+00  0.135778E+00
2005   5  21  15.000  0.350400E+03  0.406453E+03  0.416200E+03  0.176692E+02  0.292693E+03  0.290129E+03  0.821945E+00  0.215765E+00
2005   5  21  16.000  0.334300E+03  0.406684E+03  0.338700E+03  0.143791E+02  0.291943E+03  0.290256E+03  0.517965E+00  0.147815E+00
2005   5  21  17.000  0.347100E+03  0.396968E+03  0.987000E+02  0.419018E+01  0.288829E+03  0.288822E+03  0.492128E+00  0.110991E+00
2005   5  21  18.000  0.350600E+03  0.387369E+03  0.178000E+02  0.755676E+00  0.287436E+03  0.287423E+03  0.133519E+01  0.308614E+00
2005   5  21  19.000  0.355700E+03  0.378318E+03  0.130000E+01  0.551898E-01  0.285759E+03  0.285780E+03  0.164264E+01  0.361004E+00
2005   5  21  20.000  0.342200E+03  0.372921E+03  0.000000E+00  0.000000E+00  0.285034E+03  0.285088E+03  0.618982E+00  0.124751E+00
2005   5  21  21.000  0.354100E+03  0.377221E+03  0.000000E+00  0.000000E+00  0.286277E+03  0.285875E+03  0.142482E+01  0.282070E+00
2005   5  21  22.000  0.354900E+03  0.375822E+03  0.000000E+00  0.000000E+00  0.285637E+03  0.285496E+03  0.750902E+00  0.149664E+00
2005   5  21  23.000  0.367600E+03  0.376091E+03  0.000000E+00  0.000000E+00  0.285660E+03  0.285449E+03  0.105758E+01  0.209374E+00
2005   5  22   0.000  0.372900E+03  0.370452E+03  0.000000E+00  0.000000E+00  0.284042E+03  0.284171E+03  0.108892E+01  0.227796E+00
2005   5  22   1.000  0.349800E+03  0.364747E+03  0.000000E+00  0.000000E+00  0.283259E+03  0.283382E+03  0.528604E+00  0.119821E+00
2005   5  22   2.000  0.347200E+03  0.363627E+03  0.000000E+00  0.000000E+00  0.283517E+03  0.283748E+03  0.412779E+00  0.691753E-01
2005   5  22   3.000  0.355700E+03  0.363843E+03  0.000000E+00  0.000000E+00  0.283412E+03  0.283335E+03  0.397505E+00  0.866069E-01
2005   5  22   4.000  0.356100E+03  0.361893E+03  0.000000E+00  0.000000E+00  0.282698E+03  0.282837E+03  0.728630E+00  0.147766E+00
2005   5  22   5.000  0.366200E+03  0.359623E+03  0.000000E+00  0.000000E+00  0.282770E+03  0.282140E+03  0.226387E+00  0.739174E-01
2005   5  22   6.000  0.358900E+03  0.356889E+03  0.300000E+00  0.127361E-01  0.281835E+03  0.281755E+03  0.431155E+00  0.106622E+00
2005   5  22   7.000  0.361300E+03  0.356991E+03  0.320000E+02  0.135852E+01  0.282268E+03  0.281700E+03  0.449247E+00  0.119894E+00
2005   5  22   8.000  0.364100E+03  0.358415E+03  0.398000E+02  0.168966E+01  0.282514E+03  0.281947E+03  0.452679E+00  0.120817E+00
2005   5  22   9.000  0.368700E+03  0.360517E+03  0.827000E+02  0.351092E+01  0.283231E+03  0.282125E+03  0.477267E+00  0.133615E+00
2005   5  22  10.000  0.359700E+03  0.367548E+03  0.279000E+03  0.118446E+02  0.286091E+03  0.283088E+03  0.572591E+00  0.170265E+00
2005   5  22  11.000  0.362000E+03  0.373783E+03  0.384100E+03  0.163065E+02  0.285851E+03  0.283976E+03  0.949977E+00  0.238862E+00
2005   5  22  12.000  0.359100E+03  0.379590E+03  0.454000E+03  0.192740E+02  0.287060E+03  0.284925E+03  0.105705E+01  0.261971E+00
2005   5  22  13.000  0.336300E+03  0.387239E+03  0.615200E+03  0.261175E+02  0.288902E+03  0.286268E+03  0.115231E+01  0.285439E+00
2005   5  22  14.000  0.340200E+03  0.388433E+03  0.354500E+03  0.150498E+02  0.287881E+03  0.286811E+03  0.827479E+00  0.204882E+00
2005   5  22  15.000  0.362300E+03  0.380710E+03  0.849000E+02  0.360432E+01  0.285760E+03  0.285673E+03  0.760305E+00  0.168176E+00
2005   5  22  16.000  0.330700E+03  0.394659E+03  0.548300E+03  0.232774E+02  0.292529E+03  0.288104E+03  0.871610E+00  0.239276E+00
2005   5  22  17.000  0.347300E+03  0.386363E+03  0.221100E+03  0.938651E+01  0.286060E+03  0.286546E+03  0.129570E+01  0.300933E+00
2005   5  22  18.000  0.369500E+03  0.376642E+03  0.194000E+02  0.823602E+00  0.285580E+03  0.285015E+03  0.462486E+00  0.122551E+00
2005   5  22  19.000  0.366300E+03  0.362935E+03  0.180000E+01  0.764166E-01  0.282242E+03  0.282543E+03  0.135223E+01  0.285657E+00
2005   5  22  20.000  0.363700E+03  0.356110E+03  0.000000E+00  0.000000E+00  0.282516E+03  0.281343E+03  0.304423E+00  0.988380E-01
2005   5  22  21.000  0.362400E+03  0.353019E+03  0.000000E+00  0.000000E+00  0.282111E+03  0.280874E+03  0.252383E+00  0.862261E-01
2005   5  22  22.000  0.352400E+03  0.351117E+03  0.000000E+00  0.000000E+00  0.281922E+03  0.280695E+03  0.204546E+00  0.731898E-01
2005   5  22  23.000  0.350300E+03  0.349204E+03  0.000000E+00  0.000000E+00  0.280860E+03  0.280359E+03  0.391798E+00  0.106648E+00
2005   5  23   0.000  0.345400E+03  0.349270E+03  0.000000E+00  0.000000E+00  0.281753E+03  0.280461E+03  0.118234E+00  0.363156E-01
2005   5  23   1.000  0.338200E+03  0.348744E+03  0.000000E+00  0.000000E+00  0.280836E+03  0.280536E+03  0.298155E+00  0.801223E-01
2005   5  23   2.000  0.359100E+03  0.350184E+03  0.000000E+00  0.000000E+00  0.281689E+03  0.280601E+03  0.120727E+00  0.289590E-01
2005   5  23   3.000  0.359100E+03  0.349701E+03  0.000000E+00  0.000000E+00  0.280247E+03  0.280377E+03  0.887809E+00  0.181492E+00
2005   5  23   4.000  0.353100E+03  0.348167E+03  0.000000E+00  0.000000E+00  0.280105E+03  0.280109E+03  0.739705E+00  0.160743E+00
2005   5  23   5.000  0.359700E+03  0.347970E+03  0.000000E+00  0.000000E+00  0.281130E+03  0.279853E+03  0.145583E+00  0.471855E-01
2005   5  23   6.000  0.361000E+03  0.349249E+03  0.124000E+02  0.526426E+00  0.281332E+03  0.280460E+03  0.122138E+00  0.273542E-01
2005   5  23   7.000  0.360100E+03  0.348199E+03  0.155000E+02  0.658032E+00  0.280990E+03  0.279796E+03  0.205254E+00  0.730709E-01
2005   5  23   8.000  0.356100E+03  0.346105E+03  0.715000E+02  0.303544E+01  0.280656E+03  0.279199E+03  0.400064E+00  0.123369E+00
2005   5  23   9.000  0.357300E+03  0.347320E+03  0.124900E+03  0.530247E+01  0.280908E+03  0.279401E+03  0.561895E+00  0.157973E+00
2005   5  23  10.000  0.362200E+03  0.354866E+03  0.148400E+03  0.630013E+01  0.283729E+03  0.280965E+03  0.170894E+00  0.363777E-01
2005   5  23  11.000  0.357300E+03  0.349168E+03  0.135500E+03  0.575248E+01  0.280248E+03  0.279455E+03  0.648898E+00  0.170796E+00
2005   5  23  12.000  0.353900E+03  0.346055E+03  0.132000E+03  0.560389E+01  0.280781E+03  0.278978E+03  0.548336E+00  0.158926E+00
2005   5  23  13.000  0.351700E+03  0.344162E+03  0.126800E+03  0.538313E+01  0.280500E+03  0.278656E+03  0.491833E+00  0.147241E+00
2005   5  23  14.000  0.348600E+03  0.342816E+03  0.151300E+03  0.642324E+01  0.279396E+03  0.278476E+03  0.873710E+00  0.214376E+00
2005   5  23  15.000  0.346000E+03  0.346736E+03  0.194000E+03  0.823602E+01  0.281095E+03  0.279290E+03  0.719281E+00  0.191060E+00
2005   5  23  16.000  0.359000E+03  0.353082E+03  0.304700E+03  0.129356E+02  0.283562E+03  0.280014E+03  0.607076E+00  0.182397E+00
2005   5  23  17.000  0.337100E+03  0.348537E+03  0.787000E+02  0.334111E+01  0.279588E+03  0.279874E+03  0.110465E+01  0.231671E+00
2005   5  23  18.000  0.337000E+03  0.348162E+03  0.590000E+02  0.250477E+01  0.281166E+03  0.279918E+03  0.418735E+00  0.120921E+00
2005   5  23  19.000  0.350600E+03  0.346123E+03  0.110000E+01  0.466991E-01  0.279875E+03  0.279484E+03  0.410103E+00  0.109327E+00
2005   5  23  20.000  0.347400E+03  0.343579E+03  0.000000E+00  0.000000E+00  0.279894E+03  0.278998E+03  0.269687E+00  0.841097E-01
2005   5  23  21.000  0.332600E+03  0.341370E+03  0.000000E+00  0.000000E+00  0.278781E+03  0.278858E+03  0.133482E+01  0.272032E+00
2005   5  23  22.000  0.300300E+03  0.337793E+03  0.000000E+00  0.000000E+00  0.278333E+03  0.278490E+03  0.131686E+01  0.275870E+00
2005   5  23  23.000  0.322100E+03  0.338597E+03  0.000000E+00  0.000000E+00  0.278508E+03  0.278551E+03  0.706164E+00  0.132846E+00
2005   5  24   0.000  0.327500E+03  0.338858E+03  0.000000E+00  0.000000E+00  0.278771E+03  0.279068E+03  0.449457E+00  0.872047E-01
2005   5  24   1.000  0.324700E+03  0.338907E+03  0.000000E+00  0.000000E+00  0.278876E+03  0.279048E+03  0.544630E+00  0.942762E-01
2005   5  24   2.000  0.306900E+03  0.336196E+03  0.000000E+00  0.000000E+00  0.278345E+03  0.278603E+03  0.393001E+00  0.502096E-01
2005   5  24   3.000  0.285300E+03  0.332525E+03  0.000000E+00  0.000000E+00  0.277740E+03  0.278011E+03  0.400445E+00  0.710209E-01
2005   5  24   4.000  0.260000E+03  0.327413E+03  0.000000E+00  0.000000E+00  0.277539E+03  0.277365E+03  0.556157E+00  0.568136E-01
2005   5  24   5.000  0.256500E+03  0.326206E+03  0.143000E+02  0.607088E+00  0.277240E+03  0.277065E+03  0.627144E+00  0.755722E-01
2005   5  24   6.000  0.257800E+03  0.328836E+03  0.658000E+02  0.279345E+01  0.278686E+03  0.277598E+03  0.275225E+00  0.548130E-01
2005   5  24   7.000  0.277800E+03  0.343721E+03  0.199200E+03  0.845677E+01  0.282572E+03  0.279781E+03  0.924575E-01  0.263440E-01
2005   5  24   8.000  0.283100E+03  0.355224E+03  0.369700E+03  0.156951E+02  0.284108E+03  0.281168E+03  0.524478E+00  0.159271E+00
2005   5  24   9.000  0.287100E+03  0.375356E+03  0.529100E+03  0.224622E+02  0.290038E+03  0.283974E+03  0.271257E+00  0.653333E-01
2005   5  24  10.000  0.298000E+03  0.374314E+03  0.507600E+03  0.215495E+02  0.284858E+03  0.283971E+03  0.100249E+01  0.241197E+00
2005   5  24  11.000  0.314200E+03  0.389591E+03  0.997100E+03  0.423306E+02  0.291746E+03  0.286034E+03  0.122574E+01  0.322298E+00
2005   5  24  12.000  0.311600E+03  0.391259E+03  0.868600E+03  0.368753E+02  0.288291E+03  0.286140E+03  0.110033E+01  0.278342E+00
2005   5  24  13.000  0.322200E+03  0.397648E+03  0.920900E+03  0.390956E+02  0.291946E+03  0.287391E+03  0.120112E+01  0.311530E+00
2005   5  24  14.000  0.316400E+03  0.399606E+03  0.898500E+03  0.381446E+02  0.289780E+03  0.287790E+03  0.140983E+01  0.333536E+00
2005   5  24  15.000  0.310800E+03  0.397560E+03  0.763400E+03  0.324091E+02  0.291218E+03  0.287621E+03  0.105975E+01  0.277539E+00
2005   5  24  16.000  0.312200E+03  0.399185E+03  0.602400E+03  0.255741E+02  0.289959E+03  0.288540E+03  0.121560E+01  0.285445E+00
2005   5  24  17.000  0.299200E+03  0.388776E+03  0.326600E+03  0.138654E+02  0.287774E+03  0.287107E+03  0.104561E+01  0.238542E+00
2005   5  24  18.000  0.295300E+03  0.381014E+03  0.195600E+03  0.830394E+01  0.286601E+03  0.286237E+03  0.109146E+01  0.233709E+00
2005   5  24  19.000  0.288800E+03  0.369657E+03  0.363000E+02  0.154107E+01  0.284475E+03  0.284525E+03  0.322251E+00  0.741554E-01
2005   5  24  20.000  0.283000E+03  0.360800E+03  0.000000E+00  0.000000E+00  0.283308E+03  0.283409E+03  0.303883E+00  0.987142E-01
2005   5  24  21.000  0.281100E+03  0.354795E+03  0.000000E+00  0.000000E+00  0.282682E+03  0.282606E+03  0.373403E+00  0.102557E+00
2005   5  24  22.000  0.282500E+03  0.351041E+03  0.000000E+00  0.000000E+00  0.282241E+03  0.282111E+03  0.448746E+00  0.119707E+00
2005   5  24  23.000  0.281000E+03  0.349558E+03  0.000000E+00  0.000000E+00  0.282711E+03  0.281528E+03  0.666091E+00  0.781513E-01
2005   5  25   0.000  0.278400E+03  0.349798E+03  0.000000E+00  0.000000E+00  0.282578E+03  0.281507E+03  0.757349E+00  0.911953E-01
2005   5  25   1.000  0.276800E+03  0.351207E+03  0.000000E+00  0.000000E+00  0.282435E+03  0.281673E+03  0.820712E+00  0.179567E+00
2005   5  25   2.000  0.275200E+03  0.350128E+03  0.000000E+00  0.000000E+00  0.282329E+03  0.281649E+03  0.876951E+00  0.140679E+00
2005   5  25   3.000  0.274200E+03  0.348435E+03  0.000000E+00  0.000000E+00  0.282477E+03  0.281248E+03  0.472250E+00  0.909003E-01
2005   5  25   4.000  0.273500E+03  0.347616E+03  0.000000E+00  0.000000E+00  0.282463E+03  0.281043E+03  0.836204E+00  0.852474E-01
2005   5  25   5.000  0.274400E+03  0.348287E+03  0.960000E+01  0.407555E+00  0.283061E+03  0.281133E+03  0.834898E+00  0.852199E-01
2005   5  25   6.000  0.276600E+03  0.353122E+03  0.446000E+02  0.189343E+01  0.284258E+03  0.281852E+03  0.470067E+00  0.874673E-01
2005   5  25   7.000  0.285900E+03  0.368445E+03  0.212000E+03  0.900018E+01  0.287629E+03  0.283989E+03  0.139769E+00  0.485469E-01
2005   5  25   8.000  0.302400E+03  0.394222E+03  0.551600E+03  0.234175E+02  0.294860E+03  0.288152E+03  0.291783E+00  0.955541E-01
2005   5  25   9.000  0.307300E+03  0.405072E+03  0.708700E+03  0.300869E+02  0.290965E+03  0.289495E+03  0.109344E+01  0.263277E+00
2005   5  25  10.000  0.314300E+03  0.414086E+03  0.827800E+03  0.351432E+02  0.294972E+03  0.290673E+03  0.987994E+00  0.265262E+00
2005   5  25  11.000  0.320800E+03  0.421532E+03  0.907100E+03  0.385097E+02  0.294807E+03  0.291685E+03  0.101807E+01  0.266279E+00
2005   5  25  12.000  0.324200E+03  0.424617E+03  0.939800E+03  0.398980E+02  0.294902E+03  0.292176E+03  0.132801E+01  0.322401E+00
2005   5  25  13.000  0.326300E+03  0.425350E+03  0.913300E+03  0.387730E+02  0.294363E+03  0.292378E+03  0.147987E+01  0.344164E+00
2005   5  25  14.000  0.329600E+03  0.428828E+03  0.840200E+03  0.356696E+02  0.295230E+03  0.293300E+03  0.148711E+01  0.342726E+00
2005   5  25  15.000  0.327600E+03  0.427349E+03  0.703600E+03  0.298704E+02  0.294401E+03  0.293192E+03  0.147902E+01  0.330242E+00
2005   5  25  16.000  0.322400E+03  0.422276E+03  0.522600E+03  0.221863E+02  0.293589E+03  0.292806E+03  0.145862E+01  0.316613E+00
2005   5  25  17.000  0.319100E+03  0.415739E+03  0.323700E+03  0.137423E+02  0.292463E+03  0.292128E+03  0.134806E+01  0.279579E+00
2005   5  25  18.000  0.314700E+03  0.405469E+03  0.153600E+03  0.652089E+01  0.290844E+03  0.290680E+03  0.898067E+00  0.189119E+00
2005   5  25  19.000  0.309100E+03  0.395741E+03  0.361000E+02  0.153258E+01  0.289459E+03  0.289404E+03  0.346952E+00  0.609905E-01
2005   5  25  20.000  0.300400E+03  0.385123E+03  0.000000E+00  0.000000E+00  0.287902E+03  0.287577E+03  0.485468E+00  0.757845E-01
2005   5  25  21.000  0.298000E+03  0.378910E+03  0.000000E+00  0.000000E+00  0.287398E+03  0.286803E+03  0.694605E+00  0.120458E+00
2005   5  25  22.000  0.297000E+03  0.374037E+03  0.000000E+00  0.000000E+00  0.287110E+03  0.286007E+03  0.626443E+00  0.639150E-01
2005   5  25  23.000  0.296400E+03  0.372505E+03  0.000000E+00  0.000000E+00  0.286820E+03  0.285859E+03  0.815271E+00  0.143576E+00
2005   5  26   0.000  0.294900E+03  0.368940E+03  0.000000E+00  0.000000E+00  0.287065E+03  0.285200E+03  0.620611E+00  0.641751E-01
2005   5  26   1.000  0.293800E+03  0.372232E+03  0.000000E+00  0.000000E+00  0.287194E+03  0.285623E+03  0.980836E+00  0.161609E+00
2005   5  26   2.000  0.293800E+03  0.371898E+03  0.000000E+00  0.000000E+00  0.286995E+03  0.285492E+03  0.907706E+00  0.145365E+00
2005   5  26   3.000  0.293900E+03  0.373515E+03  0.000000E+00  0.000000E+00  0.286936E+03  0.285631E+03  0.979040E+00  0.161713E+00
2005   5  26   4.000  0.299100E+03  0.370000E+03  0.000000E+00  0.000000E+00  0.286820E+03  0.285052E+03  0.615021E+00  0.641653E-01
2005   5  26   5.000  0.307000E+03  0.374106E+03  0.333000E+02  0.141371E+01  0.287446E+03  0.285529E+03  0.910773E+00  0.142582E+00
2005   5  26   6.000  0.301400E+03  0.382386E+03  0.547000E+02  0.232222E+01  0.288386E+03  0.286917E+03  0.959182E+00  0.193744E+00
2005   5  26   7.000  0.306400E+03  0.396901E+03  0.213400E+03  0.905962E+01  0.292418E+03  0.288310E+03  0.386713E+00  0.101661E+00
2005   5  26   8.000  0.321700E+03  0.423218E+03  0.548100E+03  0.232689E+02  0.298728E+03  0.293037E+03  0.261968E+00  0.672872E-01
2005   5  26   9.000  0.328000E+03  0.431224E+03  0.703000E+03  0.298449E+02  0.296625E+03  0.293796E+03  0.635445E+00  0.185029E+00
2005   5  26  10.000  0.331300E+03  0.436604E+03  0.824100E+03  0.349861E+02  0.298728E+03  0.294400E+03  0.818921E+00  0.231861E+00
2005   5  26  11.000  0.336200E+03  0.442493E+03  0.905800E+03  0.384546E+02  0.298254E+03  0.295274E+03  0.965882E+00  0.255005E+00
2005   5  26  12.000  0.341000E+03  0.445718E+03  0.939400E+03  0.398810E+02  0.299746E+03  0.295582E+03  0.933053E+00  0.255638E+00
2005   5  26  13.000  0.346900E+03  0.450847E+03  0.918400E+03  0.389895E+02  0.298630E+03  0.296784E+03  0.124290E+01  0.299528E+00
2005   5  26  14.000  0.348900E+03  0.450237E+03  0.845300E+03  0.358861E+02  0.299583E+03  0.296507E+03  0.108802E+01  0.277343E+00
2005   5  26  15.000  0.350100E+03  0.447961E+03  0.728500E+03  0.309275E+02  0.298106E+03  0.296525E+03  0.108428E+01  0.265081E+00
2005   5  26  16.000  0.349700E+03  0.441929E+03  0.569200E+03  0.241646E+02  0.296931E+03  0.295833E+03  0.131143E+01  0.296169E+00
2005   5  26  17.000  0.342400E+03  0.435614E+03  0.383500E+03  0.162810E+02  0.295764E+03  0.295419E+03  0.132590E+01  0.281246E+00
2005   5  26  18.000  0.333400E+03  0.424681E+03  0.186300E+03  0.790912E+01  0.294086E+03  0.293918E+03  0.956951E+00  0.201072E+00
2005   5  26  19.000  0.326700E+03  0.413126E+03  0.355000E+02  0.150711E+01  0.292413E+03  0.292458E+03  0.297210E+00  0.735952E-01
2005   5  26  20.000  0.316700E+03  0.402168E+03  0.000000E+00  0.000000E+00  0.290544E+03  0.290618E+03  0.602323E+00  0.110561E+00
2005   5  26  21.000  0.311700E+03  0.397969E+03  0.000000E+00  0.000000E+00  0.290275E+03  0.290168E+03  0.680469E+00  0.105090E+00
2005   5  26  22.000  0.310200E+03  0.393510E+03  0.000000E+00  0.000000E+00  0.290212E+03  0.289457E+03  0.782637E+00  0.113511E+00
2005   5  26  23.000  0.307600E+03  0.390778E+03  0.000000E+00  0.000000E+00  0.290122E+03  0.289048E+03  0.869834E+00  0.140933E+00
2005   5  27   0.000  0.307700E+03  0.388974E+03  0.000000E+00  0.000000E+00  0.289745E+03  0.288687E+03  0.766854E+00  0.825483E-01
2005   5  27   1.000  0.305500E+03  0.386870E+03  0.000000E+00  0.000000E+00  0.289608E+03  0.288329E+03  0.764938E+00  0.789376E-01
2005   5  27   2.000  0.304100E+03  0.384840E+03  0.000000E+00  0.000000E+00  0.289407E+03  0.287981E+03  0.763527E+00  0.781249E-01
2005   5  27   3.000  0.303100E+03  0.383201E+03  0.000000E+00  0.000000E+00  0.289301E+03  0.287693E+03  0.762065E+00  0.781178E-01
2005   5  27   4.000  0.300100E+03  0.382576E+03  0.000000E+00  0.000000E+00  0.289037E+03  0.287561E+03  0.833649E+00  0.852572E-01
2005   5  27   5.000  0.296900E+03  0.380555E+03  0.154000E+02  0.653787E+00  0.288873E+03  0.287228E+03  0.688978E+00  0.710820E-01
2005   5  27   6.000  0.297400E+03  0.388112E+03  0.531000E+02  0.225429E+01  0.290174E+03  0.288309E+03  0.690558E+00  0.137208E+00
2005   5  27   7.000  0.306400E+03  0.405010E+03  0.238100E+03  0.101082E+02  0.294294E+03  0.290613E+03  0.204934E+00  0.823426E-01
2005   5  27   8.000  0.323800E+03  0.430202E+03  0.546100E+03  0.231840E+02  0.299803E+03  0.294281E+03  0.261648E+00  0.675386E-01
2005   5  27   9.000  0.332000E+03  0.437220E+03  0.698200E+03  0.296412E+02  0.296896E+03  0.294975E+03  0.777626E+00  0.207991E+00
2005   5  27  10.000  0.339900E+03  0.444620E+03  0.808100E+03  0.343068E+02  0.301189E+03  0.295809E+03  0.685485E+00  0.208675E+00
2005   5  27  11.000  0.344800E+03  0.451476E+03  0.891300E+03  0.378390E+02  0.298952E+03  0.296895E+03  0.996510E+00  0.254620E+00
2005   5  27  12.000  0.349900E+03  0.456161E+03  0.922300E+03  0.391550E+02  0.300722E+03  0.297601E+03  0.120018E+01  0.299558E+00
2005   5  27  13.000  0.355300E+03  0.458441E+03  0.896200E+03  0.380470E+02  0.300248E+03  0.297862E+03  0.104632E+01  0.266403E+00
2005   5  27  14.000  0.364900E+03  0.458642E+03  0.816300E+03  0.346549E+02  0.299941E+03  0.298134E+03  0.131426E+01  0.309905E+00
2005   5  27  15.000  0.371200E+03  0.454839E+03  0.661900E+03  0.281001E+02  0.298815E+03  0.297680E+03  0.130006E+01  0.297271E+00
2005   5  27  16.000  0.361200E+03  0.447680E+03  0.472200E+03  0.200466E+02  0.297707E+03  0.297071E+03  0.128665E+01  0.283700E+00
2005   5  27  17.000  0.350300E+03  0.439309E+03  0.320900E+03  0.136234E+02  0.296463E+03  0.296095E+03  0.121170E+01  0.258680E+00
2005   5  27  18.000  0.345000E+03  0.431259E+03  0.183700E+03  0.779874E+01  0.295333E+03  0.295180E+03  0.106337E+01  0.221424E+00
2005   5  27  19.000  0.335600E+03  0.420774E+03  0.467000E+02  0.198259E+01  0.293828E+03  0.293793E+03  0.192876E+00  0.737902E-01
2005   5  27  20.000  0.326600E+03  0.410463E+03  0.000000E+00  0.000000E+00  0.292190E+03  0.292093E+03  0.653840E+00  0.121403E+00
2005   5  27  21.000  0.321800E+03  0.404260E+03  0.000000E+00  0.000000E+00  0.291478E+03  0.291325E+03  0.667330E+00  0.120971E+00
2005   5  27  22.000  0.324000E+03  0.403070E+03  0.000000E+00  0.000000E+00  0.291885E+03  0.291093E+03  0.770343E+00  0.152143E+00
2005   5  27  23.000  0.322600E+03  0.398502E+03  0.000000E+00  0.000000E+00  0.291390E+03  0.290384E+03  0.624590E+00  0.639206E-01
2005   5  28   0.000  0.319200E+03  0.397054E+03  0.000000E+00  0.000000E+00  0.291047E+03  0.290187E+03  0.858686E+00  0.124956E+00
2005   5  28   1.000  0.319700E+03  0.398555E+03  0.000000E+00  0.000000E+00  0.290532E+03  0.290276E+03  0.866527E+00  0.189515E+00
2005   5  28   2.000  0.318800E+03  0.398746E+03  0.000000E+00  0.000000E+00  0.290579E+03  0.290216E+03  0.916408E+00  0.161093E+00
2005   5  28   3.000  0.318900E+03  0.399675E+03  0.000000E+00  0.000000E+00  0.290487E+03  0.290250E+03  0.937381E+00  0.202539E+00
2005   5  28   4.000  0.317400E+03  0.395265E+03  0.000000E+00  0.000000E+00  0.289872E+03  0.289604E+03  0.946743E+00  0.158271E+00
2005   5  28   5.000  0.314700E+03  0.391483E+03  0.140000E+02  0.594352E+00  0.289782E+03  0.289096E+03  0.324390E+00  0.622032E-01
2005   5  28   6.000  0.317800E+03  0.394221E+03  0.560000E+02  0.237741E+01  0.290771E+03  0.289435E+03  0.405205E+00  0.778867E-01
2005   5  28   7.000  0.327200E+03  0.409643E+03  0.221500E+03  0.940349E+01  0.294553E+03  0.291699E+03  0.175028E+00  0.440025E-01
2005   5  28   8.000  0.338800E+03  0.426222E+03  0.513500E+03  0.218000E+02  0.298767E+03  0.293819E+03  0.381321E+00  0.134096E+00
2005   5  28   9.000  0.341400E+03  0.434610E+03  0.660500E+03  0.280407E+02  0.296355E+03  0.294699E+03  0.966359E+00  0.240926E+00
2005   5  28  10.000  0.344200E+03  0.438376E+03  0.642700E+03  0.272850E+02  0.297499E+03  0.295331E+03  0.100476E+01  0.252433E+00
2005   5  28  11.000  0.352700E+03  0.442397E+03  0.680500E+03  0.288897E+02  0.298509E+03  0.295755E+03  0.864462E+00  0.230754E+00
2005   5  28  12.000  0.360900E+03  0.451128E+03  0.941600E+03  0.399744E+02  0.299925E+03  0.296844E+03  0.125256E+01  0.310830E+00
2005   5  28  13.000  0.365500E+03  0.453453E+03  0.910300E+03  0.386456E+02  0.298236E+03  0.297098E+03  0.152172E+01  0.343740E+00
2005   5  28  14.000  0.372800E+03  0.454925E+03  0.847200E+03  0.359668E+02  0.299644E+03  0.297524E+03  0.147583E+01  0.343143E+00
2005   5  28  15.000  0.368200E+03  0.452331E+03  0.681000E+03  0.289110E+02  0.298415E+03  0.297271E+03  0.116994E+01  0.275608E+00
2005   5  28  16.000  0.359800E+03  0.449231E+03  0.508500E+03  0.215877E+02  0.298763E+03  0.297362E+03  0.104806E+01  0.251050E+00
2005   5  28  17.000  0.363600E+03  0.444686E+03  0.384400E+03  0.163192E+02  0.297238E+03  0.296808E+03  0.119316E+01  0.259698E+00
2005   5  28  18.000  0.366200E+03  0.439630E+03  0.269200E+03  0.114285E+02  0.296763E+03  0.296288E+03  0.113959E+01  0.246078E+00
2005   5  28  19.000  0.376200E+03  0.429022E+03  0.722000E+02  0.306516E+01  0.294662E+03  0.294689E+03  0.544956E+00  0.121760E+00
2005   5  28  20.000  0.393800E+03  0.420562E+03  0.680000E+01  0.288685E+00  0.293448E+03  0.293386E+03  0.109597E+01  0.234926E+00
2005   5  28  21.000  0.386300E+03  0.398770E+03  0.000000E+00  0.000000E+00  0.288947E+03  0.289255E+03  0.231102E+01  0.525016E+00
2005   5  28  22.000  0.376700E+03  0.392671E+03  0.000000E+00  0.000000E+00  0.288781E+03  0.288878E+03  0.198338E+01  0.412404E+00
2005   5  28  23.000  0.319800E+03  0.390933E+03  0.000000E+00  0.000000E+00  0.288894E+03  0.289199E+03  0.632341E+00  0.206024E+00
2005   5  29   0.000  0.310200E+03  0.390311E+03  0.000000E+00  0.000000E+00  0.288694E+03  0.289135E+03  0.711169E+00  0.184099E+00
2005   5  29   1.000  0.310300E+03  0.388697E+03  0.000000E+00  0.000000E+00  0.288722E+03  0.289159E+03  0.713118E+00  0.207137E+00
2005   5  29   2.000  0.309700E+03  0.388529E+03  0.000000E+00  0.000000E+00  0.289165E+03  0.289045E+03  0.800864E+00  0.177335E+00
2005   5  29   3.000  0.309900E+03  0.386695E+03  0.000000E+00  0.000000E+00  0.289706E+03  0.288596E+03  0.399401E+00  0.752827E-01
2005   5  29   4.000  0.308800E+03  0.383550E+03  0.000000E+00  0.000000E+00  0.289077E+03  0.288059E+03  0.250142E+00  0.486066E-01
2005   5  29   5.000  0.308500E+03  0.384242E+03  0.144000E+02  0.611333E+00  0.289203E+03  0.288294E+03  0.839675E+00  0.129839E+00
2005   5  29   6.000  0.310900E+03  0.388429E+03  0.511000E+02  0.216938E+01  0.290759E+03  0.288663E+03  0.325997E+00  0.662607E-01
2005   5  29   7.000  0.321700E+03  0.405063E+03  0.229700E+03  0.975161E+01  0.293881E+03  0.290825E+03  0.462288E-01  0.134539E-01
2005   5  29   8.000  0.335300E+03  0.427041E+03  0.530400E+03  0.225174E+02  0.299831E+03  0.294088E+03  0.336515E+00  0.121801E+00
2005   5  29   9.000  0.340300E+03  0.437063E+03  0.684800E+03  0.290723E+02  0.296582E+03  0.295091E+03  0.973891E+00  0.240852E+00
2005   5  29  10.000  0.344800E+03  0.444859E+03  0.812000E+03  0.344724E+02  0.299013E+03  0.296209E+03  0.121042E+01  0.298160E+00
2005   5  29  11.000  0.352200E+03  0.452669E+03  0.894400E+03  0.379706E+02  0.299649E+03  0.297113E+03  0.109922E+01  0.276991E+00
2005   5  29  12.000  0.357200E+03  0.455986E+03  0.922700E+03  0.391720E+02  0.299520E+03  0.297625E+03  0.142364E+01  0.332759E+00
2005   5  29  13.000  0.362400E+03  0.459790E+03  0.923200E+03  0.391932E+02  0.300463E+03  0.298220E+03  0.134861E+01  0.321773E+00
2005   5  29  14.000  0.371200E+03  0.462853E+03  0.873800E+03  0.370960E+02  0.300628E+03  0.298739E+03  0.130577E+01  0.310336E+00
2005   5  29  15.000  0.368000E+03  0.461561E+03  0.740100E+03  0.314200E+02  0.300762E+03  0.298699E+03  0.106659E+01  0.264987E+00
2005   5  29  16.000  0.359300E+03  0.451449E+03  0.556800E+03  0.236382E+02  0.297575E+03  0.297540E+03  0.168616E+01  0.350072E+00
2005   5  29  17.000  0.351700E+03  0.444719E+03  0.365700E+03  0.155253E+02  0.297761E+03  0.297064E+03  0.129199E+01  0.280793E+00
2005   5  29  18.000  0.349500E+03  0.435901E+03  0.187800E+03  0.797280E+01  0.295910E+03  0.295904E+03  0.842550E+00  0.179139E+00
2005   5  29  19.000  0.345500E+03  0.424208E+03  0.304000E+02  0.129059E+01  0.294385E+03  0.294391E+03  0.135537E+00  0.617793E-01
2005   5  29  20.000  0.331400E+03  0.414176E+03  0.000000E+00  0.000000E+00  0.292334E+03  0.292941E+03  0.570156E+00  0.147817E+00
2005   5  29  21.000  0.321900E+03  0.406635E+03  0.000000E+00  0.000000E+00  0.291613E+03  0.291902E+03  0.620155E+00  0.120743E+00
2005   5  29  22.000  0.313700E+03  0.403237E+03  0.000000E+00  0.000000E+00  0.291207E+03  0.291527E+03  0.752940E+00  0.199189E+00
2005   5  29  23.000  0.310500E+03  0.401824E+03  0.000000E+00  0.000000E+00  0.291039E+03  0.291239E+03  0.849442E+00  0.198686E+00
2005   5  30   0.000  0.310900E+03  0.403486E+03  0.000000E+00  0.000000E+00  0.290259E+03  0.291342E+03  0.875639E+00  0.253384E+00
2005   5  30   1.000  0.315200E+03  0.399225E+03  0.000000E+00  0.000000E+00  0.290287E+03  0.290713E+03  0.800303E+00  0.140641E+00
2005   5  30   2.000  0.314200E+03  0.394780E+03  0.000000E+00  0.000000E+00  0.289820E+03  0.289900E+03  0.697287E+00  0.808901E-01
2005   5  30   3.000  0.329800E+03  0.396267E+03  0.000000E+00  0.000000E+00  0.290510E+03  0.290016E+03  0.769219E+00  0.152239E+00
2005   5  30   4.000  0.332000E+03  0.393687E+03  0.500000E+00  0.212268E-01  0.289338E+03  0.289718E+03  0.732033E+00  0.148007E+00
2005   5  30   5.000  0.316500E+03  0.391970E+03  0.271000E+02  0.115050E+01  0.288897E+03  0.289494E+03  0.687975E+00  0.161221E+00
2005   5  30   6.000  0.310700E+03  0.391970E+03  0.657000E+02  0.278921E+01  0.289530E+03  0.289537E+03  0.535309E+00  0.954541E-01
2005   5  30   7.000  0.315700E+03  0.400603E+03  0.238900E+03  0.101422E+02  0.291198E+03  0.290413E+03  0.123275E+01  0.260554E+00
2005   5  30   8.000  0.330100E+03  0.410949E+03  0.523400E+03  0.222203E+02  0.292129E+03  0.291420E+03  0.175403E+01  0.368058E+00
2005   5  30   9.000  0.356500E+03  0.414417E+03  0.465000E+03  0.197410E+02  0.292008E+03  0.291667E+03  0.166100E+01  0.347437E+00
2005   5  30  10.000  0.377600E+03  0.410597E+03  0.344100E+03  0.146083E+02  0.291106E+03  0.290978E+03  0.208669E+01  0.430415E+00
2005   5  30  11.000  0.377500E+03  0.408171E+03  0.343500E+03  0.145828E+02  0.290992E+03  0.290558E+03  0.159140E+01  0.335983E+00
2005   5  30  12.000  0.376100E+03  0.402854E+03  0.283300E+03  0.120271E+02  0.289818E+03  0.289772E+03  0.216730E+01  0.449608E+00
2005   5  30  13.000  0.370100E+03  0.393030E+03  0.916000E+02  0.388876E+01  0.288107E+03  0.288366E+03  0.136719E+01  0.286509E+00
2005   5  30  14.000  0.376000E+03  0.384782E+03  0.563000E+02  0.239014E+01  0.286726E+03  0.286945E+03  0.148766E+01  0.306685E+00
2005   5  30  15.000  0.372300E+03  0.381155E+03  0.105500E+03  0.447886E+01  0.286383E+03  0.286361E+03  0.232823E+01  0.482929E+00
2005   5  30  16.000  0.373500E+03  0.381221E+03  0.488000E+02  0.207174E+01  0.286479E+03  0.286590E+03  0.143068E+01  0.289304E+00
2005   5  30  17.000  0.387400E+03  0.382665E+03  0.522000E+02  0.221608E+01  0.286637E+03  0.286657E+03  0.129768E+01  0.259114E+00
2005   5  30  18.000  0.374800E+03  0.379133E+03  0.305000E+02  0.129484E+01  0.285866E+03  0.286068E+03  0.126370E+01  0.258916E+00
2005   5  30  19.000  0.378400E+03  0.373454E+03  0.170000E+01  0.721713E-01  0.284679E+03  0.284967E+03  0.140788E+01  0.291076E+00
2005   5  30  20.000  0.367100E+03  0.362972E+03  0.000000E+00  0.000000E+00  0.282553E+03  0.282982E+03  0.188781E+01  0.398494E+00
2005   5  30  21.000  0.352300E+03  0.353435E+03  0.000000E+00  0.000000E+00  0.280827E+03  0.281364E+03  0.186237E+01  0.387954E+00
2005   5  30  22.000  0.353000E+03  0.350615E+03  0.000000E+00  0.000000E+00  0.281116E+03  0.280907E+03  0.556739E+00  0.141532E+00
2005   5  30  23.000  0.351100E+03  0.348004E+03  0.000000E+00  0.000000E+00  0.280169E+03  0.280414E+03  0.772070E+00  0.174267E+00
2005   5  31   0.000  0.339800E+03  0.345594E+03  0.000000E+00  0.000000E+00  0.279935E+03  0.280084E+03  0.643934E+00  0.151509E+00
2005   5  31   1.000  0.340900E+03  0.345801E+03  0.000000E+00  0.000000E+00  0.280125E+03  0.280208E+03  0.584423E+00  0.139343E+00
2005   5  31   2.000  0.355000E+03  0.347841E+03  0.000000E+00  0.000000E+00  0.281420E+03  0.281188E+03  0.924575E-01  0.185305E-01
2005   5  31   3.000  0.351700E+03  0.347767E+03  0.000000E+00  0.000000E+00  0.281176E+03  0.281050E+03  0.123467E+00  0.268969E-01
2005   5  31   4.000  0.327100E+03  0.345870E+03  0.000000E+00  0.000000E+00  0.280573E+03  0.280933E+03  0.462288E-01  0.100758E-01
2005   5  31   5.000  0.334000E+03  0.344439E+03  0.400000E+01  0.169815E+00  0.280523E+03  0.279627E+03  0.169738E+00  0.609088E-01
2005   5  31   6.000  0.339500E+03  0.345013E+03  0.509000E+02  0.216089E+01  0.281272E+03  0.279530E+03  0.233428E+00  0.856070E-01
2005   5  31   7.000  0.340600E+03  0.351275E+03  0.122300E+03  0.519209E+01  0.283150E+03  0.281031E+03  0.193372E+00  0.479937E-01
2005   5  31   8.000  0.333600E+03  0.359785E+03  0.214900E+03  0.912330E+01  0.285226E+03  0.282468E+03  0.201644E+00  0.447711E-01
2005   5  31   9.000  0.328300E+03  0.361276E+03  0.305400E+03  0.129654E+02  0.285059E+03  0.281932E+03  0.455013E+00  0.148258E+00
2005   5  31  10.000  0.306400E+03  0.370597E+03  0.553200E+03  0.234854E+02  0.287131E+03  0.283699E+03  0.885899E+00  0.240402E+00
2005   5  31  11.000  0.328100E+03  0.383075E+03  0.751200E+03  0.318912E+02  0.288935E+03  0.285353E+03  0.110773E+01  0.286982E+00
2005   5  31  12.000  0.332700E+03  0.386354E+03  0.710200E+03  0.301506E+02  0.288341E+03  0.285774E+03  0.114249E+01  0.288018E+00
2005   5  31  13.000  0.334800E+03  0.391032E+03  0.855700E+03  0.363276E+02  0.289768E+03  0.286416E+03  0.134768E+01  0.333508E+00
2005   5  31  14.000  0.334600E+03  0.385866E+03  0.558500E+03  0.237104E+02  0.286760E+03  0.285906E+03  0.128538E+01  0.297755E+00
2005   5  31  15.000  0.339200E+03  0.383181E+03  0.427300E+03  0.181405E+02  0.288556E+03  0.285693E+03  0.852095E+00  0.229570E+00
2005   5  31  16.000  0.345000E+03  0.377688E+03  0.234800E+03  0.996813E+01  0.285500E+03  0.285113E+03  0.980619E+00  0.226709E+00
2005   5  31  17.000  0.353100E+03  0.372432E+03  0.908000E+02  0.385480E+01  0.285159E+03  0.284476E+03  0.733846E+00  0.178408E+00
2005   5  31  18.000  0.348100E+03  0.369060E+03  0.591000E+02  0.250901E+01  0.284764E+03  0.284076E+03  0.560846E+00  0.144184E+00
2005   5  31  19.000  0.345800E+03  0.365455E+03  0.117000E+02  0.496708E+00  0.284359E+03  0.283565E+03  0.276094E+00  0.863692E-01
2005   5  31  20.000  0.340500E+03  0.362723E+03  0.000000E+00  0.000000E+00  0.284314E+03  0.283194E+03  0.115259E+00  0.368554E-01
2005   5  31  21.000  0.333900E+03  0.359548E+03  0.000000E+00  0.000000E+00  0.283370E+03  0.282669E+03  0.174939E+00  0.602313E-01
2005   5  31  22.000  0.328400E+03  0.357270E+03  0.000000E+00  0.000000E+00  0.283087E+03  0.282471E+03  0.136397E+00  0.455637E-01
2005   5  31  23.000  0.317800E+03  0.353090E+03  0.000000E+00  0.000000E+00  0.282106E+03  0.281560E+03  0.135112E+00  0.492562E-01
2005   5  31  24.000  0.317800E+03  0.351169E+03  0.000000E+00  0.000000E+00  0.281982E+03  0.281855E+03  0.132953E+00  0.517758E-01
